제목,작성자유형,평점,리뷰
스파이더맨: 브랜드 뉴 데이,실관람객,10.0,관람객
스파이더맨: 브랜드 뉴 데이,네티즌,10.0,역시 미국은 돈 잘쓰는 방법을 알고있음. 이래서 헐리웃 영화를 보는거였구나. 액션쾌감 스릴 미쳤고 빨간닌자들 액션 역대급이네 ㄷㄷㄷ 무조건 강추
스파이더맨: 브랜드 뉴 데이,네티즌,10.0,마블의 멈췄던 시계가 돌아가기 시작했다
스파이더맨: 브랜드 뉴 데이,네티즌,10.0,홍명보 감독님만 아니면 됩니다
스파이더맨: 브랜드 뉴 데이,네티즌,10.0,스파이더맨 시리즈 중에서 연출 액션 측면에서 제일인듯 싶습니다! 역시는 역시
스파이더맨: 브랜드 뉴 데이,네티즌,10.0,천만은 기본으로 가겠군~~
스파이더맨: 브랜드 뉴 데이,네티즌,10.0,스파이더맨 영화 최초로 액션과 스토리를 모두 잡은 육각형 영화
스파이더맨: 브랜드 뉴 데이,네티즌,10.0,우리가 사랑했던 그 ‘스파이더’맨
스파이더맨: 브랜드 뉴 데이,네티즌,10.0,스파이더맨의 완벽한 탈피 두려움에서의 극복
스파이더맨: 브랜드 뉴 데이,네티즌,10.0,베크나가 되어버린 맥스는 예쁘고 등급 내려간 퍼니셔는 겁나 귀여움 ㅋㅋ
스파이더맨: 브랜드 뉴 데이,네티즌,10.0,무의식 피터 파커는 강하다
스파이더맨: 브랜드 뉴 데이,네티즌,10.0,거미가 이렇게 잼 있을줄 이야... 피서 멀리갈 필요 없습니다.. 시원 시원 합니다.~
스파이더맨: 브랜드 뉴 데이,네티즌,10.0,스파이더맨이 스파이더맨 했다. 명불허전.
스파이더맨: 브랜드 뉴 데이,네티즌,10.0,그래 마블아 이제 정신 차렸구나.. 둠스데이까지 이거 이어가보자
스파이더맨: 브랜드 뉴 데이,네티즌,10.0,마블은 이게 끝이 아니라 시작입니다
스파이더맨: 브랜드 뉴 데이,네티즌,10.0,마블의 완벽한 부활 어벤져스가 기대됨
스파이더맨: 브랜드 뉴 데이,네티즌,10.0,재밌게 봤습니다 추천!!
스파이더맨: 브랜드 뉴 데이,네티즌,10.0,피터와 mj 그리고 네드와의 애잔한 서사와 강렬한 액션을 모두 담은 올해 최고의 영화. 톰스파중에서도 단연코 베스트..
스파이더맨: 브랜드 뉴 데이,네티즌,10.0,피터의 '인간적' 측면을 가장 잘 살린 스파이더맨 영화.
스파이더맨: 브랜드 뉴 데이,네티즌,10.0,올 여름 승자는 정해졌다. 울컥하더라 역시 기다린 보람이 있다.
스파이더맨: 브랜드 뉴 데이,네티즌,10.0,이제부터 다시 부활해보자 마블
스파이더맨: 브랜드 뉴 데이,네티즌,10.0,"""진짜 존나 재밌습니다 """
스파이더맨: 브랜드 뉴 데이,네티즌,10.0,"여름 휴가를 맞아 남편, 20대 아들과 함께 《스파이더맨: 브랜드 뉴 데이》를 보고 왔습니다. 홀로서기를 하며 한층 성숙해진 피터 파커의 모습이 아들을 둔 엄마 입장에서 한편으론 안쓰럽고 대견하게 와닿더군요. 20대 아들은 박진감 넘치는 액션에 눈을 떼지 못했고, 남편도 오랜만에 몰입하며 즐겼습니다. 온 가족이 함께 공감하고 즐기기에 더할 나위 없었던 휴가철 최고의 선택이었습니다."
스파이더맨: 브랜드 뉴 데이,네티즌,10.0,애기 스파이디 많이 성숙해진게 느껴지는 영화 헐크 퍼니셔등 다른 케릭터들도 나오니까 100배 더 잼났음!
스파이더맨: 브랜드 뉴 데이,네티즌,10.0,이게 스파이더맨이지 정말 재미있습니다
스파이더맨: 브랜드 뉴 데이,네티즌,10.0,쩔었다 3편은 다시 보고가는걸 추천합니다 감정선이 그대로 이어집니다
스파이더맨: 브랜드 뉴 데이,네티즌,10.0,호프으으으으는 이거 보면서 반성해라 (비추 하는 분들은 삼류영화를 좋아하시는 분들이군요.)
스파이더맨: 브랜드 뉴 데이,네티즌,10.0,"영화를 보는데 울컥했습니다ㅠ 새로운 스파이더맨이 탄생과 안타까운 영웅의 서사를 보며, 다시 한번 스토리의 힘을 느꼈습니다. 결국 사람의 마음을 움직이는 것은 화려한 기술이나 액션을 넘어 공감할 수 있는 이야기네요."
스파이더맨: 브랜드 뉴 데이,네티즌,10.0,Exactly brand new day Brand new spider!!
스파이더맨: 브랜드 뉴 데이,네티즌,10.0,"피터야, 너 이제 어른이구나"
스파이더맨: 브랜드 뉴 데이,네티즌,10.0,"전편보다는 조금 아쉬웠는데 스파이더맨이라는 존재가 가진 고독과 책임, 그리고 초능력자로서 감당해야 하는 외로움을 깊이 있게 보여줘서 인상적이었음뉴욕중심의 진짜의 스파이더맨의 영화라는 느낌을 받을 수 있었음 꼭 보길 추천드립니다"
스파이더맨: 브랜드 뉴 데이,네티즌,10.0,봐봐봐봐 보라고. 좀 봐 !!! 제발 봐..
스파이더맨: 브랜드 뉴 데이,네티즌,10.0,영화의 주인공은 스파이더맨이 아니라 피터파커였다.
스파이더맨: 브랜드 뉴 데이,네티즌,9.0,화려한 액션 사이사이 버무려진 휴먼 드라마
스파이더맨: 브랜드 뉴 데이,네티즌,10.0,기대했는데 기대만큼 재밌었습니다
스파이더맨: 브랜드 뉴 데이,네티즌,10.0,믿고 보는 스파이더맨 시리즈
스파이더맨: 브랜드 뉴 데이,네티즌,10.0,복학인 줄 알았는데 입학이었네?
스파이더맨: 브랜드 뉴 데이,네티즌,10.0,진짜 마지막으로 딱 한번만 더 믿어본다
스파이더맨: 브랜드 뉴 데이,네티즌,10.0,최고! 말이 필요없음!!
스파이더맨: 브랜드 뉴 데이,네티즌,6.0,"서사가 너무길어요영화의 8할이 대화고 2가 액션입니다,초반에 보다 졸았어요~ 대실망입니다,"
스파이더맨: 브랜드 뉴 데이,네티즌,10.0,"극장 나오자마자 가슴이 턱 막히면서도 온몸에 전율이 흘렀습니다. 멀티버스니 우주니 하는 거대 서사에 지쳐갈 때쯤, 비구름 자욱한 뉴욕의 낡은 아파트 단지로 우리를 끌어내리는 연출이 정말 신의 한 수네요!모두의 기억에서 잊혀진 피터 파커가 손때 묻은 낡은 슈트를 수선해 입고 빗속을 거침없이 가로지를 때, 그 지독하도록 외롭고도 숭고한 액션에 소름이 돋았습니다. 톰 홀랜드의 눈빛에 담긴 깊은 고독과 영웅으로서의 단단한 결의는 단연 역대 최고입니다. 스파이더맨이라는 캐릭터의 가장 쓸쓸하면서도 찬란한 본질을 마주하고 온 기분입니다!"
스파이더맨: 브랜드 뉴 데이,네티즌,10.0,마블은 스파이더맨이 먹여살린다
스파이더맨: 브랜드 뉴 데이,네티즌,10.0,"생각보다 훨씬 재밌게 봤어요! 액션 장면 시원시원하구 영상미도 좋아서 몰입감이 끝까지 유지됨. MJ, 네드 함께하는 감정선이 인상 깊었음.. 빌런도 존재감이 확실해서 보는 재미가 있었고, 스파이더맨 좋아한다면 N차 관람 강추 ㅎㅎ"
스파이더맨: 브랜드 뉴 데이,네티즌,8.0,시리즈중 가장 밋밋한 액션과 볼거리지만 시리중 가장 깊이있는 연기와 스토리. 역시 믿고보는 스파이더맨
스파이더맨: 브랜드 뉴 데이,네티즌,10.0,"생각했던 것보다 훨씬 재미있게 봤어요! 액션 장면도 다양해서 보는 내내 지루할 틈이 없었고, 특히 피터의 감정선이 잘 느껴지는 장면들이 많아서 더 몰입해서 볼 수 있었던 것 같아요. MJ랑 네드와 함께하는 장면들도 좋았고 세 사람의 관계성을 보는 재미도 있었어요. 단순히 액션만 계속 나오는 영화가 아니라 캐릭터들의 감정이나 관계도 잘 보여줘서 더 좋았습니다. 영상미도 예쁘고 액션 장면들은 확실히 영화관에서 보니까 더 실감 나고 좋더라고요. 스포 없이 쓰려니까 자세하게 말하기는 어렵지만 끝까지 집중해서 재미있게 봤고, 보고 나서도 기억에 남는 장면들이 꽤 많았어요. 오랜만에 영화관에서 만족스럽게 본 영화라 주변에도 추천하고 싶어요!"
스파이더맨: 브랜드 뉴 데이,네티즌,10.0,전작과는 또 다른 매력의 스파이더맨! 액션도 시원하고 감정선도 좋아서 2시간이 금방 지나갔다. 새로운 시리즈의 출발점으로 기대 이상이었다.
스파이더맨: 브랜드 뉴 데이,네티즌,10.0,"더 큰 도약을 위한 웅크림 단계, 이러면 난 둠스데이에 큰 기대를 걸 수 밖에 없다.."
스파이더맨: 브랜드 뉴 데이,네티즌,8.0,좀 더 잘만들수 있지 않을까 하는 아쉬움매력적인 적들과 액션이 난무하지만 최종 보스들이 더 직관적이고 물리적이았으면 하는 바람? 진은 너무 서사가 단순했고 기존 Mcu 썬더볼츠나 완다비전에 나온 정신조종과 다를 바 없는 유치한 설정 그래도 너무 매력적인 액션 신과 카메라 구도 헐크와 스파이더맨의 격돌 씬은 훌륭했다
스파이더맨: 브랜드 뉴 데이,네티즌,10.0,마블을 살렸다 다음영화를 기대하게 만드는 엔딩
스파이더맨: 브랜드 뉴 데이,네티즌,10.0,스파이더맨은 성인으로 성장했고 친절하고 마음이 따뜻한 이웃이 되었다
스파이더맨: 브랜드 뉴 데이,네티즌,10.0,"연출이 미쳤고, 빌런 개연성도 엥스럽지 않아서 좋았음"
스파이더맨: 브랜드 뉴 데이,네티즌,10.0,다양한 액션과 특히 피터의 감정선 때문에 스파이더맨을 보는데 이번에도 너무 좋았어요 재밌어요
스파이더맨: 브랜드 뉴 데이,네티즌,10.0,매우매우매우매우매우 재밌습니다
스파이더맨: 브랜드 뉴 데이,네티즌,10.0,역시 믿고 보는 스파이더맨이예요! 스토리 짱짱하고 액션씬이 완전 흥미진진해요~ 연기력도 좋고 가족들과 함께 보기 좋습니다
스파이더맨: 브랜드 뉴 데이,네티즌,6.0,피곤할때 봐서 그런가? 빌런이 별로여서? 나이를 먹어서? 영화에 빠져들지 못하고 지루하게 봤습니다.
스파이더맨: 브랜드 뉴 데이,네티즌,6.0,나만 아쉬움? 재밌긴 한데 스토리 진행이 너무 찔끔임 ㄷㄷ. 이 상태로 또 몇 년 기다릴 생각하니까 짜증남. 스토리 진행이 너무 느림; 가뜩이나 스파이더맨 최초 4인데. 생략할 부분은 생략하고 스토리 진행 좀 해주지
스파이더맨: 브랜드 뉴 데이,네티즌,2.0,스토리 짜집기 엉성하다이대로 마블 일어설수 있는가?
스파이더맨: 브랜드 뉴 데이,네티즌,6.0,"확실히 전편보다는 조금.. 스토리, 인물의 개연성이 떨어지고 영상미는 확실히 있음. 6.5점 정도"
스파이더맨: 브랜드 뉴 데이,네티즌,5.0,액션 비중을 더 넣었으면 어땠을까 싶더라
스파이더맨: 브랜드 뉴 데이,네티즌,7.0,액션물로 기대하면 안되고 주인공의 성장드라마로 봐야 재밌음
스파이더맨: 브랜드 뉴 데이,네티즌,10.0,딸이랑 방학이라 보고왔는데 재미있었어요 딸이 역시 마블이라네요
스파이더맨: 브랜드 뉴 데이,네티즌,1.0,인생 최악의 영화. 등장인물 매력도 없고 이해도 안되고 개연성이라고는 개나 줘버림. 제작진도 영화 재미없는 거 아니까 추억팔이 함. 그래도 꽤 괜찮은 장면이 아예 없는 건 아님. 저혈압으로 인해 고통받는 사람에게만 치료 목적으로 추천할 영화.
스파이더맨: 브랜드 뉴 데이,네티즌,5.0,마블 영화 처음으로 별 만점이 아닌 점수로 평점 매김... 감성 80 액션 20... 눈요기 영화는 액션이 늘 그렇듯 정신없이 쏟아지면서 내리 꽂아야하는데 마지막 닌자들과의 액션만 남았고 여기에 돈 다 쓴듯 다음번을 기대할게 쿠키영상이 어떤 의미를 말하는지 알아야겠다 암튼 이런 시리즈물은 의리로 봐야 ㅋㅋ 그나저나 워킹데드 셰인 캐릭터 연기 한 배우나와서 반갑네 ㅋㅋ
스파이더맨: 브랜드 뉴 데이,네티즌,6.0,난솔족히 별로 영웅들의 고뇌 내면이런거는 그냥적당히 했으면좋겟다 히어로물은 히어로물일뿐이다
스파이더맨: 브랜드 뉴 데이,네티즌,10.0,”큰 책임을 홀로 질 필요는 없다“자신을 지키기 위해 싸워가는 이 시대에 함께 싸워가는 방법을 알려주는 영화
스파이더맨: 브랜드 뉴 데이,네티즌,4.0,아니 어떻게 예고편에 나온 액션이 전부 다야 이러면 영화관에 가는 의미가 없지 적어도 악당들 소개 짧게 하고 액션 시퀀스 조금만 넣던가 슬로우 모션 보여주고 끝나고말야 톰이 신장이 짧아서 그런지 화려하기보다 어린애가 춤추는 느낌에다 역대 스파이더맨중 가장 아크로바틱하지 않아서 심심하고 스파이더센서는 얼마나 허접한지 좌우로 피하고 끝나네 그리고 무슨 애들이 나만 믿고 따라와 하면 다 따라가
스파이더맨: 브랜드 뉴 데이,네티즌,1.0,진그레이 발사대.매우 실망함
스파이더맨: 브랜드 뉴 데이,네티즌,6.0,퍼니셔 캐릭터 이상하게 바꼈고 영화 장르가 대체 뭔지 난잡하다
스파이더맨: 브랜드 뉴 데이,네티즌,4.0,나만 ㄹㅇ 보통 그랬나? 재미가 있지도 없지도 않음. 예고편보고 많이 기대했는데. 진그레이도 딱히 서사가 많이 부족한느낌. 아니면 전작 삼스파를 너무 잘만들어서 그럴수도.
스파이더맨: 브랜드 뉴 데이,네티즌,6.0,마블의 늘 먹던맛이라그런가 대부분을 졸면서봄 액션은 잘뽑아주지만 스토리가 집중이 안되서 힘들었음
스파이더맨: 브랜드 뉴 데이,네티즌,9.0,퍼니셔 좀 생뚱맞았지만 오랜만에 잘 나온 마블영화 스파이더맨만이라도 망가지지 않아서 다행이다 ㅠ
스파이더맨: 브랜드 뉴 데이,네티즌,10.0,너무 너무 재밌어요! 최고!
스파이더맨: 브랜드 뉴 데이,네티즌,10.0,"액션은 기대이상이고, 서사에선 울컥함. 마블의 희망 스파이더맨!"
스파이더맨: 브랜드 뉴 데이,네티즌,10.0,진짜개재밌게봤어요무조건추천
스파이더맨: 브랜드 뉴 데이,네티즌,10.0,"연출, 액션, 캐릭터 관계성은 시리즈 통틀어 1등임.. 한번 더 봐야지"
스파이더맨: 브랜드 뉴 데이,네티즌,10.0,혼자서 싸우는 피터의 외로운 감정선이 인상 깊었고 액션과 영상미도 뛰어나 몰입감이 높아 추천하고 싶은 작품입니다.
스파이더맨: 브랜드 뉴 데이,네티즌,6.0,알바 리뷰 속지마세요.정말 별로 ㅠㅠ 보지말걸 ㅠㅠ
스파이더맨: 브랜드 뉴 데이,네티즌,6.0,일단 연출 스파이더맨의 웹스윙장면등 액션씬들 너무 유치했음 어스파랑 비교하면 안되지만 다시한번 어스파가 대단하다 느껴진다 그리고 톰홀랜드의 스파이더맨은 외계에서 온 타노스일당과도 싸우던얘가 너무 약해빠져 보였고 헐크라는 캐릭터를 단순 시간때우기용으로 넣은거 같았다. 엔딩도 악당이 그렇게 쉽고 단순하게 보기한다는 설정도 어이가없었음 그나마 볼만했던건 퍼니셔와의 케미가 잘맞은거 마지막으로 아쉬운건 날렵하고 민첩성 있는 스파이더맨이아니라 헬창맨 된거같음 브랜드 뉴데이가 아니라 고투더 짐으로 이름 바꾸는게 여친뺏긴게 헬스의 동기부여가 됬나봄
스파이더맨: 브랜드 뉴 데이,네티즌,1.0,기대를 너무하면 안 될 거 같습니다
스파이더맨: 브랜드 뉴 데이,네티즌,2.0,"평점9점이 넘는다고?지금 막 보고왔는데,진짜 잼없고,스릴도 몰입감도 떨어짐.ㅠ영화보고나오는데 앞에,가는20대 남자애들,둘이 자기들끼리,진짜 재미없다고.ㅋ난 신랑이보여줘서 잼없다말도 못하고ㅠ"
스파이더맨: 브랜드 뉴 데이,네티즌,2.0,보다가 졸았음. 빌런이 대제 왜 그러는지도 모르겠고
스파이더맨: 브랜드 뉴 데이,네티즌,6.0,스토리적인 임팩트가 좀 약하다. 이게 노웨이홈을 능가한다고?
스파이더맨: 브랜드 뉴 데이,네티즌,4.0,처음으로 스파이더맨 보다가 졸았음
스파이더맨: 브랜드 뉴 데이,네티즌,10.0,너무 재미 있어요! 또 보고싶고 액션 씬이 장난아니에요! 그리고 슬프면서 잔잔한 여운을 줘요!
스파이더맨: 브랜드 뉴 데이,네티즌,1.0,OOO기 영화 진짜 돈아까움 다음 영화가 어벤져스라 기대했지만 이도 저도 아닌 영화 그저 어벤져스를 위한 발판같은 영화느낌
스파이더맨: 브랜드 뉴 데이,네티즌,10.0,쓰러져가는 마블도 지켜내는 스파이디
스파이더맨: 브랜드 뉴 데이,네티즌,10.0,재밌게 잘봤어요 둠스데이까지 기다려봄
스파이더맨: 브랜드 뉴 데이,네티즌,10.0,미쳤다 이거 정말 재밌다
스파이더맨: 브랜드 뉴 데이,네티즌,10.0,기다리고 기다리던 스파이더맨!!! 성장한 스파이더맨을 보다니 너무 좋네요. 배우들의 연기가 좋아서 몰입감 장난 아니고 IMAX에서 봐야한다는 그 말 정말 공감합니다. 액션도 좋았어요. 또 보러 갈게요
스파이더맨: 브랜드 뉴 데이,네티즌,10.0,스파이더맨은 실망시키지 않는다. 두시간 30분이 지루하지않다.
스파이더맨: 브랜드 뉴 데이,네티즌,10.0,MJ와 네드의 관계가 특히 인상 깊었고 피터의 감정선도 잘 느껴졌어요. 다양한 액션 장면과 빌런들의 등장도 재미있었고 영상미도 좋아서 몰입해서 봤습니다. 스파이더맨 좋아한다면 추천하고 싶고 N차 관람도 하고 싶어요!
스파이더맨: 브랜드 뉴 데이,네티즌,10.0,스파이도맨 너무 재미 있어 진그레이 까지 이쪽 지구는 진그레이만 등장하나보네 엑스맨 진그레이 배우도 잘 고른듯
스파이더맨: 브랜드 뉴 데이,네티즌,10.0,"정부지원금 각 6,000원이 조기소진된 이유를 오늘 알았다.하지만 13,000원이 아깝지 않았다.너무 좋았다 기승전 완벽....퍼팩트~!!!"
스파이더맨: 브랜드 뉴 데이,네티즌,10.0,"후속작을 위한 떡밥, 연출, 스토리까지 완벽한 영화"
스파이더맨: 브랜드 뉴 데이,네티즌,10.0,정말 재미있게 봤네요 굿
스파이더맨: 브랜드 뉴 데이,네티즌,6.0,재밌는데 솔직히 좀 아쉽다. 이게 막 아쉽다고 비추테러당하고 그럴정도의 영화는 아닌데..
스파이더맨: 브랜드 뉴 데이,네티즌,10.0,시리즈중 제일 역대급 꼭보세요
스파이더맨: 브랜드 뉴 데이,네티즌,10.0,올해 영화 중에서 가장 재밌고스파이더맨 액션 개 쩔어용
스파이더맨: 브랜드 뉴 데이,네티즌,10.0,"마블 영화의 주인공이 아이언맨에서 피터파커와 스파이더맨으로 세대 교체되는 영화!액션과 감동, 성장 스토리 모두 잡은 영화!관객수 800만명은 무난하게 넘고 1000만까지도 가능한 영화!마블 영화 중 2번 3번 N차 관람해도 지루하지 않은 영화!2026년 왕과 사는 남자 이후 2위 안에 들 만큼 영화관에서 관람할 가치가 있는 영화!마블 영화 시리즈 중에서 TOP 5 안에 들 만큼 성장 스토리와 액션, 감동까지 다 잡은 영화!영화관에서 볼 만한 가치가 있냐고 물어본다면! 2026년 영화 중 추천 해줄 수 있는 영화!쿠키영상은 중요하지않고 메시지로 나타내는 느낌"
스파이더맨: 브랜드 뉴 데이,네티즌,10.0,드디어 마블 꿀잼으로 돌아옴
스파이더맨: 브랜드 뉴 데이,네티즌,10.0,도대체 왜 댓글 알바라는거임 ㅋㅋ영화 끝나자마자 진짜 사람들 다 기립박수 침 ㅋㅋㅋ진짜 인생작으로 꼽음
스파이더맨: 브랜드 뉴 데이,네티즌,10.0,이거지.... 내가 원하던게 이런거라고....ㅠㅠ
스파이더맨: 브랜드 뉴 데이,네티즌,10.0,기승전결 완벽한 영화! 둠스데이까지 이어갔으면
스파이더맨: 브랜드 뉴 데이,네티즌,3.0,액션씬은 좋으나 너무 적고 개연성은 부족하며 스토리는 너무 중구난방
스파이더맨: 브랜드 뉴 데이,네티즌,2.0,잘 모르겠음 이도저도 아닌느낌
스파이더맨: 브랜드 뉴 데이,네티즌,1.0,장난하냐... 이제 마블시리즈는 절대 극장에서 안볼거임
스파이더맨: 브랜드 뉴 데이,네티즌,10.0,톰스파 중 최고! 액션씬과 감정씬이 거미줄 처럼 촘촘하게 엮여있다! N차 예약
스파이더맨: 브랜드 뉴 데이,네티즌,4.0,솔직히...애매했다. 메시지도 감동적이긴하나 너무 뻔하고 결국 근본적인 해결책을 강구하지 않고 개인에게 떠맡긴 기분.액션 좋긴했는데 기대가 너무 컸나? 스파이더맨의 웹스윙과 활공 장면의 쫄깃함이 좀 부족했던 거 같다.
스파이더맨: 브랜드 뉴 데이,네티즌,7.0,조온나 지루하네 짇짜..
스파이더맨: 브랜드 뉴 데이,네티즌,6.0,지루해요ㅜㅜ 잠와요ㅜㅜ
스파이더맨: 브랜드 뉴 데이,네티즌,9.0,호빠들 꺼지시고...
스파이더맨: 브랜드 뉴 데이,네티즌,10.0,호프로 버린 제눈 바로 치유했습니다
스파이더맨: 브랜드 뉴 데이,네티즌,6.0,쓸데없이 긴 영화. 믿고보는 스파이더맨은 아니다.
스파이더맨: 브랜드 뉴 데이,네티즌,9.0,"기준선은 거미줄만큼 끊기 힘들었다. 딱 기대한만큼, 그 이상은 없었지만 그 기준이 너무 높았다.mj의 서사가 더 풀렸으면 좋았을 것."
스파이더맨: 브랜드 뉴 데이,네티즌,10.0,최고 오랜만에 재미있는 영화
스파이더맨: 브랜드 뉴 데이,네티즌,10.0,올해 영화중 원탑이고 말그대로 소름이라는 표현이 떠올리네요 !
스파이더맨: 브랜드 뉴 데이,네티즌,10.0,집단 텔레파시 군체 생각남
스파이더맨: 브랜드 뉴 데이,네티즌,10.0,재밌다 잘 만들었다 역시
스파이더맨: 브랜드 뉴 데이,네티즌,10.0,지금까지 저에게 스파이더맨이란 샘스파 뿐이었는데 그 이후 처음으로 다음스파이더맨으로 인정했습니다. 영상미가 예전 샘스파때 분위기 나서 좋았습니다
스파이더맨: 브랜드 뉴 데이,네티즌,9.0,이게 영화지.. 호프는 반성해라
스파이더맨: 브랜드 뉴 데이,네티즌,10.0,개재밌음진짜존나재밌음
스파이더맨: 브랜드 뉴 데이,네티즌,8.0,쿠키 안봐도되니까 그냥 나오세요.겁나 재밌음
스파이더맨: 브랜드 뉴 데이,네티즌,10.0,대체 얼마만에 마블에서 완벽한 영웅서사를 보았는가
스파이더맨: 브랜드 뉴 데이,네티즌,10.0,간만에 마블띵작이네요 둠스데이도 제발
스파이더맨: 브랜드 뉴 데이,네티즌,10.0,끝나자마자 친구랑 박수 쳤습니다.
스파이더맨: 브랜드 뉴 데이,네티즌,10.0,마블의 시계가 다시 움직이기 시작했다...!
스파이더맨: 브랜드 뉴 데이,네티즌,10.0,마블의 망작들 향연에서 유일하게 빛난 스파이더맨!스파이더맨 없었으면 어쩔 뻔했을까?정말 오랜만에 영화를 시간 가는 줄 모르고 재미있게 봤습니다.사랑해요! 스파이더맨!!!
스파이더맨: 브랜드 뉴 데이,네티즌,10.0,진짜 감동의 여운이 가지 않네요 보면서 행복했습니다
스파이더맨: 브랜드 뉴 데이,네티즌,10.0,역대 최고의 스파이더맨기대를 실망시키지 않는다.
스파이더맨: 브랜드 뉴 데이,네티즌,10.0,영화가 끝나가는게 너무 아쉬웠다 톰홀랜드 시리즈 중 가장 재밌게봄
스파이더맨: 브랜드 뉴 데이,네티즌,8.0,개인적으로는 호프보다는 잼잇엇습니다.
스파이더맨: 브랜드 뉴 데이,네티즌,7.0,"오금이 저리듯 활공하는 5년의 기다림, 이 시간이 지나면 또 언제보나 - 많이 보여주고 싶은 마음이랄까."
스파이더맨: 브랜드 뉴 데이,네티즌,8.0,재미는 있었지만 스토리가 좀 진부하고 cg 및 액션이 좀 아쉬운 부분도 있네요.
스파이더맨: 브랜드 뉴 데이,네티즌,10.0,마블 팬이라면 좋아할 만한 요소들이 꾹꾹 담긴 영화. 심지어 잘못 건드리면 영화가 망하는 걸로 유서가 깊은 진 그레이라는 캐릭터까지 인상 깊게 잘 녹여냄..
스파이더맨: 브랜드 뉴 데이,네티즌,10.0,히어로물을 봤는데....스파이더맨 왜이리....짠하누ㅠㅠ
스파이더맨: 브랜드 뉴 데이,네티즌,10.0,개인적으로 너무 슬픈 편이었다...
스파이더맨: 브랜드 뉴 데이,네티즌,10.0,스파이더맨 보다가 눈물 나올려고 한게 첨이네 닌자들이랑 싸울때 지리더라
스파이더맨: 브랜드 뉴 데이,네티즌,8.0,악역이 너무 유치함... ㅠ 감정선은 좋았다
스파이더맨: 브랜드 뉴 데이,네티즌,10.0,기대를 져버리지 않는 스파이더맨
스파이더맨: 브랜드 뉴 데이,네티즌,8.0,작지만 꽉찬 감자cg 완성도가 조금 아쉬웠음
스파이더맨: 브랜드 뉴 데이,네티즌,2.0,"유자차 시켰는데 유자맛 물이 나옴 솔직히 마블 팬아니면 보면서 재미없을듯하다… (재미없는걸 넘어 짜증남)마블 팬은 아닌 사람이 남긴후기1.감독 왜바꿨냐 진짜 보면서 속터지는줄 알았다 그리고 영상미 마블이 아니라 디시같았음2.무슨 액션이 전무하다 싶이하냐액션도 ㅈㄴ 찔끔찔끔 보여주고 연출도 조온나 뻔함 아니 쾌감이 없음..3.유머 넣은거 유머인건 알겠는데 하나도 안웃김 재미도없는데 계속 나오니까 슬슬 짜증남4.서사가 조온나김 걍 재미없고 지들끼리 뭐라하는거야 이생각만듦 솔직히 팬아니면 서사는 적당히넣고 액션좀 보는거 기대하는데 서사만 ㅈㄴ넣음..진짜 ’오로지‘ 전작의 연장선, 다음편을 위한 발판으로만 쓰인것 같아서 돈내고 보는 입장에서 기분나빴음. 아니 이것도 영환데 단일 작품으로써 볼가치가 없고 그냥""다음편을 즐기기위한 발판""으로만 쓰인게 짜침.5. 이거 영화가 아니라 걍 드라마같음.6.악당한테 서사있는거 개싫어함(악당한테 이입해야되냐)7.연출이 너무 뻔함 이게 제일짜증남. 그리고 장면들이 어디서 본장면들임 진짜 ai로 짜집기 해논거같음(싸우는 씬에서 싸우는 장면 보여주다 갑자기 조용한 공간보여주다 3초뒤에 콰카강 거리는거나 (이것도 한번 넣어야지 두세번 보여주는거보고 짜증남) 마지막에 빌런치유받는 그장면 어디서 많이봄. 걍 대놓고 울으라고 만든 장면같아서 거부감듦..)8.내용이 하나도 안긴박하고 다큐보는거같음9.빌런이 착해지는 과정 그거 이미 다른영화에서 많이 나온 플롯임. 아니 보면서 감독 창의력이 없나 이생각함..그리고 피터가 총 대신맞는것도 옛날영화에서나 나오는 그림 아니냐 10.중간중간에 전작 장면 끼워넣은거 많던데 보면서 전작(노웨이홈)이랑 비교를 안할수가 없었음..전작에 비해서 진짜 너무 퀄리티 떨어짐.. 11.걍 게임같음. 주인공한테도 이입이안됨. 머리로는 이입되는데 감독이 이입못하게하는 연출을 함12.이거 스파이더맨 초반작품이라고 하면 개재밌게봤을거임. 후속작인데 발전을 하는게 아니고 퇴화를 해버림..13. 스콜피온 이거 악당이 매력없음"
스파이더맨: 브랜드 뉴 데이,네티즌,6.0,여전히 유치하고 마블 유니버스 뽕빨에 의존하지 않으면 영화가 안굴러간다.
스파이더맨: 브랜드 뉴 데이,네티즌,2.0,아무리 헐리우드 영화이지만 실망의 극치임. 아무런 스토리가 별 개연성 없이 억지로 진행시키는 졸작임
스파이더맨: 브랜드 뉴 데이,네티즌,10.0,최근 수준 떨어지는 영화와 다르게 퀄리티가 엄청 높음 그냥 보시면 됩니다
스파이더맨: 브랜드 뉴 데이,네티즌,10.0,진짜 개재밌음 하….. 씬이 하나하나 너무 이쁘고 엔딩도 감성있음 노래도 반해서 바로 플리에 넣었어요.
스파이더맨: 브랜드 뉴 데이,네티즌,10.0,기승전결이 완벽한 영화
스파이더맨: 브랜드 뉴 데이,네티즌,10.0,"마블이 아직 건재함을 알리는 영화.톰스파 영화 중에서도 최고였고, 그 간 만들어온 서사를 잘 풀어낸 것 같음.스파이디 단독 영화로서도 단연 최고고, 앞으로의 이야기를 위해 뭔가 많은 것들을 준비하는 깨알 같은 장치들이 많아서 마블 팬이라면 즐겁게 볼 수 있음."
스파이더맨: 브랜드 뉴 데이,네티즌,10.0,톰 스파이더맨 시리즈중엔 이게 최고임. 빌런도 역대급으로 나오네
스파이더맨: 브랜드 뉴 데이,네티즌,8.0,자꾸 일레븐과 맥스가 생각났다
스파이더맨: 브랜드 뉴 데이,네티즌,7.0,셰위디 싱크 너무 예뻐여
스파이더맨: 브랜드 뉴 데이,네티즌,9.0,초반엔 좀 지루 했지만 중반 이후부터 재미 있음...이번 여주는 젠데이아가 아니고 세이디 싱크가 여주네.
스파이더맨: 브랜드 뉴 데이,네티즌,6.0,전편이 너무 뛰어나서 그런가... 전편만큼의 감동이 없네요....
스파이더맨: 브랜드 뉴 데이,네티즌,10.0,왜 고민함? 제발봐제발제발제발제발제발제발제발제발제발 ㅜ
스파이더맨: 브랜드 뉴 데이,네티즌,10.0,호프보다 이거 보니까 영화본거같다 탁트이네
스파이더맨: 브랜드 뉴 데이,네티즌,10.0,"존왓츠 감독의 홈 시리즈를 이어받는 훌륭한 수작오감만족, 어른 거미로 성장하니 전매특허 활공 액션 또한 발전하는구나! 근래 마블 영화 중 단연 최고"
스파이더맨: 브랜드 뉴 데이,네티즌,10.0,이 영화는 ?모두에게 잊힌 피터 파커의 외로운 상황과 섬세한 감정선 덕분에 시작부터 깊게 몰입할 수 있음에 초점을 두고 보시면 좋을듯요!!! 화려하고 다양한 액션 시퀀스들이 눈을 즐겁게 만들어주어 시간 가는 줄 몰랐네요~ 영화가 주는 여운이 좋아 나중에 또 보고 싶을 만큼 정말 만족스러운 작품이었습니다!!
스파이더맨: 브랜드 뉴 데이,네티즌,7.0,스토리는 그럭저럭 그런데 스파이더맨이니까의리로 보고진의 등장이 너무나 반가워 0.5점 더 줌
스파이더맨: 브랜드 뉴 데이,네티즌,9.0,외톨이가 외톨이를 구해내는 이야기
스파이더맨: 브랜드 뉴 데이,네티즌,8.0,스토리 전개 다소 느리나 전체적으로 만족함
스파이더맨: 브랜드 뉴 데이,네티즌,6.0,연출은 좋았지만 그 흑인국장이 나쁜넘인게 처음부터 너무 티나서 스토리가 아쉬웠움 중간중간에 띠용하는 장면도 있었고
스파이더맨: 브랜드 뉴 데이,네티즌,7.0,재미는 있으나 재미가 없었다. 딱 이런느낌? 둠스데이와 큰 관련 없는 스토리로 추후에 있을 스파이더맨의 서사를 위해 하나의 성장 이야기를 최대한 재밌게 꾸며놓은 이야기 입니다. 뭔가 엄청 매력적인 빌런이 나오는것도 아니고 크나 큰 반전이 있는것도 아닙니다 . 그냥 스토리적으로는 별 내용이 없어요
스파이더맨: 브랜드 뉴 데이,네티즌,7.0,4편이나 되어서야 끝난 스파이더맨의 눈물콸콸 성장기....
스파이더맨: 브랜드 뉴 데이,네티즌,10.0,최근 나온 마블의 뻘짓이 흐려지는 맛
스파이더맨: 브랜드 뉴 데이,네티즌,10.0,간만에 마블스러운 영화
스파이더맨: 브랜드 뉴 데이,네티즌,10.0,진짜 안보면 후회할듯 간만에 재밌게본
스파이더맨: 브랜드 뉴 데이,네티즌,10.0,액션씬 미쳤음 톰스파 너무 좋다
스파이더맨: 브랜드 뉴 데이,네티즌,10.0,굿굿굿. 간만에 헐크등장 넘 반가워요
스파이더맨: 브랜드 뉴 데이,네티즌,9.0,역시 마블답게 영상미 좋고 재미있었습니다
스파이더맨: 브랜드 뉴 데이,네티즌,10.0,인간적인 우리의 스파이디
스파이더맨: 브랜드 뉴 데이,네티즌,10.0,일단 중간에 화장실 안 갔음.
스파이더맨: 브랜드 뉴 데이,네티즌,10.0,생각보다 최고임 다회차 예정
스파이더맨: 브랜드 뉴 데이,네티즌,9.0,아마도 최고의 톰홀랜드 스파이더맨 영화라고 생각이 듬. 성장한 캐릭터 뿐만 아니라 그의 성숙한 연기도 좋았음. 연출력과 스토리 그리고 CG 액션까지모두 만족스러움.
스파이더맨: 브랜드 뉴 데이,네티즌,10.0,"여태 봤던 스파이더맨 시리즈중 제일 몰입하며 재밌게 봄, 극장가서 보는걸 추천. 돈이 아깝진 않음."
스파이더맨: 브랜드 뉴 데이,네티즌,10.0,너무 너무 재밌음!! 이런 영화를 기다렸어
스파이더맨: 브랜드 뉴 데이,네티즌,10.0,"영화관 화면으로 화려한 액션을 보니 완전 몰입감!!! 스파이더맨은 기대를 저버리지 않네요!! . 피터 연기는 단연 최고고,,"
스파이더맨: 브랜드 뉴 데이,네티즌,10.0,스파이더맨 보다가 옷 다 젖음
스파이더맨: 브랜드 뉴 데이,네티즌,10.0,세상에 마블이 다시 돌아왔다
스파이더맨: 브랜드 뉴 데이,네티즌,10.0,기다렸습니다. 오랜만에 스파이더맨이 또 어떤 성장과 감동을 보여줄지 기대 되네요ㅎ 가족들이랑 재미나게 보겠습니다
스파이더맨: 브랜드 뉴 데이,네티즌,10.0,고독한 우리들의 영웅 스파이더맨. 고맙습니다
스파이더맨: 브랜드 뉴 데이,네티즌,10.0,화려한 액션과 긴장감 있는 전개가 인상적이었다. 특히 주인공이 어려운 선택을 하며 성장해 나가는 모습이 잘 표현되어 몰입감이 높았다. 기존 시리즈의 장점을 유지하면서도 새로운 이야기와 볼거리를 더해 팬뿐만 아니라 처음 보는 관객도 재미있게 감상할 수 있는 작품이라고 생각한다.
스파이더맨: 브랜드 뉴 데이,네티즌,10.0,평범한 사람 사이 특별한 사람 누가 괴물이고 누가 특별한가
스파이더맨: 브랜드 뉴 데이,네티즌,8.0,중반부까지는 보통인데 후반부가 휼륭함
스파이더맨: 브랜드 뉴 데이,네티즌,10.0,와 진짜 재밌드라 연출도 좋았고 스토리도 꽤 좋았음감정선같은게 진짜 디테일했고각성했을때 와 찌릿찌릿하더라
스파이더맨: 브랜드 뉴 데이,네티즌,10.0,믿고보는 스파이더맨! 배경도 음악도 괜찮았어요 스파이더맨다운 액션까지 최고에요!
스파이더맨: 브랜드 뉴 데이,네티즌,10.0,휴지 챙겨가세요 난 영화 절반은 울면서 봄..ㅠㅠㅠ
스파이더맨: 브랜드 뉴 데이,네티즌,10.0,"스파이더맨의 성장을 볼 수 있는 영화였다. 이번 화로 남자가 된 느낌이고, 뭔가 다행인 느낌? 재밌었다"
스파이더맨: 브랜드 뉴 데이,네티즌,10.0,마블의 감동은 이런 것이다.
스파이더맨: 브랜드 뉴 데이,네티즌,10.0,여름방학 최고의 선택근데 둘이 언제 다시 사귀냐고
스파이더맨: 브랜드 뉴 데이,네티즌,8.0,mj이제 보내주자 좀..
스파이더맨: 브랜드 뉴 데이,네티즌,10.0,톰스파를 따라온 사람이라면 눈물 나는 아름다운 영화ㅠㅠ
스파이더맨: 브랜드 뉴 데이,네티즌,10.0,말이 필요없다!! 이건 무조건 봐야한다!! 스파이더맨이 마블 살리고있다~
스파이더맨: 브랜드 뉴 데이,네티즌,8.0,아름다운 성장과 변화는 필요한 법
스파이더맨: 브랜드 뉴 데이,네티즌,9.0,개봉일에 가서 본 것이 너무 만족!! 혼자된 피터의 외로움이 안쓰러우면서도 잘 버텨줘서 기특했던... 철없이 활발하기만 했던 고등학생이 어른으로 성장하는 모습을 잘 나타내줬다. 사랑도 받아본 사람이 나눌 줄 아는 것! 진에게도 메이 큰엄미같은 어른이 있었다면 어땠을까?
스파이더맨: 브랜드 뉴 데이,네티즌,10.0,짧은 시간이 아님에도 시간 가는 줄 모르고 봤음. 돈아깝지 않고 메세지와 재미와 볼거리가 있는 올해 나의 최고의 영화.
스파이더맨: 브랜드 뉴 데이,네티즌,10.0,스파이더맨이 아닌 피터파커에 푹 빠져드는 시간
스파이더맨: 브랜드 뉴 데이,네티즌,9.0,이게 영화지.. 돈이 아깝지가 않음
스파이더맨: 브랜드 뉴 데이,네티즌,10.0,화려한 액션과 박진감 넘치는 전개가 끝까지 몰입하게 만들어 가족들 모두만족했다.
스파이더맨: 브랜드 뉴 데이,네티즌,4.0,진짜 솔직히 내가 봤던 스파이더맨 시리즈 중에 가장 재미없었음.. 그렇게 망했다던 어메이징 스파이더맨2가 훨~씬 재밌다.
스파이더맨: 브랜드 뉴 데이,네티즌,9.0,특별함에 대한 대가는 외로움이고 성장에는 반드시 성장통이 필요하다. 현재 성장통을 겪고있는 모든 사람들에게 위안을 주는 영화
스파이더맨: 브랜드 뉴 데이,네티즌,4.0,개봉일 첫날 관람액션 - 기존 예고편으로 대체가능서사 - 연기자의 섬세한 감정표현은 볼 만함 BUT 중요한 씬의 대사가 짜치는 경우 발생 몰입도 확깸 .어벤져스와의 연관도 거의 없음 .나중에 진그레이와 피터의 라포 가능성. 전체적으로 막 신나고 재밌지는 않음.마블팬이라면 이렇게 흘러가는구나. 흠 .. 이정도 한때 빅팬으로 아쉬움 그래도 스파이더맨인데 ㅜㅜㅜ
스파이더맨: 브랜드 뉴 데이,네티즌,10.0,"드디어 정신차린 마블, 우리가 사랑하던 슈퍼히어로의 화려한 컴백"
스파이더맨: 브랜드 뉴 데이,네티즌,10.0,"정말 완벽하고, 다음 작품이 기대된다.. 기다리기가 벌써 괴롭다..ㅠㅠ"
스파이더맨: 브랜드 뉴 데이,네티즌,10.0,"감독이 스파이더맨 찐팬인걸 알 수 있었다.. 샘스파, 어스파 오마주 장면들 볼때마다 행복했음"
스파이더맨: 브랜드 뉴 데이,네티즌,10.0,이 정도면 샘스파2에 비빌만하다!
스파이더맨: 브랜드 뉴 데이,네티즌,10.0,
스파이더맨: 브랜드 뉴 데이,네티즌,10.0,어른 톰스파 얼른 돌아와!! 기다릴게
스파이더맨: 브랜드 뉴 데이,네티즌,7.0,"늘 보던 톰홀랜드의 성장일기, 아는맛, 새로운 메리제인의 탄생. 끝"
스파이더맨: 브랜드 뉴 데이,네티즌,10.0,이모가 진 안아줬을때 눈물 훔쳤습니다. 차세대 마블 히어로물 다시 시작인듯 ㅜㅜ
스파이더맨: 브랜드 뉴 데이,네티즌,10.0,그래 이렇게좀 만들어라
스파이더맨: 브랜드 뉴 데이,네티즌,8.0,뉴어벤저스 플로렌스퓨 등장이 생뚱맞고 쿠키영상이 부실해서 별하나 뺐다
스파이더맨: 브랜드 뉴 데이,네티즌,10.0,세상을 구하는 것도 좋지만 난 네가 행복했으면 해
스파이더맨: 브랜드 뉴 데이,네티즌,10.0,"역시 스파이더 맨!! 완전 믿고 보는 시리즈 인거같아요! MJ, 네드와의 관계에대한 스파이도맨의 감정선이 너무 좋았고 몰입감도 대박인거같아요!! N차 관람 완전 강추!!! 다양한 액션 씬도 넘 재미 있어요!"
스파이더맨: 브랜드 뉴 데이,네티즌,10.0,기대를 저버리지 않았다.
스파이더맨: 브랜드 뉴 데이,네티즌,10.0,"연출,서사,관계,빌런 모든것이 완벽"
스파이더맨: 브랜드 뉴 데이,네티즌,10.0,액션도 존왓츠때보단 훨씬 좋아짐그리고 무엇보다 서사가 완벽했다오랜만에 서사 제대로된 히어로물 본거같음
스파이더맨: 브랜드 뉴 데이,네티즌,10.0,오늘 영화를 보았는데 너무재미있네요 꼭보세요!
스파이더맨: 브랜드 뉴 데이,네티즌,10.0,감동적이였다. 마블의 유일한 희망..
스파이더맨: 브랜드 뉴 데이,네티즌,10.0,졸라 재밌다 2시간30분이 개빨리가네
스파이더맨: 브랜드 뉴 데이,네티즌,10.0,연기력 스토리 모든 게 최고
스파이더맨: 브랜드 뉴 데이,네티즌,10.0,사랑합니다!!스파이더맨~연기까지이렇게잘할줄이야ㅠ난 두번울었어요!!돈이아깝지않은영화!!역시영화는 이래야지!!!!
스파이더맨: 브랜드 뉴 데이,네티즌,10.0,진짜 개재밋다기억이 돌아오는구만
스파이더맨: 브랜드 뉴 데이,네티즌,10.0,잘만들었네. 볼만하다.새로운 시작
스파이더맨: 브랜드 뉴 데이,네티즌,10.0,진짜 새로운 시작..앞으로가 기대되네요
스파이더맨: 브랜드 뉴 데이,네티즌,10.0,톰스파 시리즈 중 최고..너무 재밌는데 너무 슬픔
스파이더맨: 브랜드 뉴 데이,네티즌,10.0,이정도면 됨. 많은거 안바람..
스파이더맨: 브랜드 뉴 데이,네티즌,10.0,도대체 무슨 억까를 할려고 이렇게 버프 걸어주냐...
스파이더맨: 브랜드 뉴 데이,네티즌,10.0,간만에 보는 최고의 마블영화
스파이더맨: 브랜드 뉴 데이,네티즌,10.0,히어로물의 최고는 2008년 배트맨 다크나이트였다.오늘 최고가 바뀌었다. 그간 모두가 잊고있던 히어로물의 정석이 돌아왔다.그간 다 망해가던 히어로물의 반등의 시작이길 빈다.
스파이더맨: 브랜드 뉴 데이,네티즌,10.0,살면서 이런 영화평을 진짜 처음 작성해봄…영화 보는데 진짜 1분 1초가 안 아깝고 눈이 즐거웠던건 너무너무 오랜만임…다 죽어가던 마블덕후 마음에 진짜 불 제대로 질러줌 ㅠㅠ!
스파이더맨: 브랜드 뉴 데이,네티즌,10.0,역대급. 꼭 보셔야합니다
스파이더맨: 브랜드 뉴 데이,네티즌,10.0,하..이번만 믿는다...
스파이더맨: 브랜드 뉴 데이,네티즌,10.0,자 이제 진그레이로 환승하는거야 피터?
스파이더맨: 브랜드 뉴 데이,네티즌,10.0,올해 역대급 영화…! 마블 영화 아직 안망했습니다..진짜 볼거면 스크린x로 보세요.
스파이더맨: 브랜드 뉴 데이,네티즌,10.0,홍명보도 울고갈 홍명보적 영화
스파이더맨: 브랜드 뉴 데이,네티즌,10.0,샹치 감독이라 확실히 액션 보는 맛이 있음
스파이더맨: 브랜드 뉴 데이,네티즌,10.0,기대하고 봤는데 기대보다 재미있게 나온 3번째 영화네요. 이건 뭐 2시간 지나고부터 계속 시계를...시간아 가지마라
스파이더맨: 브랜드 뉴 데이,네티즌,7.0,"스파이더맨 화려해지고 배우들 연기도 좋지만설정 자체가 좀 별로고 억지로 감정팔이하고 중간에 살짝 지루했네요,, 그리고 영화는 비주얼로 보는데 여배우가 아쉽네요, 핵심배우들 대부분 흑인이어서 디즈니처럼 되는가 싶어서 아쉽네요, 역대급으로 쿠키는 좀 허무하네요,,"
스파이더맨: 브랜드 뉴 데이,네티즌,1.0,스토리는 홍명보와 설영우가 했다. 액션은 벤투가 했다. 연기 전수는 클린스만이 했다.
스파이더맨: 브랜드 뉴 데이,네티즌,7.0,솔직히 말하자면 좀 루즈하고 진부?햇음... 인물들 감정선이 약간 갑작스럽고 전작들처럼 촘촘하진 못한 느낌. 그럼에도 담고있는 메세지와 더불어 스파이디의 액션은 여전히 화려하고 좋앗어요^_^ 간만에 영화관에서 볼 수 있어 반가웠습니다. ..
스파이더맨: 브랜드 뉴 데이,네티즌,10.0,굳굳굳굳굿굿굿굿국국
스파이더맨: 브랜드 뉴 데이,네티즌,4.0,아 앤숙모라고 큰엄마라고 번역하지 말라고....네드 졸업까지 4년이 흘렀고앤숙모 사망일자가 2024년이니깐못해도 세계관 시각은 2027-2028 사이인데다른 마블하고 설정이 맞나 싶음
스파이더맨: 브랜드 뉴 데이,네티즌,10.0,톰홀랜드를 믿어라.!
스파이더맨: 브랜드 뉴 데이,네티즌,9.0,아오 올해 기대작들 다 망하는 줄 알고식겁했네
스파이더맨: 브랜드 뉴 데이,네티즌,10.0,역대급 재미와 감동...엑스맨과 컬래버 큰 그림
스파이더맨: 브랜드 뉴 데이,네티즌,7.0,"좀 지루. 소니 묻어서 쌍팔년도 닌자 어택은 진짜 깨는듯. 근데 진그레이가 설마 X맨의 최대 빌런, 그 뮤턴트?"
스파이더맨: 브랜드 뉴 데이,네티즌,6.0,빌런 없는 스파이더맨 다큐멘터리 호프보다 더 재밌다 하지못하겠다
스파이더맨: 브랜드 뉴 데이,네티즌,10.0,마블이 부활했다. 역대 mcu액션중 가히 최고.
스파이더맨: 브랜드 뉴 데이,네티즌,4.0,단순한 스토리를 매우 난잡하게 보여줌
스파이더맨: 브랜드 뉴 데이,네티즌,8.0,존잼임 역시!! 근데 굳이 호프를 가져와서 까대면서 비교하는것들은 진짜 저능아들인가? 호프는 호프 스파이더맨은 스파이더맨각각의 매력과 재미가 있는 영화들이지한국인들 지능낮은 수준은 알아줘야함
스파이더맨: 브랜드 뉴 데이,네티즌,10.0,진 그레이가 예뻐요!!
스파이더맨: 브랜드 뉴 데이,네티즌,10.0,스파이더맨 시리즈중에 제일 재밌어요 몇번은 더 볼거같아여ㅠㅜㅜ추천합니다 일반관에서 봤는데 특별관에서 볼걸 그랬어요
스파이더맨: 브랜드 뉴 데이,네티즌,10.0,재관람 하러 갈거임. 오랜만에 넘 만족스러운 관람이었슴
스파이더맨: 브랜드 뉴 데이,네티즌,10.0,즐거운 경험 했어요 ㅎㅎㅎㅎ
스파이더맨: 브랜드 뉴 데이,네티즌,10.0,톰스파 시리즈 중에서 가장 긴장감 넘치고 짜릿한 액션&웹스윙!+ 스파이더맨과 퍼니셔 관계 좋네요. 진 그레이 서사도 감동적♡피터야 제발 행복하게 살아 ㅠㅠ(쿠키에선 도대체 어디로 간거니;;)
스파이더맨: 브랜드 뉴 데이,네티즌,10.0,내가 왠만해서 평점 안남기는데 봐라 졸라 재밌다 솔직히 스토리 3보다 더낫다 걍 속은셈치고봐라 댓글알바 아니다 진짜다 구라안친다 나 영화에 예민하다 그냥봐
스파이더맨: 브랜드 뉴 데이,네티즌,10.0,연기가 역시 배테랑 배우들은 다르네요 감정선도 좋고 계속 몰입해서 봤어요 이번에도 기대만큼 스토리도 좋았습니다!
스파이더맨: 브랜드 뉴 데이,네티즌,10.0,오 마블 정신차림 이거지 ㅋ
스파이더맨: 브랜드 뉴 데이,네티즌,10.0,무의식 피터파커 존나 재밌다
스파이더맨: 브랜드 뉴 데이,네티즌,10.0,"퍼니셔 프랭크캐슬이랑 엮으려는 시도는 좋았지만 전부터 만들어왔던 퍼니셔랑은 너무 다른느낌이 컸다고 느낌. 하지만 진 그레이의 등장부터 스파이더맨의 각성, 기억이 돌아오거나 피터파커의 정체를 알아차리는듯한 연출 전부다 좋았음."
스파이더맨: 브랜드 뉴 데이,네티즌,10.0,역시 기대를 저버리지 않는 스파이더맨이네요화려한 액션신이 많아 볼 게 많았고 연출은 말해 뭐해 대박이었습니다 입체적인 빌런의 존재도 재밌었어요
스파이더맨: 브랜드 뉴 데이,네티즌,10.0,역대급이라고 봅니다 사랑해요
스파이더맨: 브랜드 뉴 데이,네티즌,10.0,톰스파중에 가장 스파이더맨같은 영화
스파이더맨: 브랜드 뉴 데이,네티즌,10.0,부담없이 그냥 보러갔던 영화인데 생각보다 액셤 보는 재미도 있고 내용이 탄탄해서 좋았어요!
스파이더맨: 브랜드 뉴 데이,네티즌,10.0,”주먹인사“ 이장면에서 뭉클했다 ..
스파이더맨: 브랜드 뉴 데이,네티즌,10.0,스파이더맨은 항상 옳다
스파이더맨: 브랜드 뉴 데이,네티즌,10.0,믿고보는 스파이더맨 마블 시리즈 중에서 최애 입니다더운데 극장 데이트 하고 너무 좋네요 !
스파이더맨: 브랜드 뉴 데이,네티즌,8.0,조금 아쉽긴 한데 좋았다. 성장에 포커스를 두려고 한거 같은데 변화를 받아들인 거에 비해 변화를 써먹은 장면이 짧고 쩌리빌런 처리하고 끝나서.. 이게 스파이더맨보다 빌런의 성장에 더 눈길이 간거 같음. 그래도 재밌게 봄.
스파이더맨: 브랜드 뉴 데이,네티즌,8.0,"세컨드 삼부작의 기분좋은 출발, 주인공의 심리에 대해서 심층적으로 다가간다. 그리고 빌런이 이 캐릭이라고는 상상도 못했다."
스파이더맨: 브랜드 뉴 데이,네티즌,7.0,우리들의 영원한 친절한 이웃 스파이더맨
스파이더맨: 브랜드 뉴 데이,네티즌,8.0,스토리 : 흥미로운 소재를 사용했고 평타는 쳤지만 너무 많은 이야기를 한 영화에 녹여내려고 했고 천천히 풀면 더 좋았을 것 같은 아쉬움이 남기에 7점/액션 : 플스 스파이더맨 액션씬하고 비슷한데 더 고퀄임 (9점 정도)/결론 : 더 마블스<<<<앤트맨3=토르4<<브레이브 뉴 월드<<브랜드 뉴 데이
스파이더맨: 브랜드 뉴 데이,네티즌,10.0,평점마다 비추 누르고 다니는 인간들은 뭐야 도대체 딱히 비추 누를만한 평점이 아닌것들도 죄다 누르고 다니네 ㅋ 네이버평점은 실 관람객만평점할 수 있게 바꿔라 좀
스파이더맨: 브랜드 뉴 데이,네티즌,10.0,스파이더맺 시리즈 중에서 1등
스파이더맨: 브랜드 뉴 데이,네티즌,10.0,최근 본 영화 중에서 제일 재밌는 듯!!
스파이더맨: 브랜드 뉴 데이,네티즌,7.0,결말과 서사 다 애매햇음
스파이더맨: 브랜드 뉴 데이,네티즌,10.0,말이필요없음 호프액션은 우뢰매수준임
스파이더맨: 브랜드 뉴 데이,네티즌,4.0,이제 맨날 똑같은 패턴이라는 생각... 이전 스파이더맨 무비보다 더 발전한게 뭔지... 2030은 충분히 재밌게 보실듯... 내가 너무 오래 살았어...
스파이더맨: 브랜드 뉴 데이,네티즌,6.0,점점 어른이 될수로 토비 맥과이어되는거 같네...쿠키는 안보고 집에가는게 좋다
스파이더맨: 브랜드 뉴 데이,네티즌,10.0,"이게 영화다~~ 호프야 정신차려라.. 광고 엄청 하던데,, 초반은 진짜 재밌다 이러고 있네.. 홍명보 감독 댓글도 지웠던데?? 조작인가??"
스파이더맨: 브랜드 뉴 데이,네티즌,2.0,와~경찰청사람들이 더 재밌다...와 할말없음
스파이더맨: 브랜드 뉴 데이,네티즌,2.0,오글거려서 더이상 못보겠어 마블은 이제 나랑 안맞는거 같아
스파이더맨: 브랜드 뉴 데이,네티즌,3.0,"더도말고 덜도말고 딱 OTT용 영화, 구지 시간내서 볼 필요없는 진부한 히어로물"
스파이더맨: 브랜드 뉴 데이,네티즌,3.0,오글거렸음 ㅜ 쿠키 영상 개 짜침 .. 자기들 뽕에 취해있음
스파이더맨: 브랜드 뉴 데이,네티즌,4.0,드라마 2시간액션 30분
스파이더맨: 브랜드 뉴 데이,네티즌,2.0,지루해 죽는줄맨날천날 질질짜고아오...
스파이더맨: 브랜드 뉴 데이,네티즌,6.0,여자친구랑 부랄친구랑 안나왔음좋겠음(나와도 짧게!) 언제까지 재미없을래? 언제까지 성장할래??보고있으면서 생각한게 토비형 나온거 어메이징 한편 재감상할껄? 생각까지들더이다! 스파이더맨 진그래이 각성도 좋지만 감독 제작진 정말 각성하라!! 또각성하라!!
스파이더맨: 브랜드 뉴 데이,네티즌,6.0,진 그레이 왜 넣은거임? 진짜 얘 때문에 재미 뚝 떨어진거 같다...
스파이더맨: 브랜드 뉴 데이,네티즌,6.0,수작임은 틀림없지만 내가 그동안 봐왔던 스파이더맨 시리즈는 아니었다.
스파이더맨: 브랜드 뉴 데이,네티즌,6.0,슈퍼히어로 영화가 요즘 왜케 이상한 신념+신파를 끼워팔라하지
스파이더맨: 브랜드 뉴 데이,네티즌,1.0,댓글알바들구라좀치지마라
스파이더맨: 브랜드 뉴 데이,네티즌,2.0,진비하게ㅜ재미 하나도 없음 초반에는 분위기로 압살하는줄 알았는데 나중에 그냥 이게 뭐지하고 끝남 근데 연기는 확실히 잘함
스파이더맨: 브랜드 뉴 데이,네티즌,6.0,헐리우드 식 신파극스트릿트 레벨의 악당 과 스토리를 기대했는데기대를 와장창스파이더맨 TAS 나 한번 더 보는게 낫을듯
스파이더맨: 브랜드 뉴 데이,네티즌,4.0,그래도 마블... 스파이더맨인데...이건 아니지...ㅠㅜ 인간극장 피터파커편...ㅠㅜ
스파이더맨: 브랜드 뉴 데이,네티즌,5.0,미래를 향해 나아가야할 시리즈가 자꾸만 과거를 붙잡는다
스파이더맨: 브랜드 뉴 데이,네티즌,6.0,그냥 그렇다 더이상 새롭지않아
스파이더맨: 브랜드 뉴 데이,네티즌,6.0,아 재미없다그냥 아무 내용없네
스파이더맨: 브랜드 뉴 데이,네티즌,4.0,빌런이 아쉽다 그리고 예고편과는 전혀 다른 헐크의 모습이 매우 짧다 한마디로 노웨이홈보다 별로
스파이더맨: 브랜드 뉴 데이,실관람객,9.0,관람객
스파이더맨: 브랜드 뉴 데이,네티즌,8.0,무의식 피터 파커는 강하다
오디세이,실관람객,10.0,관람객
오디세이,실관람객,9.0,관람객
오디세이,네티즌,10.0,놀란형! 믿고있었다고! (사실 의심 엄청함)
오디세이,네티즌,10.0,10점 잘 안주는데 이건 10점이다 ㅋㅋ 미쳤음
오디세이,네티즌,10.0,거장병 걸린 나홍진과 충무로 스피커 유튜버들에게 오디세이를 바칩니다.
오디세이,네티즌,10.0,어떻게 인간이 다른 인간들을 영화라는 매체로 강력하게 설득시킬 수 있나?후반부 그 여운으로 내 삶을 다시 되돌아본다
오디세이,네티즌,10.0,외눈박이 괴물 장면에서도 긴장감 지리는데 마지막 전투씬이 개지립니다... 이게 골든글로브 안받으면 골든글로브 개망한겁니다
오디세이,네티즌,10.0,클리셰 없이 탄탄하게 잘 만든 영화.
오디세이,네티즌,10.0,크리스토퍼 놀란 + 맷 데이먼 = 100점 입니다 맷데이먼 집에좀 보내줘
오디세이,네티즌,10.0,인간이 결국 돌아가야 할 곳은 어디인가...
오디세이,네티즌,10.0,놀란 goat께서 자신이 신인 것을 증명하고 싶답니다.. 우리 다 같이 한 번만 봐줍시다
오디세이,네티즌,10.0,진짜 지리는 영화 나왔으니깐 꼭 보세요
오디세이,네티즌,7.0,"너무 신화적인 영화인듯,, 기대 보다 별로 9점대 영화는 아니다"
오디세이,네티즌,10.0,관랑평 처음 씁니다. 넘 재밌어서
오디세이,네티즌,10.0,왕십리아이맥스 14:50~17:52 H9열서 자기자리라고 우겼던놈 너땜에 초반장면 다놓쳤다 난독증걸렸냐? 여태 빡쳐서 영화보는데 집중도 못했다
오디세이,네티즌,10.0,나홍진 감독에게 이 영화를 추천합니다
오디세이,네티즌,10.0,이동진이 호프 4점을 줬다면이영화는 10000점을 줘야함인생 넘버원 영화 등극
오디세이,네티즌,10.0,"아니, 영화라는 걸,,, 처음 본 느낌.. 정말.. 한 사내의 인생을 쫒아 다니면서 구경하고, 듣고, 경험한다...는 걸 .... 온 몸으로 느낌 꼭 얇은 담요 갖고 4DX로 보세요!"
오디세이,네티즌,10.0,인생영화 갱신 백번봐라
오디세이,네티즌,10.0,영화제작에 들어가는 돈을 제대로 쓴 대작이다. 로케이션부터 실사화면 그리고 검증된 배우들의 연기까지 올해 수작이라 봅니다. 시간내서 개봉첫날 보니 더욱 좋네요. 2-3번 볼 용의도 있어요.
오디세이,네티즌,10.0,"근 1년간 간만에 영화같은 영화였다. 캐릭터의 몰입력을 받쳐주는 배우들의 연기력, 열린 결말임에도 가슴뛰게 만드는 연출력.. 뭐하나 빠짐없는 영화였다. 이 영화를 보기 망설이는 사람이 있다면 본인이 화려한 액션과 눈을 황홀하게 만드는 cg를 좋아한다면 비추천한다. 이 영화는 휴머니즘을 다루는 영화로 영상에서 보여주는 것이 전부가 아닌 그 뒤에 있는 것들을 상기시키는 매력을 가진 영화다."
오디세이,네티즌,10.0,영화란 무엇인지 놀란 감독이 다시 한 번 보여줬다!
오디세이,네티즌,10.0,이게영화다 돈은 이렇게쓰는거다
오디세이,네티즌,10.0,누가 이 영화를 흠잡나요? 단 한순도 지루하지 않은 40평생 최고의 영화였습니다.
오디세이,네티즌,10.0,무조건 봐라 소름 돋는다
오디세이,네티즌,10.0,오딧세이 원작 몰라도 괜찮습니다. 한 신화속 영웅의귀향길이 이처럼 모험적이고 아름다울 수 있을까요?
오디세이,네티즌,10.0,오디세이를 본받아 38도에 1시간동안집까지 걸어왔습니다서쪽으로..
오디세이,네티즌,10.0,클래식이 가지는 묵직함. 그것을 집요하게 고집스럽게 완성하고 마는 거장의 아우라. 거기에 빈틈을 찾을 수 없는 과하지도 부족하지도 않는 완벽한 캐스팅. 역시 놀란은 놀란이었다.
오디세이,네티즌,10.0,정말 너무너무 재밌고 감동적인 영화
오디세이,네티즌,10.0,"덩케르크때부터 놀란의 깊이있는 연출을 좋아하긴 했다만,,, 이 걸작을 고작 영화비 내고 보기엔 내 양심이 찔릴 정도였음. 그나저나,, 인간은 왜 좋은 말로 해선 못알아 먹는걸까. 저 시대때나 지금이나 꼭 개고생 해봐야 정신차리지 ㅋㅋㅋ 그것이 인간인건가."
오디세이,네티즌,10.0,모든게.쩐다....한국영화 아직 멀었다...
오디세이,네티즌,10.0,아이맥스로 보길 잘했다.다크나이트 3부작을 뛰어넘는놀란의 마스터피스.
오디세이,네티즌,10.0,역세권이 이래서 비싸구나
오디세이,네티즌,10.0,2026년 최고의 영화
오디세이,네티즌,10.0,한스짐머를 잇는 작곡가 루드비히 고란손
오디세이,네티즌,10.0,영화보면서 놀란게 후반부에 앤해서웨이 연기에 놀라고 영화보면서 또 놀란게 사운드가 너무 좋음진짜 처음 들어보는 사운드였음
오디세이,네티즌,10.0,이 무더위에 정신못차리는 관객들…시작부터 서늘한 웅장함으로 휘몰아 정신이 번쩍 들게 해주는 영화… 한눈팔지도 못함 ㅋㅋㅋ간만에 영화다운 영화..!!
오디세이,네티즌,10.0,2d로봤는데 이영화만든사람한테 미안해짐..용아맥으로 엔차예정
오디세이,네티즌,10.0,세 시간이 길지 않게 느껴지는 영화엄청난 배우들 데리고 이만큼 좋은 영화 만들어주셔서 너무 감사하시다
오디세이,네티즌,10.0,러닝타임이 하나도 안 느껴질 정도로 넘 재밌었어요!!
오디세이,네티즌,7.0,키클롭스 비명소리는 ㅅㅂ 내 생애 최고이자 최악의 영화적 사운드 경험이였다 이건 꼭 영화관에서 경험해야한다
오디세이,네티즌,10.0,영화보면서 처음으로 뭐랄까 브금부터 색다름 재밋게 봄
오디세이,네티즌,10.0,강아지 꼬리 흔들때 눈물 났음
오디세이,네티즌,10.0,간만에 재미있는영화였다는건사실..왕사남이후 눈시울적심..롯데시네마에서볼려면 굉음시네마에서보길추천...웅장한스케일은 굉음관에서 더 몸으로 느껴짐...별생각없이 갔다가 남들에서 롯시 굉음에서보길 추천하게되는영화였음..배우들의명연기에 내용적인면에서 완성도도 좋았음
오디세이,네티즌,10.0,"오디세이 걸작이고 명작이다 올 여름 극장가는 스파이더맨으로 브랜드 뉴 데이와 함께 오디세이가 이끌거다오디세이 영화 스케일로는 1000만 영화다 우선 오디세이가 내용이 방대하고 스케일이 큰 작품이라 어떻게 풀어내느냐에 따라 호불호가 갈렸을거다 복잡하게 어렵게 풀어갔다면 재미가 반감 됐을거다 그러나 감독이 크리스토퍼 놀란 감독이다 이 방대한 주제를 친절하게 길 아내하듯이 풀어가면서 3시간이라는 분량에 알차게 잘 담아냈다 3시간 상영내내 지루하지 않고 집중해서 보게 될 거다 배우들 연기도 깊이 있는 연기로 영화의 깊이를 더해 주었다영화 연출도 훌륭했다 극장에서 그것도 아이맥스로 봐야 하는 오디세이 ""누구도 나의 귀향을 막을 수 없어. 신들조차도"""
오디세이,네티즌,10.0,역시 믿고보는 놀란감독에 놀라다
오디세이,네티즌,10.0,원본과 결말이 달라 아쉽지만 10점 밖에 줄수없다는 부분 또한 아쉽다..
오디세이,네티즌,10.0,크리스토퍼 놀란이 세계적인 거장임을 확인함. 3시간이라는 긴 상영시간 내내 몰입감 장난 아님. 신화의 이야기를 손에 닿을듯 말듯한 인간의 이야기로 풀어내는 상상력. 노벨 영화상이 있다면 놀란의 오디세이로!
오디세이,네티즌,10.0,모두가 아는 이야기를 이렇게 만들 수 있는 사람이 몇명이나 될까
오디세이,네티즌,10.0,좋은 영웅서사 영화 입니다.
오디세이,네티즌,10.0,현재의 별들이 이야기 하는 과거의 노래가 훗날에도 기억되길 바라며...
오디세이,네티즌,10.0,미쳤어요 그냥 너무 재밌고 한번더 보고싶을 정도에요 소름끼쳐하면서 봤네옹
오디세이,네티즌,10.0,폭염에 지쳐 힘든 내 자신이 부끄럽다.
오디세이,네티즌,10.0,더 이상 말이 필요 있을까?딱 네마디로. 명불허전....끝
오디세이,네티즌,10.0,10점 밖에 못 줘서 미안한 영화
오디세이,네티즌,10.0,"3시간 순삭, 11시에 보고 왔는데 액션전쟁신이 너무 없어서 조금.. 아쉽다. 그러나 연출만은 .. 굿.세계관도 넓고..."
오디세이,네티즌,10.0,"크리스토퍼 놀란 감독은 영화를 만들었다더니, 한편의 위대하고 거대한 서사를 만들었네."
오디세이,네티즌,10.0,이 영화와 관련된 모든 사람들에게 찬사를 드립니다. 감사합니다.
오디세이,네티즌,10.0,죄를 지은 영웅의 카르마 해소 여정
오디세이,네티즌,10.0,크~~이런 카타르시스는 다크나이트 조커 등장씬 이후로 오랫만이군!! 상당히 재미있고 감동적인 작품이다. 비빌만한 작품으로는 벤허라고 하겠다.
오디세이,네티즌,10.0,집이 최고. 아내가 최고.
오디세이,네티즌,10.0,"오디세우스가 트로이전쟁을 승리로 이끌고신들의 방해없이 곧장 고향으로 돌아갔다고해도 그는 구원받을 수 있었을까고전신화를 이렇게 현대적으로 해석한 크리스토퍼놀란 감독님의 눈부신 각본 연출참전군인의 외상후스트레스, 약물의존을 상징하는연출 그리고 인생철학. 자신의 손안에서 마르지 않는양민학살의 피. 자신이 돌아가야 할 가장 소중한 가족의 품으로 이제는 돌아갈수 없게 되버린 무거운 업보,죄의식. 모든 구원을 포기하고 진정한 참회의 고통을받은자에게 다시 햇살처럼 내려오는 새삶의 희망 구원까지. 완벽합니다. 지금의 중장년들이 보면서 함께 공감하게될 젊은날의 죄악과 업보 참회 보속 그리고 진정 깨닫고 참회한 자에게 돌아오게될구원과 희망의 엔딩 마침표. 정말 좋은 작품성입니다"
오디세이,네티즌,10.0,호프보고 상처받은 마음 오디세이로 정화했다
오디세이,네티즌,10.0,멧 데이먼의 집 돌아가기 시리즈는 믿고 봐야합니다.
오디세이,네티즌,10.0,재밌다 아주 그냥 말이 필요없다
오디세이,네티즌,10.0,다크나이트를 뛰어넘는 작품이 나왔다.시간이 많이 지나면 학교에서 역사이야기로 보여줄 교본으로 삼아도 충분하다.
오디세이,네티즌,9.0,오디세우스 이름만 알고갔는데 영화가 아니라12부작 드라마 한번에 다본거같을정도로 떡밥 회수나 그런게 너무좋았음중간중간 툭툭던지는 대사가 마지막에 다가올때 너무 좋았음
오디세이,네티즌,10.0,그냥 보세요. 말이 필요 없음. 무조건 극장에서 봐야 해요
오디세이,네티즌,10.0,내가 이 영화를 보고 죽는다는게 행운이다.이토록 놀라운 경험을 한다는게 믿기지 않는다.고대문학과 현대기계문명이 만들어낸 최고의 걸작놀란감독에게 경의를 표한다.
오디세이,네티즌,10.0,올해 본 영화 중 가장 쩌는 영화
오디세이,네티즌,10.0,"40대 중반에 접어들고 어지간해서는 2시간짜리 영화를 통으로 집중력있게 보질 못했는데, 내 집중력 문제가 아니고 다른 영화가 나를 집중시키지 못했다는걸 이 영화를 본 후 깨달았다 딱히 좋아하는 장르도 아니고 중세 액션을 부담스러워 하는데도 3시간 순삭함. 연출, 연기는 말할것도 없고, 음향, OST가 사람을 미치게 만듬.(최고)내 삶에 대해 ""?"" 가 많아지는 하루. 꼭!! 극장에서 보시길.."
오디세이,네티즌,10.0,보는 내내 소리지를까봐 입 틀어막고 봄. Perfect 완벽함.
오디세이,네티즌,10.0,고전은 시대가 흘러도 고전이다
오디세이,네티즌,10.0,놀란이 또 놀라게 했다.
오디세이,네티즌,10.0,"아이멕스로 보지못하는게 너무 속상하다... 역시 크리스토퍼놀란답게, 전투씬은 최대한 실제와 가깝게, 철학을 녹여놓은 대사와 스토리, 영화가 끝난 후 확고한 메세지 전달이 있는 영화"
오디세이,네티즌,9.0,전쟁의 주인공은 영웅이 아닌 희생자들이 맞지
오디세이,네티즌,10.0,10년간의 귀향에서 돌아온 것은 오디세우스 혼자만이 아니었다.
오디세이,네티즌,6.0,너무 기대하진마세요. 세기의 명작수준은 아닙니다.전 기대치가 너무 높았나봅니다.거대한 서사시를 영화화한 것만으로 박수를 보내지만 세간의 극찬은 과하다고 느꼈습니다.
오디세이,네티즌,10.0,진짜 영화관 가서 보세요 영화관의 존재 이유입니다
오디세이,네티즌,10.0,지루하다는 평이 있어서 조금은 기대 안했는데 실제로 보니 시간 순삭입니다. 마지막은 감동도 있고 …인간 승리라는 말이 떠오르는 영화 였습니다. 3시간이지만 볼 내용이 풍부해서 금방 지나갔습니다. 주인 기다린 강아지땜에 감동!! 와이프랑 마지막씬 눈물 찔금 ㅎㅎ
오디세이,네티즌,10.0,진심 대단한 영화입니다 그의 전개 방식은 정말 놀라게 합니다 남이 뭐라고 하든 직접 보고 판단하시길 바랍니다 추천합니다 TT_T
오디세이,네티즌,6.0,"놀란감독 특유의 사운드,영상미는 좋았지만 그리스신화 괴물들 막 많이 나오면서 화려하고 도파민 터지는 액션신 기대하면 실망할 영화. 영화의 내용보단 영상미,사운드,배우들의 연기가 반이상 차지한 영화같음"
오디세이,네티즌,10.0,영적이고 철학적메세지가 깊고 좋음 스케일크고 액션씬도 대단했음 맷데이먼 연기도좋았음
오디세이,네티즌,10.0,시간이 너무 빨리감..오디세우스를 배신한 기분림
오디세이,네티즌,10.0,"영웅의 이야기가 아닌, 인간의 불완전함과 중요한 덕목에 대한 이야기를 담은 영화.오디세우스를 앞세운 우리들의 이야기"
오디세이,네티즌,10.0,"스토리,연기,배역,몰입도,스케일,영상 모두 근래 본 영화 중 최고 만족스러움. 3시간 러닝타임이 어떻게 흐르는지 모르게 그리스 신화에 빠져듬. 또 보고싶다!"
오디세이,네티즌,10.0,간만에 영화다운 영화를 본 것 같습니다.
오디세이,네티즌,9.0,인간이 영웅이되는 과정이 아닌영웅이 다시 인간이되는 고난의 과정 전쟁영화가 아니라 <라이프오브파이>같은 생존드라마에 가까움
오디세이,네티즌,10.0,숨 못 쉬는구간있음. 주의바람.
오디세이,네티즌,10.0,호메로스 일리야드 좋아하는데 영화로도 재밌네
오디세이,네티즌,10.0,역시 놀란은 놀란이다. PC스러움이 너무 묻었다는 우려스러움이 전혀 이질적으로 느껴지지않았다. 아는 이야기지만 놀란의 가치관이 입혀진 놀란의 독후감 같은 느낌이지만 이런 해석이 더 좋았다.
오디세이,네티즌,10.0,태어나서 본 영화중에 최고가 아닐까 싶었음. 완벽하다고 밖에는.
오디세이,네티즌,10.0,놀란<<< 얘는 그냥 신임 ㅋㅋ
오디세이,네티즌,10.0,집에가고싶지않았는데 집에가고싶었다..
오디세이,네티즌,10.0,"어릴때 읽어본 신화 이야기, 하지만 이 영화는 그 신화의 내용이 생각이 나면 그것대로, 전혀 내용을 모른다 할지라도 그건 또 그것대로 웅장함이 가슴을 파고드는 영화네요. 3시간 가까이 가득 들어찬 객석을 이동하는 사람이 한명도 없는 장면 오랜만에 봅니다. 한줄 요약 : 그냥 초대작!"
오디세이,네티즌,10.0,영화예매할때 할인권 찾다가 없어서 그냥 결제했는데 다행이란 생각이 들만큼 재밌었어요. ㅎㅎ 꼭 극장에서 보시길 권합니다~??
오디세이,네티즌,10.0,장대한 대서사시. 영화의 가치란 이런 것이다
오디세이,네티즌,10.0,호프야 반성해라...이런게 영화다.유튜버나 감독들 어거지 호프 농가살리기 랑비교하니... 티켓값이 아깝지 않다.
오디세이,네티즌,10.0,올해본 최고작연출 연기 음악 스토리 빠질게없어요.일반관으로 봤는데 IMAX로 한번 더 봐야겠어요
오디세이,네티즌,10.0,2026년 최고의 걸작. 드디어 영화다운 영화가 나왔다
오디세이,네티즌,10.0,아들이엄마랑 영화보는게소원이라고 아무기대없이보게된 오딧세이영화 한시도 눈을뗄수가없는 연출이며 스토리 감동?영화를언제봤던가 정말잼났습니다
오디세이,네티즌,9.0,와~ 역시 말이 필요없네요굿~!이 영화보니 호프도 재밌었네요.둘다 다시 한번 더 봐야겠어요
오디세이,네티즌,10.0,최근에 본 영화중 최고전쟁의 참혹함
오디세이,네티즌,10.0,
오디세이,네티즌,10.0,와 영화 스토리 너무 탄탄하고 진짜 재밌음
오디세이,네티즌,10.0,항상 날 놀라게 만드는 놀란감독ㅜㅜ못잊을영화야ㅜㅜ
오디세이,네티즌,10.0,최고미쳤다 몰입력말안됨
오디세이,네티즌,10.0,3시간 내내 쉴 새 없이 몰아쳤다. 난 그 폭풍 속에서 정말 크게 즐겼다.
오디세이,네티즌,10.0,크리스토퍼 놀란 감독은 역시 다르네.. 레전드는 레전드다
오디세이,네티즌,10.0,이게 영화다... 지금까지 살면서 이런 영화를 기다려왔다오 상영관 나오면서 바로 다시 예매한 영화는 처음 놀란이 일냇다
오디세이,네티즌,10.0,10점 만점에 11점 주고 싶은 영화에요. 메세지를 잘 뽑았고 그 메세지까지 관객을 잘 끌고 가요. 감독이 원하는 그 지점에 제가 가서 무릎 꿇는 느낌이에요. 또 보고 싶은 영화에요. 너무 길어서 지루할까봐 팝콘도 사갔는데 2시간 지나고 처음 시계봄요. 지루해서가 아니라 이야기가 어디까지 온 걸까 싶어서요. 아이맥스로 한번 더 봐야겠어요.
오디세이,네티즌,10.0,"헬레네 고작 5분나오는거에 pc가 어쩌고 저쩌고 하면서 안볼란다 하는 사람들도 있던데, 나머지 2시간 25분의 걸작을 버리는거임.. 그리고 그외 캐스팅은 다 존나 찰떡임 샤를리즈 테론 칼립소 보자마자 평생 저기서 살수있겠다 생각함"
오디세이,네티즌,10.0,가족 다같이 봤는데 너무 잘 만든 영화 입니다 강추드려요~^^
오디세이,네티즌,10.0,역시 놀란 감독... 3시간이라는 러닝타임이 무색할 정도로 몰입감 높은 작품이었어요ㅠㅠㅠ 아이맥스로 꼭 재도전 합니다!!!
오디세이,네티즌,10.0,2026년 명작 대작 영화다.
오디세이,네티즌,10.0,스크린이 아닌 전설을 직접 목격한 기분.
오디세이,네티즌,10.0,내가 두눈으로 신화를 보았다.
오디세이,네티즌,10.0,인터스텔라만큼의 감동을 주는 최고의 영화♡ 인간사와 세상사에 대해 생각해볼수있는 의미있는 영화. 놀란감독님은 천재가 맞는거같다 ♡ 영화관에서 아이맥스로 세번은 봐야징
오디세이,네티즌,10.0,"집으로 가기위한 험난하고 잊혀진 여정, 우리 인생과 같다.극장에서 다시 보고 싶은 몇 안되는 영화"
오디세이,네티즌,10.0,3시간 동안 지루할 틈이 없는 영화였다.
오디세이,네티즌,10.0,개인적으로 이영화를보시기전2004년작 트로이를 선행하시면 인물관계도 좀더 친숙하게다가옴영화가 3시간좀넘지만 지루한장면 1도없었음2D로봤지만 사운드가 두둥좌석에 울림
오디세이,네티즌,10.0,우와 진짜 모든 게 완벽한 영화네요...3시간 시간 가는 줄 모르고 봤습니다!최근에 한국영화들 보다가 이 영화보니 정말 클라스가 다르네요...!
오디세이,네티즌,10.0,역시 우리 놀란형..인테스텔라 이후전율을 느꼈다꼭 극장에서 보세요
오디세이,네티즌,10.0,임펙트있는 어느 하나를 콕 집어서 이야기할 영화가 아니라 전체적인 구성이 조화를 이루어 182분동안 눈을 뗄 수 없을 정도로 관중을 몰입하는 요소들이 많은 고퀄리티의 영화였습니다. 한 번 보기는 아까운 영화네요. 다음에 기회가 된다면 imax로 보고싶네요.
오디세이,네티즌,10.0,최근 군체/호프 보고 화가 났던게이걸보고 감동으로 물들었어요 대박...와 스케일도 어마어마하고 아들비중은 너무 적었어도마지막 전투씬도 좋았습니다.
오디세이,네티즌,10.0,기대안하고 봤는데 엄청 재밌다 스파이더맨 보단 이게 낫다
오디세이,네티즌,10.0,너무 재밌게 봤습니다 굿입니다
오디세이,네티즌,10.0,마지막을 위한 빌드업이 개지렸음
오디세이,네티즌,10.0,영화는 이런것이다라는걸 보여주네요
오디세이,네티즌,9.0,크리스토퍼 놀란 이라는 '장르'
오디세이,네티즌,10.0,신화 속 영웅을 현실로 끌어내려 인간으로 되돌리다
오디세이,네티즌,10.0,특별관용. 역시 놀란.
오디세이,네티즌,10.0,책을 본 입장에서 많은 내용이 생략되서 아쉬웠지만 그래도 좋았음
오디세이,네티즌,10.0,이게 영화의 희망이다!!
오디세이,네티즌,10.0,이 영화는 모든 면에서 완벽함.
오디세이,네티즌,10.0,올해 가장 완벽한 영화라고 생각된다
오디세이,네티즌,10.0,너무 재밌어서 또 보러 갈 예정. 시간 가는줄 모르고 봤다...! 끝나는게 너무 아쉬웠을 정도.
오디세이,네티즌,10.0,최고였다 진짜 또 놀랐다
오디세이,네티즌,10.0,"역대급 의미를 가진 영화인듯, 최근 인류에게 딱 맞는 내용."
오디세이,네티즌,10.0,여러분 집에 매일 퇴근하는것을 감사하세요!!
오디세이,네티즌,10.0,음악이 울릴때 나도 울리는듯
오디세이,네티즌,10.0,"극장의 존재 이유를 다시 느끼게 해준 영화였습니다. 압도적인 몰입감 속에서 오디세우스의 여정을 함께한 듯한 경험이었고, 마지막 장면은 깊은 감동과 함께 여러 생각을 남겨 오래도록 여운이 이어졌습니다."
오디세이,네티즌,10.0,연출 사운드 연기 전부 완벽했던 최고의 대작..기대 많이 하고 봤는데도 감동 먹고 나옴..
오디세이,네티즌,10.0,존잼입니다. 두번 이상 봐야 할듯..
오디세이,네티즌,10.0,오디세이 중학생 아들과 볼건데 야한장면 있나요?
오디세이,네티즌,9.0,항상 놀라움을 선사하는 놀란 감독의 연출은 물론이고 어느 배우 한명 안빠지고 배우들의 연기력만 봐도 이 영화의 표 값이 아깝지 않다.
오디세이,네티즌,10.0,입이 벌어지네요..!
오디세이,네티즌,10.0,오늘 봤는데 아주 재밌습니다!! 꼭 보세요~
오디세이,네티즌,10.0,와.. 진짜 명작이었습니다.
오디세이,네티즌,10.0,영화 보는 내내 꿈을 꾸는거 같은 기분임
오디세이,네티즌,10.0,"놀란감독 스타일 그대로!!음향, 영상 모자람이 없습니다."
오디세이,네티즌,10.0,미침미춌음 !!!! 개잼
오디세이,네티즌,10.0,평생 이 영화만 본다고해도 좋을거같다.
오디세이,네티즌,10.0,듄3가 올해 최고의 영화가 될 거지만 오디세이 진짜 미쳤다
오디세이,네티즌,10.0,인생 최고의 영화 3시간이 순식간에 지나감
오디세이,네티즌,10.0,원작을 어느정도는 알고봤으면 좋겠다 고마운 침착맨
오디세이,네티즌,10.0,웅장함에 압도당했다.
오디세이,네티즌,10.0,최고다. 예술이다. 이런작품을 볼수있음에 감사한다.
오디세이,네티즌,10.0,역시 놀란이다. 최근 본 영화 중 가장 아름다운 영화.
오디세이,네티즌,10.0,유튜브에서 스토리 요약본을 보고 가는것을 추천 개인적으로 알고보니 훨씬 재미있었음
오디세이,네티즌,10.0,굿 호프의 ㅎ도 꺼내면 안될만큼 명작임!
오디세이,네티즌,10.0,뭐 하나 빠짐없이 완벽한 영화임 돈이 1도 안 아까움
오디세이,네티즌,10.0,진짜 레전드영화입니다 꼭보세요...
오디세이,네티즌,10.0,놀란영화는 극장에서봐야함
오디세이,네티즌,10.0,개봉 첫 날 보길 잘했다. 또 봐야지!
오디세이,네티즌,10.0,와~ 고전책으로 느낄수있는 감정선을 잘 표현했네요
오디세이,네티즌,10.0,저 평점 잘 안남기는데오늘 친구따라 보러갔다가간만에 진짜 영화다운 영화 본것같아요
오디세이,네티즌,10.0,영화평 눈팅만 하다가 처음으로 씁니다... 꼭 보세요.
오디세이,네티즌,10.0,"우리가 인생을 살아가며 마주하는 예상치 못한 고난과 위기, 그리고 그것을 하나씩 헤쳐나가는 모습을 그린듯해 마치 삶의 여정을 보는것 같았다."
오디세이,네티즌,10.0,이게 영화다 꼭 보세요 올해 최고의 영화
오디세이,네티즌,10.0,놀란 감독이기에 가능한 영화!
오디세이,네티즌,10.0,올해의 영화입니다. 이게 영화지 고전소설인지 분간이 안 가네요
오디세이,네티즌,10.0,논란이 논란했다...
오디세이,네티즌,10.0,아.. 최고였다....
오디세이,네티즌,10.0,맷 데이먼과 부하들의 고군분투 그리고 그리스 신화
오디세이,네티즌,10.0,이렇게 훌륭한 영화를 보지 않을 이유가 있을까요
오디세이,네티즌,10.0,놀란이 또 역작을 만들었음 개재밌다
오디세이,네티즌,10.0,호프가 영화냐???? 이런 걸 영화라고 하는거다..
오디세이,네티즌,10.0,아이맥스 용산아직도 방문 안했다면 절호의 기회유일하게 용산imax비율 처음부터 끝까지 상영하다니인터스텔라 인셉션 같은 치밀히게 설계해서 만든 영화가 아닌그리스로마신화 내용의 영화입니다.좀 다른 것은 등장인물들의 감정선을 포함한재미있게 보았습니다.호프 시사회로 용산 imax에서 얼마전 보고 왔는데같은 상영관이 맞나 싶네요
오디세이,네티즌,10.0,진짜너무너무재밌어요
오디세이,네티즌,10.0,내 인생영화. 너무 재밌음
오디세이,네티즌,10.0,올해 최고의 영화기회가 된다면 영화관에서 또 보고싶다
오디세이,네티즌,10.0,진짜 알바광고 정말 정말 아니구요 ㅋㅋㅋ 영화 자주 보는데 최근에도 스파이더맨 보고 왔는데 진짜 살면서 본 영화 중에 제일 제일 재밌습니다! 진짜 영화관에서 꼭 봐야하는 영화입니다. 진짜 보는 내내 영화가 너무 재밌어서 화장실 가야하는 것도 참고 계속 봤습니다. 알바 풀었네라 생각하지말고 진짜 꼭 꼭 봐주세요 제발 진짜 영화가 진짜 말도 안됩니다!!!! 제발 꼭 봐주세요
오디세이,네티즌,10.0,오랜만에 영화 재밌게봄
오디세이,네티즌,10.0,모든것이 완벽한 영화!! 놀란이 놀란했다.
오디세이,네티즌,10.0,최곱니다. 오디세이~~~스파이더맨~~~
오디세이,네티즌,10.0,영화는 두말할 것 없이 최고. 강아지 꼬리치며 눈감는 장면에 오열ㅜㅠ
오디세이,네티즌,10.0,호프로 썩힌 눈 정화하고 왔다.
오디세이,네티즌,10.0,무슨 말이 필요한가? 그 시절의 배경을 사실적인 측면에서 최대치로 잘 뽑은거 같다.
오디세이,네티즌,10.0,용아맥은 18일까지 전시간 다 매진.틈틈이 보며 빈자리나면 또 봐야지.아니면 18일 이후에 또 기회생기면 예매.
오디세이,네티즌,10.0,너무 재밌어요 심지어 기대하고 봤거든요 모든게 최고! 또 봐도 될만한 영화입니다ㅋㅋ 잘봤습니다^^
오디세이,네티즌,10.0,그리스 로마 신화 좋아하길 잘했다...
오디세이,네티즌,10.0,정말 명작이다 이런걸 볼수있음에 감사한다 그누구하나 화장실 갈수가 없었다.
오디세이,네티즌,10.0,아는 스토리이지만 구성 연출이 뛰어나고 중간중간 이어지는 내용이 너무 훌륭했음
오디세이,네티즌,10.0,진짜 대명작이다 쩌러 완전 지림 진짜 잘만들었다 와
오디세이,네티즌,10.0,인셉션 배트맨 덩케르트 그리스신화 미국전쟁현실 모두 맛볼 수 있습니다
오디세이,네티즌,10.0,예습하고 가는걸 권장합니다. 뭘 말하고 싶은지 어렵긴하네요. 영화로서는 정말 대단한 영화입니다.
오디세이,네티즌,10.0,용아맥에서 개봉당일날 봤습니다.. 제값주고 못보는 사실에 대해 의문을 가졌지만 영화가 끝나니 의문이 사라졌습니다.. 꼭 아이맥스에서 보시는걸 추천드려요
오디세이,네티즌,10.0,진짜 스파이더맨 보고 이것두 봤는데 너무너무 재밌어요.. 아직도 여운이 남는다.. 아이맥스로 다시보고싶음………. 아 후회중
오디세이,네티즌,10.0,정말 재미있게 보고 왔습니다. 3시간이라는 긴 러닝타임이 전혀 느껴지지 않을 정도로 몰입감이 뛰어났습니다. 오랜만에 시간 가는 줄 모르고 본 영화였습니다.
오디세이,네티즌,10.0,인물들의 감정선이 너무 잘 느껴졌습니다. 마지막에는 울컥하더라구요!
오디세이,네티즌,10.0,명불허전문멍을 일으키는것도 파괴하는것도 인간임
오디세이,네티즌,10.0,와..말이 안 나오네 진짜 미쳤다..내용을 알고봐도 최근에 이렇게 가슴뛰며 본 영화가 있었나
오디세이,네티즌,8.0,놀란 감독 영화 세계의 총망라
오디세이,네티즌,10.0,여운이 엄청나네 오랜만에 좋은 영화 잘 보고 갑니다
오디세이,네티즌,10.0,영화관 존재의 이유를 또 한번 느꼈다. 진정한 거장 크리스토퍼 놀란.
오디세이,네티즌,10.0,영화가 완벽하게 내 취향일 때 10점을 주는데 몇 년만에 10점인지 :D
오디세이,네티즌,10.0,틸레마코스는 피터한테 싸움실력 다 줬다ㅋㅋ
오디세이,네티즌,10.0,포디로 봤는데 아맥으로 한번 더 봐야겠네요스파가 포디로 찰떡이였네요
오디세이,네티즌,10.0,헬레네를 크게 거슬리지 않을 정도로 쓴게 놀랍다.
오디세이,네티즌,10.0,역대급 명작임! 서사 영상미 모두!
오디세이,네티즌,10.0,러닝타임 긴 영화라 맘먹고 관람!난파되는 배장면에서 왜 눈물이??감동이였나보다 집으로 가는 가장의 힘든 여정이!
오디세이,네티즌,10.0,2026 최고의 영화…오디세우스 사랑해요
오디세이,네티즌,10.0,브래드 피트의 '트로이'로 시작된 대 서사가 맷데이먼의 '오디세이'로 완결됐다.
오디세이,네티즌,10.0,이게 남잔가... ㅈ댄다 그냥...
오디세이,네티즌,10.0,역시 놀란 역시다 놀란다
오디세이,네티즌,10.0,신화를 현실감있게 구현한게 인상적. 너무 현실에 치중한 나머지 그냥 대충 넘어간 장면들도 많아서 아쉬움. 긴 러닝타임이라 좀 아쉽다랄까. 주제가 주제인지라 신화를 다루는 장면들이 많았으면 더 좋았을거같음.
오디세이,네티즌,10.0,괴물등장 두둥 압권이다
오디세이,네티즌,10.0,모든게 완벽한 영화... 인생영화 등극
오디세이,네티즌,10.0,연출미쳤다 진짜 ㄷㄷ 돈 들인 티가 남
오디세이,네티즌,10.0,꼭 극장가서 보세요... 강아지 가 주인공을 20년을 기다렸어요 ㅜㅜ 거기서 눈물터짐 ㅜㅜ
오디세이,네티즌,10.0,진짜 잘 만들었어요....
오디세이,네티즌,10.0,"한 문장으로 이 영화를 정리할 수 있다. ""놀란이 놀란했다"""
오디세이,네티즌,10.0,이 이야기가 3000년전에 만들어졌다는게 놀랍다.
오디세이,네티즌,10.0,진지하게 말하면 놀란의 최고작까지는 아니었으나 이 정도 경험과 느낌을 주는 영화를 찾으라면 나는 사실 못 찾겠다
오디세이,네티즌,10.0,기대하고 봐도 기대 이상
오디세이,네티즌,10.0,너무너무 재밌었다 다소 긴 러닝타임이 전혀 길지 않았다 스토리 영상미 음향까지!! 아이맥스관에서 또 보고싶은 영화!
오디세이,네티즌,10.0,놀란 영화는 마치 칼립소의 유혹에 가깝다
오디세이,네티즌,10.0,기대1도안했는데 개재미있네;; ㅋㅋ
오디세이,네티즌,10.0,한마디로 표현하면 진짜 조오오오온나 재밌습니다 그냥 재밌다는 표현을 써도 되나 싶을정도로 재밌습니다
오디세이,네티즌,10.0,ABSOLUTE CINEMA
오디세이,네티즌,10.0,3시간이 뚝딱~ 몰입감 맷 데이먼 역시 멋짐??
오디세이,네티즌,10.0,같은 돈을 내고 봐도 다 같은 영화가 아니다.
오디세이,네티즌,10.0,진짜 꼭 보세요 ㄷㄷ 재밌어요
오디세이,네티즌,10.0,영화 트로이 보고 오디세이 보시면 영화 더 쉽게이해됩니다 헬레나 빼고는 영화에 흠이 없음
오디세이,네티즌,10.0,일부러 영화에 대한 검색 아예 안 하고 무지한 상태로 봤는데 이해 안 되는 부분 거의 없이 완벽하게 개연성 서사 진행 다 이해됩니다. 초반에 살짝 뭐지 싶을 수도 있으나 결론적으로는 완벽한 영화임을 알 수 있을 것임
오디세이,네티즌,10.0,러닝타임 3시간 기저귀 필수지참
오디세이,네티즌,10.0,위엄과 기품으로 유명한 아테나가 시장통 인도네시아 여자처럼 생긴 것 빼곤 다 좋았다.
오디세이,네티즌,10.0,Good good good good
오디세이,네티즌,10.0,내용을 알고 봐도 재미있네요.. 오디세우스를 뛰어난 전략가이자 영웅으로 그리지 않고 신 앞에선 그저 어리석고 나약한 한 인간으로 그리면서 전쟁의 폭력성과 허망함을 표현한 점이 좋았어요... 3시간이 후딱 지나갔습니다~
오디세이,네티즌,10.0,ㅐ쯘다 간만에 명작나옴요
오디세이,네티즌,10.0,이러한 감동을 느꺼본게 거진 30년전 영화인 타이타닉이네요~~
오디세이,네티즌,10.0,놀라워요 와우 좋았습니다 대단한 영화
오디세이,네티즌,10.0,신화을 기반으로 스토리라인을 정말 잘 만들었음
오디세이,네티즌,10.0,역시 크리스토퍼 놀람 감독!!!!
오디세이,네티즌,10.0,OST가 생각보다 너무 좋았고 CG를 배제한 장면들이 괜찮았음. 영웅의 일대기 보다는 고뇌에 대한 내용. 초반은 살짝 지루한 느낌도 들었는데 중반 이후부터는 아주 좋았음. 배우들의 열연과 탐욕 교만에 대한 경고가 감명깊게 다가섰음. 영화다운 영화
오디세이,네티즌,10.0,영화가 지루하지 않고! 맷데이먼 연기 너무 좋았어요!
오디세이,네티즌,10.0,뭔가 꿈을 꾼 것 같다 영화 끝나니까 전쟁하고 후유증 남은 병사가 됐음
오디세이,네티즌,10.0,이게 영화지 지렸다 모든게 띵~내마음 띵~띵에 눈물 쏟았다
오디세이,네티즌,10.0,내용 알고 보면 더 재미난 영화
오디세이,네티즌,10.0,이것이 진짜 영화다!! 3시간 내내 너무 재밌었다~연출 영상 연기 스토리 배경 음향 모두 최고!! 올해 처음 영화관 간 보람있다!
오디세이,네티즌,10.0,운명이란 받아들이지 않으면 많은 것을 잃게 되는 것이며 받아들이게 된다면 잃지 않으려고 행하는 것이다. 무언가를 행할 때 죄의식을 가지고 행하여야 하며 신이 만든 법칙을 어긴다면 그 대가를 따라야 한다.
오디세이,네티즌,10.0,스토리도 영상도 연기들도 너무 멋짐.감독 어떻게 이렇게 만들수 있는지 멋지다
오디세이,네티즌,10.0,다크나이트를 넘은거같다
오디세이,네티즌,10.0,침튜브 김헌 교수님 2시간 영상 보고 영화봤는데아는 만큼 보인다고 2배 더 즐겁게 봄
오디세이,네티즌,10.0,놀란 당신은 대체...
오디세이,네티즌,10.0,3시간의 러닝 타임 속 버릴 장면 하나 없는 고봉밥 같은 영화. 호프보고 짜증난 마음 오디세이 보고 놀란 마음되었습니다.
오디세이,네티즌,10.0,신화를 현실로 불러오는 놀란의 놀라운 연출력에 또 한번 감탄합니다
오디세이,네티즌,10.0,꼭 극장가서 보시길정말 재밌게봤습니다.
오디세이,네티즌,10.0,놀란의 신화는 이런모습이었다.
오디세이,네티즌,10.0,3시간 후딱간다 강추입니다
오디세이,네티즌,10.0,최고의 영상미와 스토리 감동임
오디세이,네티즌,10.0,대단한 영화입니다. 감탄했고 여운이 가시지 않네요!
오디세이,네티즌,10.0,멧데이먼은 나이가 들어도 섹시하다.
오디세이,네티즌,10.0,너무나무잼나요 눈을뗄수없을정도예요
오디세이,네티즌,10.0,놀란은 믿고본다.. 너무너무 재밌다 3시간 훌쩍 가네
오디세이,네티즌,10.0,'Bringing it all'
오디세이,네티즌,9.0,"역시는 역시 놀란은 놀란인가보다. 감독의 연출, 배우의 연기 죽여줍니다. 영화를 보며 느낀건데 그리스연합군vs트로이의 상황이 요즘 미국vs이란을 보는 듯했다. 아가멤논이 트로이의 해상무역,교역을 탐내 쳐들어갔다 헬레네는 핑계일뿐 이런게 석유자원, 또 호르무즈 해협을 둘러싼 다툼 등이 생각나더라... 물론 이란은 테러리스트를 지원하고 중동분쟁을 일으키는 파렴한치한들이지만 ... 구도는 그렇게 보이더라 그리고 오디세우스는 그 두나라 사이에서 피터지는 중립 동맹국들?"
오디세이,네티즌,10.0,개미쳤다 역대급...
오디세이,네티즌,10.0,명작반열에 오를 영화 간만에 나왔다.이게영화다 이게 예술이고
오디세이,네티즌,10.0,이런 영화가 또 나올수 있을까요? 모든게 완벽!!!
오디세이,네티즌,10.0,아주 오래전 오디세이아 독후감 숙제를지금 끝내네..
오디세이,네티즌,10.0,오줌보 때문에 마지막 3분 놓친 거 빼고는 아쉬운 게 전혀 없었음.
오디세이,네티즌,10.0,아 미쳤다 진짜ㅋㅋㅋㅋ 놀란 영화답다
오디세이,네티즌,10.0,올해 본 영화중에 제일 재밌어요
오디세이,네티즌,10.0,와 진짜 재밌다.. 쩐다라는 말밖에… 엔딩에 오디세이 제목 나올 때 소름 돋음. 그냥 와 대단하다 재밌다 란 말밖에 안나옴
오디세이,네티즌,10.0,역시 놀란감독님! 오랜만에 너무 잼나게 봤어요
오디세이,네티즌,10.0,흑레네 빼곤 모든게 완벽했어요
오디세이,네티즌,10.0,기대했던 것보다는 평이한 전개. 스토리를 다 알아서 그런지 크게 감동이 되는 포인트는 없는것 같고 마지막 복수 장면만 조금 감정이입되는 정도?그런데 영상미나 스토리 전개가 예상보다는 괜찮았고 오디세이 내용을 전혀 모르고 와서 보는 사람은 흥미로울 수도 있겠단 생각. 주제가 무언지가 좀 헷갈리는 부분인데 각자가 보는 관점에 따라서 다를수도 있겠다고 생각이 듦
오디세이,네티즌,9.0,이 정도면 영화의 신이 만든 듯.
오디세이,네티즌,9.0,러닝 타임이 긴 영화인데도 불구하고 몰입도가 좋아 재미있었습니다. 올해본 영화중 가장 돈주고 볼만했던 영화.
오디세이,네티즌,10.0,몰입도 최고 시간순삭 ! 내 3시간 어디갔어..!?
오디세이,네티즌,10.0,와..정말 재미있게봤어요최곱니다
오디세이,네티즌,9.0,"와 재밌음. 율리시스 율리시스 평화의 방패...스페이스 오디세이? 애니로 보던 세대인데,고전 신화 소설을 실사로 보니 웅장하네.긴장감도 쩐다. 여러 고난을 헤쳐가는 영웅의 스토리.헤라클레스도 다시 좀 만들었으면...여친 타령만 하는 스파이더맨보다 훨씬 재밌음"
오디세이,네티즌,10.0,그냥 잘 만들었단 생각이 듬. 엄청 화려하고 이런건 아님.
오디세이,네티즌,10.0,이 영화랑 스파이더맨이랑 고민한 내가 한심스럽다. 명작 중 명작이다. 행복한 3시간 이었다.
오디세이,네티즌,10.0,***보고있나? 영화는 이렇게 만드는거다
오디세이,네티즌,10.0,오래전부터 전해지던 음악을 완벽한 영화로 만들었을때 오는 감동..
오디세이,네티즌,10.0,신화적인 얘기도 현실에서의 얘기도 전쟁으로 얻는것은 아무것도 없다는 ... 생각을 많이 하게되는 영화네요. 스파이더맨도 초근 보았는데 두 영화에 출연하는 배우들이 많이 나오네요~재밌게 보았어요^^
오디세이,네티즌,10.0,이게 영화지 이게 영화야
오디세이,네티즌,10.0,"아 진짜 연기력하며, 사운드하며 거를 타선이 없던.. 괜히 크리스토퍼 놀란이 아니다"
오디세이,네티즌,10.0,처음부터 끝까지 모든 것이 완벽했다.
오디세이,네티즌,10.0,"덩케르크에서 삐졌고, 테넷에서 절교했는데..시간으로 장난 안치고 과학으로 똑똑한척 안하니까이렇게 재밌게 잘만들면서??????????"
오디세이,네티즌,10.0,기대하지 않고 무슨 내용인지 전혀 모르고 봤지만 너무 멋지고 생각을 많이 하게 하는 영화였습니다. 다시 한 번 보고싶어지는 영화입니다!
오디세이,네티즌,10.0,"고딩 아들,딸 같이 보고 왔어요. 정말 강추 합니다. 영화요금…이돈내고 이런영화를 볼 수 있음에 감사하였고. 최근 본 영화중 1위 등극했어요. 이건 꼭 극장에서 보시길 강추합니다. 놀란감독님 감사해요"
오디세이,네티즌,10.0,"정말 놀란감독은 한 인물의 내면, 고통, 의지를 표현하는게 탁월하다. 단순한 신화 이야기를 이렇게 풀어내다니 대단하다"
오디세이,네티즌,10.0,다크나이트라이즈 이후로 정말 흥미진진하게 본 놀란 감독 영화였습니다. 강추합니다. 정말 재밌네요. 이야기의 힘 그리고 인간의 위대함이 느껴집니다.
오디세이,네티즌,10.0,영화보는 내내 소름이 돋았다.
오디세이,네티즌,10.0,그냥 꼭 보세요 무조건 영화이거 말 안됩니다
오디세이,네티즌,10.0,저번주 호프보고 봤는데 ㄹㅇ 눈이 정화된다 부자상봉할때 나오는 음악이 다크나이트 생각남
오디세이,네티즌,10.0,용아맥에서 봤는데 안 봤으면 후회할뻔 !!! 미쳤다
오디세이,네티즌,10.0,마지막 40분은 눈을 깜빡이는 시간조차 아까웠다.
오디세이,네티즌,10.0,왕십리아이맥스 14:50~17:52 H9열서 자기자리라고 우겼던놈 너땜에 초반장면 다놓쳤다 요즘 장애인들은 부모동반안하나? 여태 빡쳐서 영화보는데 집중도 못했다 글고 CGV거기에 대한 조치도 안해주고 니들은 손절한다
오크 스트리트의 마지막 날,실관람객,1.0,관람객
오크 스트리트의 마지막 날,실관람객,6.0,관람객
오크 스트리트의 마지막 날,실관람객,10.0,관람객
오크 스트리트의 마지막 날,실관람객,3.0,관람객
오크 스트리트의 마지막 날,실관람객,9.0,관람객
오크 스트리트의 마지막 날,실관람객,2.0,관람객
오크 스트리트의 마지막 날,실관람객,8.0,관람객
오크 스트리트의 마지막 날,실관람객,5.0,관람객
오크 스트리트의 마지막 날,네티즌,1.0,좋은 소재로 이딴 영화 만드는 것도 재능인듯. 개연성은 박살나있고 12세 치곤 잔인한 장면들이 간간히 나옴. 그리고 동성애 장면이랑 공룡 교미장면은 왜 넣은 건지도 모르겠음.
오크 스트리트의 마지막 날,네티즌,10.0,"쥬라기 공원만큼의 작품은 아니지만, B급 영화 특유의 재미를 가져다 줌"
오크 스트리트의 마지막 날,네티즌,1.0,1982년 배경의 1982년수준의 시나리오
오크 스트리트의 마지막 날,네티즌,2.0,육십평생 본 영화중에 제일 재미없는 영화.앤헤서웨이나 이완맥그리거는 사실은 AI인가 실제출현인가?이런영화에 나온다고?
오크 스트리트의 마지막 날,네티즌,6.0,애들이 도대체 몇살이길래 빌런짓만 하는건지 공룡은 괜찮음
오크 스트리트의 마지막 날,네티즌,2.0,개연성도 없고 개찾아 삼만리하는 자식들때매 보는내내 암걸릴거같음 걍 공룡이라 봤다정도
오크 스트리트의 마지막 날,네티즌,6.0,"놀란감독이 우리의 눈을 너무 높혀놨다.!!!! 1.공룡들의 오크스르리트 먹방과 노상 떡쑈. 2. 고구마 미국중산층가정의 대환장모험기, 3. 돈 많이쓴티는 난다. 캐스팅이나 효과, 4. 전투력없고 성욕많은 파리스, 5. 미국은 사서만해도 저런집에서 살수 있구나 부럽다, 6. 처음 피자배달받는 아줌마가 의외의 반전, 7.죽는건 아시안. 물론 백인들도 죽긴한다. 잘사는 흑인, 히스페닉? 인디언? 은근PC적임, 8. 결국 수습안되어 짧은 런타임. 인터스텔라 엔딩. 돈값은 하는데,OTT용? 9.쿠키없다. 미국사서 흑인이 너무 부러웠다."
오크 스트리트의 마지막 날,네티즌,1.0,흠... 쥬라기공원 생각하며 기대가 너무 높았나?Ott 나오면 보는거 추천...
오크 스트리트의 마지막 날,네티즌,6.0,마지막ㅋㅋ ㅈㄴ웃기네 남편ntr 영화
오크 스트리트의 마지막 날,네티즌,3.0,"개봉 당일 조조영화로 봤다. cg는 평범하고 스토리도 평범하지만 중간에 공룡들끼리 하는 뜬금없는 저질개그와 납득과 공감이 되지않는 주인공 아이들의 행동 (한두번이 아니라 영화 초반부터 내내 이어짐), 주인공들에게 이입과 공감이 되야되는데 전혀 느끼지 못함... 결말에서 궁금한건 그러면 과거의 주인공 가족들은 어떻게 된건가? 자신들이 과거의 자신들을 공룡시대로 보내고 대체하는 삶을 사는건가? 그리고 아역들의 연기도 너무 아쉬웠다."
오크 스트리트의 마지막 날,네티즌,4.0,아니 아무리 그래도 너무 이기적인거 아니야ㅋㅋ마지막에 아빠가지려고평행세계 본인들 다죽여버리노
오크 스트리트의 마지막 날,네티즌,5.0,영화 설정은 신선하고 좋았으나 내다버린 개연성과 이해 안가는 발암 캐릭터들 때문에 보는동안 살짝 짜증이 났다.
오크 스트리트의 마지막 날,네티즌,2.0,보지마세용재미없어요
오크 스트리트의 마지막 날,네티즌,2.0,재미없어요 나중에 오티티나오면 그때보세요뭔 댓글알바들 너무많네요
오크 스트리트의 마지막 날,네티즌,4.0,쿠폰으로 4천원에 봤는데도 돈 아까워 미춰 버릴 지경임. 개지루 쓰레기 그 잡채. 앤해서웨이는 아직 핵존예인데 얼라들 엄마역으로 캐스팅하지마라 이것들아!
오크 스트리트의 마지막 날,네티즌,4.0,짜증나고 답답한 캐릭터 범벅
오크 스트리트의 마지막 날,네티즌,1.0,기억에 남는 건 똥과 교미 그리고 개
오크 스트리트의 마지막 날,네티즌,1.0,공룡을 정말 매우 사랑하지 않는다? 볼이유 없다
오크 스트리트의 마지막 날,네티즌,1.0,으음 곧 otp에 풀릴 거 같은 영화에요
오크 스트리트의 마지막 날,네티즌,4.0,호프는 잘만든 영화 였어 미안하다
오크 스트리트의 마지막 날,네티즌,3.0,공룡의 쌍붙이 영화인데 포스터에 낚였다
오크 스트리트의 마지막 날,네티즌,1.0,이렇게 개판인 영화는 오랜만이네요99분의 러닝타임이 마치 149분처럼 느껴지는 마법.객석에서 오지는 한 숨 소리는 처음 들어봄
오크 스트리트의 마지막 날,네티즌,1.0,와.... 호프가 갑자기 재미있어진다...
오크 스트리트의 마지막 날,네티즌,10.0,공룡 나오는 영화지만 왜 평점이 좋은 줄 알겠어 조카들이 정말 재밌게 봤고 여자친구 친구들 지인들도 잘 봤다고 하고 시간가는 줄 모르고 봤습니다.
오크 스트리트의 마지막 날,네티즌,10.0,쥬라기공원 좋아하는사람이면 좋아할듯
오크 스트리트의 마지막 날,네티즌,1.0,티켓값 보다 시간이 아까워서 30분 보고 나옴
오크 스트리트의 마지막 날,네티즌,5.0,개연성도 형편없고...연출이나 전개도 안타까운 수준...배경이 1900년대라고 영화제작 수준까지 그 시대로 돌아가버린 영화네요...이 영화를 굳이 볼 필요가 있을까...유일한 장점은 요즘 보기 힘든 공룡이 나온다는거...?
오크 스트리트의 마지막 날,네티즌,1.0,"할말이 많은데...초반에 스타트는 아주 좋았음 전형적인 미국 80년대 감성에 레트로한 느낌의 무드, 좋은 분위기의 연출,캐릭터성, 배우들의 연기력여기서 어떻게 공룡영화로 넘어가지 싶은만큼의 좋은 무드의 연속들그러나 공룡이 나오자마자 뭔가... 애매모호한 이맛도 저맛도 아닌 B급맛도 아닌 영화관에서 졸았던 적이 이번에 거의 처음임 그것도 흐반부에그냥 갑자기 여자애 둘이서 반하는 동성애 사랑 끼워넣기? 갑툭튀로 공룡들이 나오는데 소리만 무서운 느낌? 소리가 점점 커지면서 뭔일이 일어날 것 같다가 식고 일어날것 같다가 또 식고 반복공룡들이 저마다 특성이 더 다양했더라면 공룡들끼리도 서로 싸우는 연출이라던가 공룡의 약점을 파악한다던가 그냥 뜬금없이 갑자기 공룡끼리 교배하고 기념사진극적인 연출이 오직 공룡과 총으로 싸우기밖에 없다식량이 떨어져서 숲에 들어가본다던가뭐 그 포탈인지 뭔지 그게 어떻게 된다던가 그냥 내용이 너무 없음 너무나 잘만든 음식이 있는데 그냥 맛도 안느끼고 한입에 삼켜버려서 먹는 장면 안보여준 느낌임"
오크 스트리트의 마지막 날,네티즌,5.0,jj에브람스 답게 유치했고 이완맥그리거 연기 이렇게 못했나??
오크 스트리트의 마지막 날,네티즌,3.0,"번잡함과 짜증이 제대로 났던 영화였습니다. 좋은 배우들을 저렇게 쓸수도 있겠구나 싶었네요..최근 넷플릭스에서 재미나게 보았던 '라스트 하우스'의 느낌도 있었지만 전혀 하늘과 땅 차이네요..OST도 별로, 등장인물들도 매력없어, 스토리는 뜬금없고,,그냥 올해 본 영화중에 제일 실망스럽네요..ㅠㅠ넷플릭스의 '라스트 하우스' 그레타 리의 매력적인 모습을 보실수 있을겁니다,,그러고 보니 앤 해서웨이랑 비교돠는듯 하네요 ㅠㅠ"
오크 스트리트의 마지막 날,네티즌,4.0,호프의 맛이 살짝 느껴지지만 맛이 없다
오크 스트리트의 마지막 날,네티즌,1.0,호프가 명작으로 느껴짐 똥영화만 골라본 나도 참 대단
오크 스트리트의 마지막 날,네티즌,1.0,최악 중 최악의 하나이지 않을까요...
오크 스트리트의 마지막 날,네티즌,1.0,진짜 시간낭비 하지마세요..그장면 나왔을 때 극장전체가 엥함 ㅋㅋ
오크 스트리트의 마지막 날,네티즌,1.0,공룡영화 다 보는데 이건 절대 보지마라
오크 스트리트의 마지막 날,네티즌,10.0,논리도 없고 개연성도 없고 말도 안되는 스토리라인 + 가족의 애 회복 이라는 뻔하디뻔한 결말근데 졸잼..! 공룡나오는거 위화감이 하나도 없고 어이없는 영화인데 긴장감과 시간이 순식간에 지나간 영화였다 너무 황당하게 재밌게 봐서 처음으로 리뷰씀
오크 스트리트의 마지막 날,네티즌,8.0,개꿈을 영화로 만든 느낌 .. 걍 킬링타임용으로 보기좋음 . 뇌빼고봐야함. 개연성 생각하고 보면안됨 . 전 그래도 재밌게 봄 .. ㅋㅋ
오크 스트리트의 마지막 날,네티즌,2.0,마지막에 남편만 괜찮고 자기자신을 과거로 돌려보낸다는게 얼탱~ 돈 아깝다
오크 스트리트의 마지막 날,네티즌,1.0,보지마 보지마 쓰레기 영화다 무신론에 레즈비언 애매한 고어 여성 우월주의 이딴게 무슨 가족영화
오크 스트리트의 마지막 날,네티즌,1.0,솔직히 그냥 웃김 ㅋㅋ 아빠만 살리고 과거의 자신들은 다시 2억년전으로 보내버린건가
오크 스트리트의 마지막 날,네티즌,3.0,공룡에게서 살아남는 걸 보고싶어서 갔으나 쓸데없는 장면이 너무 많다.
오크 스트리트의 마지막 날,네티즌,2.0,"흐지부지한 전개와 매력 없는 캐릭터들. 그냥 졸작공룡 CG말고는 칭찬할 점 X , 참신한 소재를 가지고도.."
오크 스트리트의 마지막 날,네티즌,1.0,별 한개도 아까워요.. 스토리 중요하게 생각하시면절대 보지 마시길 가족 갈아끼우는 싸패 영화입니다
오크 스트리트의 마지막 날,네티즌,10.0,스릴대박이었음!!!!너무 재밌게봤어요 스타벅 귀여움ㅠㅠ인생영화 등극!
오크 스트리트의 마지막 날,네티즌,4.0,공룡이 나오는데 좀비영화보는 줄 알았습니다중간에 엄청 시끄러운 소리때문에 불쾌했고공룡이 나오지만 지루합니다그리고 뜬금 없이 가끔 잔인해서 애들이 보면 싫어할듯...
오크 스트리트의 마지막 날,네티즌,5.0,감독놈 잡으러 갈 미쿡 원정대 모집합니다.
오크 스트리트의 마지막 날,네티즌,4.0,자식들은 백퍼 모지란 친구들 같네요
오크 스트리트의 마지막 날,네티즌,3.0,활 ㅈ같이도 못쏘면 들고 다니지나 말지..
오크 스트리트의 마지막 날,네티즌,1.0,니들지금나랑장난치냐?
오크 스트리트의 마지막 날,네티즌,4.0,50만명볼려나 자꾸집에갈려는이유가뭔지 전부빈집인데 젤좋고 식량많은집 찾아드가면되지. 공룡이만 총을모아 쏴야지 자꾸해머만들고다니고 화살은또 뭐임. 공룡붕가장면은 도대체 왜넣은겨
오크 스트리트의 마지막 날,네티즌,5.0,앤 헤서웨이 연기 말고는 볼게 없다
오크 스트리트의 마지막 날,네티즌,2.0,호프보다 재미없는거같음
오크 스트리트의 마지막 날,네티즌,2.0,이렇게 돈이 아까운 영화는 오랜만입니다. 딱 OTT용
오크 스트리트의 마지막 날,네티즌,1.0,개 쓰래기영화 돈 아까윰
오크 스트리트의 마지막 날,네티즌,2.0,초등학생용 영화입니다
오크 스트리트의 마지막 날,네티즌,4.0,재 미 없 다 . 느낀점 : 해서웨이 늙어도 이쁘네
오크 스트리트의 마지막 날,네티즌,3.0,결말 직전까지의 전개는 재밌게봤다. 하지만 감동을 받기엔 뜨악하고 끔찍한 결말이다.
오크 스트리트의 마지막 날,네티즌,7.0,감독 필모 보고 기대 안 했는데 그래도 기대 이상임. 7점이면 애매한데 기대 이상이라고? 싶겠지. 원래 5점 예상하고 봤으니까 기대 이상임.
오크 스트리트의 마지막 날,네티즌,10.0,공룡영화는 늘 흥미로운듯 하네요~
오크 스트리트의 마지막 날,네티즌,10.0,모든 건 마지막 바베큐 장면에 담겨 있다 놓치지 말길..ㅋㅋ타임 패러독스..알고 보면 꽤 재밌다
오크 스트리트의 마지막 날,네티즌,4.0,"내가 요즘 트렌드를 못 따라 가는건가..내용전개 어지럽네 많이 아쉬웠음 ""아들 추락신""은 통쾌했음"
오크 스트리트의 마지막 날,네티즌,8.0,왜 신작인데 추억이 돋는 이유는 뭘까?
오크 스트리트의 마지막 날,네티즌,1.0,띠용 ….? 잘 모르겠다 나는 ㅎㅎ하하ㅐ
오크 스트리트의 마지막 날,네티즌,10.0,"아무런 정보 없이 팝콘무비겠거니 보러갔다가 너무너무 재미있게 봤네요. 호불호가 갈리긴 할텐데... 영화 곳곳에 설치된 디테일과 떡밥들 찾는 재미 좋아하는 분들에겐 최고임. (칼세이건...) 아주 중요한 요소들이나 정보들이 그냥 순식간에 소품이나 엑스트라처럼 지나가 버려요.특히나 열린 결말이 너무나 좋았고, 공룡이나 괴수 영화 중 아무런 인격도 부여되지 않은 건 처음이에요. 얘는 나쁜 공룡, 얘는 순한 초식공룡, 얘는 주인공을 돕게 되는 공룡... 보통 이런 식인데, 오크스트리트에서는 내가 집 밖을 걷다가 그냥 우연히 어슬렁거리던 공룡과 딱 마주치면 잡아먹히는 냉혹한 현실 배경 장치임.클로버필드 세계관과 연결된다는 썰도 있으나, 참고 내지는 내심 기대만 하면 될 듯 합니다."
오크 스트리트의 마지막 날,네티즌,6.0,스토리 보러 갔냐? 그냥 공룡 보러 가는거지
오크 스트리트의 마지막 날,네티즌,6.0,공룡 성관계 앞에서 사진 찍고 바로 죽어서 영정사진 되는거에 저항없이 터졌디ㅡ ㅋㅋㅋ코미디임 ㅈㄴ웃김
오크 스트리트의 마지막 날,네티즌,8.0,뱀 같은 공룡? 너무 징그러웠음
오크 스트리트의 마지막 날,네티즌,1.0,스토리 ㅋㅋㅋㅋ 초딩이 썼냐
오크 스트리트의 마지막 날,네티즌,8.0,"헐~~~ 와~~ 오~~~!! 뭐지? 엄청 무서운데 엄청 쫄린데 무진장 재밌다!! 쥬라기공원에서 바이킹 탄 기분, 말이 돼?는 그냥 잊고, 즐기시길!! 이건 찐 성인용 쥬라기파크~~!"
오크 스트리트의 마지막 날,네티즌,1.0,의도를 전혀알수없는 영화
오크 스트리트의 마지막 날,네티즌,4.0,스토리가 잘쳐줘봐야 B급영화
오크 스트리트의 마지막 날,네티즌,1.0,개연성 없는 공룡 영화 그낭 스타벅 성장 드라마였으먄 재밌었을듯
오크 스트리트의 마지막 날,네티즌,7.0,기대만큼 아니었지만 영화관을 나온 후에도 멤도는 스필버그의 향수같은 느낌
오크 스트리트의 마지막 날,네티즌,7.0,'쥬라기 월드'시리즈가 보고 배워야 할 것들
오크 스트리트의 마지막 날,네티즌,6.0,"그럼 마지막에 엄마,아들,딸만 과거로 간건가요?;;아빠만 살리고..이에대한 설명이 없어서 아쉬웠습니다. 개인적으로 초반에는 살짝 “기묘한 이야기” 90년대 (스필버그 영화)느낌을 풍기다가 중반부터는 딱히 특별할것 없는 영화였기도 했고요. 엄청 재미있는 영화는 아니었지만 그렇다고 딱히 재미있지도 않은 그런 어중간한 이야기 였습니다."
오크 스트리트의 마지막 날,네티즌,7.0,가족영화라기에는 너무 섬뜩하지 않습니까? 2편은 두 가족(?)이 만나려나?
오크 스트리트의 마지막 날,네티즌,2.0,이런 영화들은 왜 하나같이 확실하게 제압하거나 확인사살을 안해서 고구마로 러닝타임 만드는지 모르겠음. 그리고 기적의 시야임.. 모를수가 없는데.. 스타벅스 가고싶다
오크 스트리트의 마지막 날,네티즌,2.0,여친과 같이 봤는데 둘다 1점 입니다
오크 스트리트의 마지막 날,네티즌,5.0,편의주의 전개를 기관총처럼 쏘는 작품. 전반부와 후반부를 다른 감독이 제작한 것 같다. 많이 아쉬움.
오크 스트리트의 마지막 날,네티즌,8.0,저는 꽤 재밌었어요. 더 재밌었을 수도 있는 요소로 좀 심심하게 풀긴 했음.. 많이 아쉬움..
오크 스트리트의 마지막 날,네티즌,8.0,"한 치 앞을 모를 세상, 이왕 태어났으니 괴로움 없이 잘살아야겠다고 다짐했다. 그런 이유로 다이어트는 포기. 라면 냄비에 물 올림."
오크 스트리트의 마지막 날,네티즌,1.0,초딩들 눈높이에 맞춘 가족영화 개는 출연시켜놓고 긴박한 순간마다 똑똑하니까 알아서 잘살거야~ 지금은 어쩔수없어 하면서 방치.
오크 스트리트의 마지막 날,네티즌,10.0,공룡영화는 보고싶은데 러닝타임이 너무 긴 건 부담스럽고 근데 아는 거 말고 새로운 거 보고싶고 앤해서웨이를 좋아하는데 어떻게 이 영화를 놓칠 수 있을까? 기대를 많이 하고가서 기대만큼 특별히 새로운 영화는 아니었지만 신파없는 담백한 영화라 좋았습니다! 마지막에 생각도 못하게 떡밥회수를 하는 바람에 오랜만에 영화관에서 울다 나왔네요. 공룡이 다양하게 많이 나오는 점이 아주 만족스러웠습니다!
오크 스트리트의 마지막 날,네티즌,6.0,황당한 연출 과정을 통해 도출되는 신박한 결말.
오크 스트리트의 마지막 날,네티즌,10.0,중간에 잔인한 장면이 잇어서 놀랫지만 공룡 좋아하면 봐도될거같아요 전 재밋게 봣습니다 마무리도 좋구요
오크 스트리트의 마지막 날,네티즌,4.0,그냥 가족드라마임! 앤서만 이쁨ㅋㅋ
오크 스트리트의 마지막 날,네티즌,10.0,재미만 있구만 우리나라 올해 영화 다 포함해도이 영화가 나음
오크 스트리트의 마지막 날,네티즌,10.0,"""내가 상상했던 '현실에 공룡이 나타난 순간'의 압도감을 그대로 가져다 놓은 영화. 평점에 주저하지 않고 보길 잘했다."""
오크 스트리트의 마지막 날,네티즌,7.0,쥬라기 공원을 처음 보고 받았던 충격의 한 100분의 1쯤.
오크 스트리트의 마지막 날,네티즌,10.0,금세기 최고의 영화. 순수 재미 GOAT.
오크 스트리트의 마지막 날,네티즌,10.0,공룡 나오는거 넘 재밌는거 같아요
오크 스트리트의 마지막 날,네티즌,10.0,평가하려 하지말고 보면 너무 재밌게 잘 봤습니다.결말도 맘에 들어요.왜 민폐가족이라고 하는지 모르겠지만..앤해서웨이 너무 좋았음!!
오크 스트리트의 마지막 날,네티즌,3.0,"쥬라기 공원이 사랑받은 이유는 공룡이라는 거대한 존재에서 뿜어져 나오는 압도적인 파워와 스피드, 그리고 무자비함에 있었다고 생각한다. 그런데 이 영화에서는 그런 공룡의 매력을 찾아보기가 힘들다.공룡 교미 장면은 뜬금없이 호프의 똥 드립을 연상시키고, 거대한 덩치의 공룡이 고작 집의 작은 현관문 하나 제대로 부수지 못하는 모습을 보고 있자니 대체 작가와 감독은 무슨 생각으로 이런 연출을 했는지 의문이 들었다.답답한 전개는 덤이다. 극적인 상황을 만들기 위해 주인공들이 어느 정도 트롤짓을 하는 것까지는 이해할 수 있다. 하지만 그것도 상식적인 선에서 해야 상황에 몰입할 수 있는 법이다. 이 영화는 그 선을 너무 쉽게 넘어버린다. 억지로 위기를 만들어내는 순간마다 긴장감보다는 “대체 왜 저러는 거지?”라는 물음표만 남는다.혹시 공룡 영화를 처음 접하는 사람이라면 제발 이 영화를 첫 작품으로 선택하지 않았으면 한다. 공룡 영화에 대한 기대를 품고 봤다가 공룡에게서 느껴야 할 압도감 대신 황당함만 잔뜩 느끼게 될 가능성이 높다.한마디로 말하면, 공룡이라는 IP의 탈을 쓴 코미디 영화."
오크 스트리트의 마지막 날,네티즌,8.0,초반 빼면 재밌었어요 근데 마지막에 좀 더 서사를 풀어줬다면 좋았을거같아요
오크 스트리트의 마지막 날,네티즌,10.0,재밌자나 왤케 낮게줘 좋았는디
오크 스트리트의 마지막 날,네티즌,8.0,좀 잔인(?)해서 놀랐는데 배우들이 유명하기도 하고 어른용 공룡 영화 나름 재밌었어요
오크 스트리트의 마지막 날,네티즌,10.0,공룡이 나오잖아요공룡의 등장만으로 가산점 들어갑니다
오크 스트리트의 마지막 날,네티즌,7.0,"우리 동네에 갑자기 공룡들이 나타난다는 소재가 신선했고 쥬만지가 생각나고 B급 영화라기엔 배우들이 쓸데없이 좋아서 여기 왜 출연했지? 생각할 정도 공룡들 퀄도 좋았고 나름 서스펜스와 긴장감도 좋았고 그냥 앤 해서웨이, 이완 맥그리거 나와서 봤는데 그냥 볼만했다. 지속된 개봉 연기된 창고 영화라는데 지금 시기에 대작들이 많아서 시기를 잘못탄 거 아닌가 아쉽기도 하다. 이런 영화들은 항상 민폐 캐릭들이 나오는데 이것만 그러지 않길 바랐지만 역시나 할리우드 영화 공식도 아니고 애들이 민폐 캐릭으로 나오는 클리셰가 또 등장 영화 보는 내내 짜증이 났다. 이게 12세가 맞나 싶을 정도로 잔인한 장면들이 있고 공룡들 ㅅㅅ 하는 장면도 있는데 이건 대체 왜 넣은 건지 감도 안 온다 공룡들 ㅅㅅ 하는 거 처음 봐서 신박했다;; 공룡들은 이동식 뷔페가 생기고 먹을 게 많아서 좋아했는데 진짜 뷔페 거리가 진짜 이동하는 황당한 일이 발생하고 심지어 먹을 거 천지인데 뷔페 거리가 총을 쏘고 반항을 하는 살아남기 위한 서바이벌일 줄이야.. 결말이 너무 별로지만 결말만 빼면 그냥 킬링타임용으로 즐길 수 있는 영화.."
오크 스트리트의 마지막 날,네티즌,8.0,4dx 관람했는데 공룡 쫒아올때마다 식겁함 공룡 짝짓기만 없으면 아이들과 봐도 갠찬을거같은데... 무난한 스토리전개의 팝콘무비임
오크 스트리트의 마지막 날,네티즌,10.0,가족이 보기에 꼭 좋은영화~
오크 스트리트의 마지막 날,네티즌,8.0,"계속 긴장하며봤음내이야기면. . .상상도하기싫을듯여주.연기잘함 ~ 몰입도좋았고,상상력 풍부한 스토리 . . .영화라서 가능한 상상력의세계"
오크 스트리트의 마지막 날,네티즌,10.0,재미있게 잘 봤어요. 지루하지 았고 비극이 아니라서 더 좋고 배우들 연기도 굿입니다.
오크 스트리트의 마지막 날,네티즌,10.0,압구정cgv 20:30 봤음.보고나서 편두통 걸림.재미없는건 아님.난생 처음 느끼는 감정분노? 재미?
오크 스트리트의 마지막 날,네티즌,6.0,앤해써웨이 존예임. 얼굴이 유잼인 영화
오크 스트리트의 마지막 날,네티즌,6.0,"앤 해서웨이와 꾸러기들의 공룡 대모험을 보았네요.딱, 꾸러기들이 느낄 만큼의 놀람과 감동, 슬픔이었어요."
오크 스트리트의 마지막 날,네티즌,6.0,난 좀 쥬라기월드 보다 별로다. 그래도 엔딩은 감동 적 이었다.
오크 스트리트의 마지막 날,네티즌,8.0,브라이언아 그럴거면 그냥 빈손으로 뛰는게 낫지않을까?? 진짜 에임 심각하다 브라이언은 개그캐가 확실하다
오크 스트리트의 마지막 날,네티즌,8.0,평점보고 기대를 안하고 봐서 그런지 전 되게 재밌게봤어요 ㅋㅋ 은근 스릴도 있고 등장인물들의 멍청한 모습이 웃기고 스토리도 쥬라기 공원 + 쥬만지 느낌나네요
오크 스트리트의 마지막 날,네티즌,7.0,ㅋㅋㅋㅋ 개연성이 좀 ...부족
오크 스트리트의 마지막 날,네티즌,10.0,공룡액션 굿배우연기 굿가족애 굿부담없이 놀이공원 가듯 즐기며 볼 수 있는늦여름 최고 추천작임 ㅎㅎ
오크 스트리트의 마지막 날,네티즌,6.0,"오랜만에 공룡 영화를 봐서 눈이 즐거웠을 뿐, 그 이상은 없었다. 더 모험적인 스토리를 기대했는데 그냥 마을 돌아댕기고 끝... 그리고 용두사미 레전드"
오크 스트리트의 마지막 날,네티즌,6.0,공룡좋아하면 보시길..하지만 내용은 살짝 아쉽...결말이 허무...
오크 스트리트의 마지막 날,네티즌,2.0,8/26 개봉일 후기 - 내용이 워낙 독특하고 독창적이라 비슷한 영화를 찾기가 어렵네요. 잔인하고 해괴한 장면들이 있어서 자녀들과 함께 보는 건 말리고 싶습니다. 공룡끼리 떡치는 장면도 나오고12세 영화는 좀 아닌듯 합니다
오크 스트리트의 마지막 날,네티즌,7.0,이 영화가 12세 관람가 인데 등급을 어떻게 매김거임...잔인한 장면도 많은데...그리고 현실 아빠는 미래의 부인과 사랑하고 현재의 부인과는 매일 갈등 일으키고 남편 한명에 현.미래 부인 둘 하고 사네 잘 때는? 아들 탈도 두명씩 이네
오크 스트리트의 마지막 날,네티즌,1.0,오함마가 아니라 묠니르였냐
오크 스트리트의 마지막 날,네티즌,2.0,공룡 ㅃㄱㄹ 장면이 제일 재미씀
오크 스트리트의 마지막 날,네티즌,5.0,앤 해서웨이의 아둔함과 이기심 그 사이 어딘가
오크 스트리트의 마지막 날,네티즌,8.0,단돈13000원에 영등포씨지뽕에서4DX로 보니까 엄청 흥미롭더구만(웃음)인간바퀴벌레야...일을 좀 해라...비공감을 누르는 너는 말년이 아주 비참하고 불우하게 너홀로 죽으리라...
오크 스트리트의 마지막 날,네티즌,8.0,"한없이 나오는 공룡들에 중간에 이거 어떻게 마무리 하려나 궁금했는데...결국 가족애,스펙타클,뭉클,스타벅의 궁금한 생사까지 다 잡음."
오크 스트리트의 마지막 날,네티즌,1.0,내평생 최악의 영화. 아기공룡둘리가 더재밋음. 스타벅스 광고인가 싶음.
오크 스트리트의 마지막 날,네티즌,10.0,앤 해서웨이 연기 미쳤다!
오크 스트리트의 마지막 날,네티즌,6.0,너무 쓸데없이 과한 BGM이 신경 많이 쓰였고.. 그냥 답답하고 어처구니 없는 상황이 많은데 마지막 쥐라기파크 영화보다는 공룡이 더 많이 나옴
오크 스트리트의 마지막 날,네티즌,3.0,"공룡이라는 소재를 미끼로 관람객을 낚는 영화. 스토리는 좋게 말하면 아는맛이 좋다 느낌이고, 나쁘게 말하면 유치한 클리셰 범벅. 심지어 ""의외로 이런 연출이 나오네"" 싶은 씬을 보고 난 후에도, ""결말에선 그렇게 되겠지"" 라는 흐름이 바로 머릿속에 떠오름. 그렇다고 '애들 데리고 보기 좋은 가족영화겠지' 싶어서 자녀들을 데리고 관람하면 후회할 것. 꼴에 cg는 꽤 리얼해서, 생각보다 수위가 있다. 그래서인지 이 정도의 cg에 저딴 스토리가 나오네 싶은 생각이 같이 듦.연출은 한 술 더 뜬다. 등장인물들의 개연성 따위는 공룡시대로 갖다버린 듯한 트롤링들을 보면, 안그래도 몰입 안되는 스토리가 더욱 지루해진다. 이런 트롤 장면이 후반에 한번 더 나오는데, 이 정도면 그냥 각본가가 능력이 안되는 건지도 모르겠다.cg는 꽤 볼만하다. 공룡의 ""생명의 신비""를 표현한 장면은 웃기긴 했지만, 여타 다른 작품에 없던 신선함이었다.공룡의 외견에 대한 고증같은건 일단 뒤로 하고서라도, 영화 자체가 너무 별로다. 감상포인트 추천할게 없어서 굳이 영상미 찍고 감.결론 : 돈 내고 보지 마라."
오크 스트리트의 마지막 날,네티즌,1.0,중학생인데 애들이 울어요. 12세 관람가인데 너무 심각하게 잔인해요.
오크 스트리트의 마지막 날,네티즌,2.0,처음부터 끝까지 개별로예요 걍 영화보는데 짜증이났어요
오크 스트리트의 마지막 날,네티즌,4.0,공룡영화를 이렇게 지루하게 찍는 것도 능력. 공룡나오기까지 빌드업이 너무 길고 긴 빌드업에 비해 뭐가 없음 인물들 동기나 행동이 딱히 공감도 몰입도 안됨 진부한 내용 재미없어서 중간에 나옴
오크 스트리트의 마지막 날,네티즌,2.0,하 정말 너무햇다 이건 정말
오크 스트리트의 마지막 날,네티즌,5.0,아쉬우시다. 특히 엔딩이
오크 스트리트의 마지막 날,네티즌,6.0,와 공룡이네 뻔한내용과결말이 예상가능함
오크 스트리트의 마지막 날,네티즌,1.0,전날 오디세이보고 봤는데 오디세이나 한번 더 보세요~
오크 스트리트의 마지막 날,네티즌,2.0,개재미없다 호프가 열배는 낫다 전형적인 오티티용 쓰레기 초딩들도 재미없게 볼 영화
오크 스트리트의 마지막 날,네티즌,6.0,JJ 에이브람스가 관여한 작품은 안보는게 답임. 항상 결말이 이상함.
오크 스트리트의 마지막 날,네티즌,7.0,"공룡을 아주 요긴하게 사용했다. 공룡으로 서스펜스를 만들어 낸 아이디어도 좋았다.연기도 좋았다.괜찮은 아이디어와 전개도 좋았는데, 군데군데 캐릭터 행동에 정당성을 부여했다면 좋았겠다.그리고 후반 막판의 설정은...생각하기 나름이지만, 이 영화의 수준을 팍 죽여준다.아쉽지만 선방했다!"
오크 스트리트의 마지막 날,네티즌,5.0,이정도면 킬링타임용 OTT영화로 충분
오크 스트리트의 마지막 날,네티즌,10.0,정말 명작입니다 다들 봤으면 좋겠어요
오크 스트리트의 마지막 날,네티즌,10.0,재밌게 잘봤어요! 쫄깃쫄깃 답답하면서도 꿀잼
오크 스트리트의 마지막 날,네티즌,8.0,꽤나 재미있는 가족영화
오크 스트리트의 마지막 날,네티즌,6.0,공룡을 좋아하거나 공룡을 보고싶은 사람들만 추천드려요. 스토리를 중요하게 보는 분들은 다른 영화를 보길 바랍니다.
오크 스트리트의 마지막 날,네티즌,9.0,볼만해요. 공룡을 좋아하는 모든분들에게.
오크 스트리트의 마지막 날,네티즌,10.0,"보는 내내 "" 스타벅 "" 근황이 궁금 했는데..가족을 위한 용맹함은 역시 댕댕이가 히어로♡"
오크 스트리트의 마지막 날,네티즌,5.0,뻔한 내용임 시대가 80년대 미국이라 2000년대 초에나온 미국 재난 영화임 지금 나온 시기가 아숩 재밌는 영화가 많아서 앤해서웨이는 왜 출연했는지 모르겠음. B급아닌 b급같음
오크 스트리트의 마지막 날,네티즌,8.0,쥬라기 공원을 기대 하면 백퍼 후회 한다 이건 코미디를 가장한 호러다
오크 스트리트의 마지막 날,네티즌,10.0,쥬러기 시리즈 이후로 얼마만에 공룡영화인지 너무 오랜만이었고 스릴만점에 기대감 완전 충족했던 영화였다.
오크 스트리트의 마지막 날,네티즌,10.0,공룡 먹방 보고 싶으면 이거 보면 댐 공룡은 항상 좋은 느낌을 줌 스릴도 있고 배우들 연기력 때문에 몰입도 잘돼서 가볍게 보기 좋앗음 그리고 이건 극장에서 봐야됨
오크 스트리트의 마지막 날,네티즌,7.0,쥬라기월드에 비해 아쉬움. 마무리 무엇??
오크 스트리트의 마지막 날,네티즌,6.0,애들 진심으로 죽빵 마렵다 그리고 결말 해피엔딩인척 하는데 매우 찝찝하다
오크 스트리트의 마지막 날,네티즌,10.0,지금보자마자 평궁금해서보다가 적음너무낮아서 만점줌 잼있음
오크 스트리트의 마지막 날,네티즌,10.0,앤 해서웨이는 못하는 게 없네 재밌어요!
오크 스트리트의 마지막 날,네티즌,10.0,극장에서 볼만한 괜찮은 팝콘 무비. 연출은 살짝 아쉽지만 그래도 오랜만에 이완 맥그리거 봐서 좋았다. 앤 해서웨이는 오디세이에서보다 더 에쁘게 나오네ㄷㄷ
오크 스트리트의 마지막 날,네티즌,10.0,킬링타임용으로 시원하게 보기 좋음!
오크 스트리트의 마지막 날,네티즌,8.0,"공룡이 제대로 나오는 영화ㅎㅎ 쥬라기 공원류를 생각했다면 오산, 성인을 위한 쥬라기공원 느낌"
오크 스트리트의 마지막 날,네티즌,10.0,12세 영화인데 올누드 성관계 장면이 적나라하게 나와서 다소 낯부끄러웠습니다.
오크 스트리트의 마지막 날,네티즌,8.0,가정적이고 긍정적인 아빠와 꿈을 이루어 지긋지긋한 일상의 탈출을 꿈꾸는 과하게 아름다운 엄마 그리고 하지 말란 짓만 골라하는 아들과 아웃사이더 딸의 선사시대 정글 모험.혜성 떨어져 사라진 어느 마을이 생각나는데 ㅎㅎ엄마가 마지막에 시킨 피자는 페퍼로니일까?킬링 타임용으론 괜찮은 영화.
오크 스트리트의 마지막 날,네티즌,8.0,최근쥬라기월드비하면 이건 정상이야 잘만든거야
오크 스트리트의 마지막 날,네티즌,10.0,방금 보고나왔는데 쥬라기공원 26년판입니다.평점이 택도 없이 낮은거 같아 만점때리고 갑니다.
오크 스트리트의 마지막 날,네티즌,10.0,극장에서 봐야 비로소 완성되는 압도적인 공룡 액션..ㄷㄷ
오크 스트리트의 마지막 날,네티즌,10.0,앤 해서웨이 이완 맥그리거 연기력 미쳤다
오크 스트리트의 마지막 날,네티즌,8.0,긴장감과 몰입감 모두 챙긴 덕분에 99분이 순식간에 지나갔다.올여름 마지막 영화로 딱 어울리는 작품!
오크 스트리트의 마지막 날,네티즌,10.0,기대 안하고 봤는데 생각보다 재밌었어요!! ㅎㅎ
오크 스트리트의 마지막 날,네티즌,10.0,극장에서 봐야만하는 압도적인 공룡 액션!! 가족하고 함께 즐길 수 있는 영화였네요 강추!
오크 스트리트의 마지막 날,네티즌,10.0,"기존 공룡 영화들의 틀을 깨고, 평범한 주거 단지가 통째로 공룡 사냥터가 된다는 설정이 신박했네요! 긴장감 있고 재밌었습니다!"
오크 스트리트의 마지막 날,네티즌,10.0,"극장에서 보니 공룡들 액션과 사운드가 미쳤다. 앤 해서웨이 믿고 본다,,"
오크 스트리트의 마지막 날,네티즌,10.0,쥬라기공룡 이후로 사실 처음 보는 공룡영화인데 생각보다 재밌어서 시간 가는줄 모르고 봤어요! 일단 마을이 통째로 공룡시대에 떨어졌다는 발상이 신선 ㅋㅋ
오크 스트리트의 마지막 날,네티즌,8.0,난 재밌는데...호불호가 갈리네
오크 스트리트의 마지막 날,네티즌,10.0,아니 나 공룡 조아하네 살면서 본 공룡영화 중 젤 재밌움 ㅋㅋㅋ
오크 스트리트의 마지막 날,네티즌,10.0,재밌다 12세지만 쥬라기같은 긴장감과 스토리가좋음
오크 스트리트의 마지막 날,네티즌,1.0,개연성 일 도 없고 짜증나기만 하다 빵점은 못주나요?
오크 스트리트의 마지막 날,네티즌,1.0,공짜로 봐도 시간이 아까움인물들의 모든 행동과 대사가 전혀 이해가 안됨쥬라기 월드 리버스에 나왔던 발암가족은 여기 인물들이랑 비교하면 애교 수준임그냥 주인공 가족이 얼른 죽었으면 좋겠다라고 느낀 최악의 영화
오크 스트리트의 마지막 날,네티즌,1.0,이건 공룡에 대한 모욕이다.
오크 스트리트의 마지막 날,네티즌,10.0,올해 최고의 영화.방학때 개봉했었으면...
오크 스트리트의 마지막 날,네티즌,6.0,앤 헤서웨이가 이뻐요.. 그것 뿐입니다
오크 스트리트의 마지막 날,네티즌,10.0,"오랜만에 공룡영화, 쥬라기보다 재밌었음. 쫄깃쫄깃 합니다"
오크 스트리트의 마지막 날,네티즌,10.0,저는 대문자 F인가봅니다... 왜 눈물이 쭈륵 나는지; 공룡으로 인해 가족이 더 돈독해지는 가족휴면영화예요. 좀 엥? 스러운 전개도 있고 잔인한 부분도 있어서 12세는 아닌 것 같은데 무튼 저는 너무 재밌게 봤어요 공룡 cg도 많이 안짜치고 진짜 열일하는 앤해서웨이.... 내돈 다주고 보면 아까울 것 같고 기대 하나없이 보면 와 재밌네 할듯해요 굿
오크 스트리트의 마지막 날,네티즌,6.0,가족영화?라고 보기도 그렇고공룡도 좀 그렇고?(최신 고증을 하려는 노력은 보이나 나오는 시간 및 종류가 적음)타겟이 누구인지 감독이 뭘 봐라는건지 모르겠다.공룡 아니였으면 2점임
오크 스트리트의 마지막 날,네티즌,10.0,나름 재미있어요ㅡ.ㅡ
오크 스트리트의 마지막 날,네티즌,10.0,1980년대 스티븐 스필버그식 향수를 그리워하게 만든 영화
오크 스트리트의 마지막 날,네티즌,10.0,공룡 나오는 영화는 항상 잼나는듯~~
오크 스트리트의 마지막 날,네티즌,6.0,이런 병맛 너무 좋음 ㅋㅋ가족영화긴 한데 초등 저학년 자녀들은 놀랄수 있을듯.
오크 스트리트의 마지막 날,네티즌,1.0,이게 진짜 재밌음??? 평론가 평점 이해가 안되네 진짜 ㅡㅡ
오크 스트리트의 마지막 날,네티즌,2.0,미국 놈들은 은엄폐도 모르나 뭔 공룡이 싸돌아다니는데 길거리 한복판을 돌아다녀
오크 스트리트의 마지막 날,네티즌,1.0,오크스트리트의 평점 jot 박은날 시간 가는지 알고 봣어요
오크 스트리트의 마지막 날,네티즌,10.0,공룡들이 날뛰는 세상에도 사랑이 전부
오크 스트리트의 마지막 날,네티즌,10.0,안봣음 클날 뻔 했네 재밋구만 눈만 쳐높아가지고 못생긴것들이ㅋㅋ
오크 스트리트의 마지막 날,네티즌,10.0,깜짝놀라면서 봤어요 공룡영화 최고
오크 스트리트의 마지막 날,네티즌,8.0,헐리우드는 언제까자 아역들의 지능을 해결하지 않을건가?P.S 왜지?..쥬라기 월드 보다 재밌는 건.
오크 스트리트의 마지막 날,네티즌,4.0,피곤한 날 꾼 꿈같은 영화
오크 스트리트의 마지막 날,네티즌,8.0,개연성은 떨어지지만 공룡들 보는 데에서 만족했어요
오크 스트리트의 마지막 날,네티즌,10.0,아직 안 봤는데 평점 왤케 낮아요?
오크 스트리트의 마지막 날,네티즌,10.0,생각외로 재미있었습니다
오크 스트리트의 마지막 날,네티즌,10.0,오랜만에 관람하는 공룡 영화네요.집중해서 봤어요
오크 스트리트의 마지막 날,네티즌,10.0,이 영화는 오디세이 스파이더맨과 같은 가격입니다
오크 스트리트의 마지막 날,네티즌,10.0,몰입감 장난아닌데 웃기고 재밋는 장면도 많음
오크 스트리트의 마지막 날,네티즌,10.0,데이트하실때 꼭 보세요!! 연인이라 보기 좋음
오크 스트리트의 마지막 날,네티즌,6.0,진짜 아빠 빼고 다 발암인 영화
오크 스트리트의 마지막 날,네티즌,10.0,"재밌습니다~도대체 별점 테러들은 왜 하는건지~개인차로 인해 솔직히 남기신분들도 있겠지만~처음 별점 보고 의아도 했는데 저는 원래 별점을 10%만 믿어서~ 왠만한 영화는 개봉때 다 보고 직접 판단하느라~ 최근 영화 중 가볍게 볼만한 영화 중 하나입니다~스토리상 처음 10~20분만 잔잔히 진행하고 지루할 틈없이 흘렀습니다~오히려 요즘 스파이더맨이나 오디세이 흥행하며재밌지만, 중간 지루한 부분들도 있는데 이 영화는 마지막까지 그렇지 않습니다~보세요, 재밌습니다~ 개인차야 있겠지만 별점 보지마시고 보고 판단하세요~"
오크 스트리트의 마지막 날,네티즌,10.0,나이런영화처음본다 ㅇㅈ?ㅇㅈㅇ?ㅇㅈㅇㅈ
오크 스트리트의 마지막 날,네티즌,1.0,OTT에서 만납시다^^
오크 스트리트의 마지막 날,네티즌,2.0,4dx관람비 22000원 관람시간 99분 ㅠㅠ 아까워
오크 스트리트의 마지막 날,네티즌,1.0,이딴 시간에 잠을잔다 시간돌려죠
오크 스트리트의 마지막 날,네티즌,4.0,"도대체 언제 만들어졌는지 의아했어요 요즘에도 이런 영화가 나올수 있구나 하마터면 중간에 나갈뻔, 저랑은 안맞네요"
오크 스트리트의 마지막 날,네티즌,1.0,이거 볼 시간에 아기공룡 둘리 극장판 봐야하 시간 안아까움
오크 스트리트의 마지막 날,네티즌,4.0,"말같지도 않은 상황에 유치한설정.영화인걸 감안하고 봐도, 전혀 감흥이없다.공룡영화를 만들거였으면 제대로 만들던가.관객들은 더이상 이런 설정에 재미를못느낀다"
오크 스트리트의 마지막 날,네티즌,1.0,공룡에 미쳐있는거 아니면 진짜 보지마세요
오크 스트리트의 마지막 날,네티즌,2.0,영화다운 영화를 보고 싶은 사람이라면 비추 그저 공룡과 스릴감을 즐기고 싶은 사람이라면 추천 후반에 소소한 감동은 있으나 ... 영화가 전반적으로 큰 내용이 없어요
오크 스트리트의 마지막 날,네티즌,2.0,주인공 가족들은 다소 비호감이라 몰입이 안 되고 위가 찾아올라 하면 쉽게 해결되서 긴장감이 없으며 왜 등장하는지 알 수 없는 몇몇 엑스트라에 위기감 조성을 위해 도저히 이해 못 할 행동을 하는 아이들에 위급한 상황에 공룡들 교미 보고 낄낄대며 기념사진 찍는 부모들 너무나 쉽게 해결되는 사건들까지 합쳐서 극장에서 만 몇 천원 주고 볼 영화가 도저히 아닌 것 같습니다
오크 스트리트의 마지막 날,네티즌,3.0,누구도 궁금하지 않던 공룡 교미씬. 감독과 작가는 대체 무슨 생각으로 넣은 걸까? 처음부터 끝까지 이렇게 유치한 공룡 영화는 처음이다. 너무 유치해서 7세 이용가로 개봉했어야 했다고 본다.
오크 스트리트의 마지막 날,네티즌,1.0,"오크 스트리트 넌 슈퍼걸과 동급, 아니 그 이하다. 도그맘과...아니다 궁금하면 보시면 되겠지만 전 추천 안합니다."
오크 스트리트의 마지막 날,네티즌,1.0,걍 어이없고 답답하고 스토리도 개차반임 별 4개 이상인 애들은 광고 댓글임 보지말라면 보지마세요 뭐 보고싶다면 나중에 ott로 보시던지 ㅋㅋㅋ
오크 스트리트의 마지막 날,네티즌,1.0,살다살다 이런 쓰레기 영화 처음봄진짜 웬만해서 재미없어도 리뷰 안쓰는데 얘는 써야겠음 전혀 내용 따위 없는 스토리라인에 굳이굳이 인물은 늘려놓고 수습도 못함. 서사가 없어서 설득력도 없고 걍 이해하시죠? 이런 느낌 약간 아 @발 꿈 같은 영화였음. 영화관에서 도망가고 싶은 영화는 처음인듯
오크 스트리트의 마지막 날,네티즌,1.0,3류 설날 가족 영화 별이 아깝다
오크 스트리트의 마지막 날,네티즌,2.0,간만에 영화보면서 다른생각 함스토리랑 짜임새가 너무 올드하고 구려서 배우들 연기가 아까움 헛웃움 나옴 ㅋ
오크 스트리트의 마지막 날,네티즌,2.0,팝콘에 집중할 수 있는 영화
오크 스트리트의 마지막 날,네티즌,1.0,개연성 날아감 여요요요요
오크 스트리트의 마지막 날,네티즌,1.0,이딴 영화에 시간을 쓴 나한테 화나서 내가 공룡이 될 것만 같다
오크 스트리트의 마지막 날,네티즌,1.0,이거 진지하게 클레멘타인급 영화임. 영화의 모든 순간이 어이가 없다
오크 스트리트의 마지막 날,네티즌,1.0,이런 어처구니 없는 영화는 오랜만 코넬대를 갈거라는 딸이나 그남동생이나 아빠 죽게해놓고 반성을 안하네
오크 스트리트의 마지막 날,네티즌,1.0,공룡 나오는 영화중에서 1등입니다.(반어법)
오크 스트리트의 마지막 날,네티즌,2.0,"굳이 극장가서 볼 작품은 아닌, 그냥 딱 OTT용. 오래 묵혀뒀다 뒤늦게 개봉한 창고영화는 국내외를 막론하고 보는 거 아닙니다"
싱 어게인,실관람객,10.0,관람객
싱 어게인,실관람객,8.0,관람객
싱 어게인,실관람객,7.0,관람객
싱 어게인,실관람객,5.0,관람객
싱 어게인,네티즌,10.0,살아있길 잘했다 ㅠㅠ 내가 찾던게 바로 이거야 존형 사랑해요!!♥♥ (마지막에 오열주의니까 휴지 챙겨가세요 눈물 줄줄나요...)
싱 어게인,네티즌,10.0,존카니 특유의 감성과 따뜻한 위로에 마음이 땃땃해지는 영화중간중간 앤트맨이 날 또 웃겨주네...그리고 엔딩장면에서 못참고 오열해버렸음오래오래 영화 만들어주세요 존카니 감독님
싱 어게인,네티즌,9.0,결말보단 그 과정에 전율이 존재한다
싱 어게인,네티즌,10.0,노래가 개레전드로 조음 싱어게인 플리 만들어서 반복재생함 ㅅㄱ
싱 어게인,네티즌,10.0,"이런 노래 ost 있는 영화 너무 좋아요...ㅠㅠㅠㅠ 노래 별로 맘에 안 들면 플리 저장 안 하는데, 영화 보고 계속 듣고 있어요 영화 존잼입니다 꼭 보십쇼"
싱 어게인,네티즌,10.0,제 인생 중 가장 아름다운 복수극이었습니다...ㅠ 간만에 영화관에서 눈물 줄줄 흘렸네요... 역시 믿고보는 존카니!!!! 음악이 너무 좋아서 영화관에서 못보면 후회할게 뻔하니 N차까지 쭉쭉 달려보려고합니다
싱 어게인,네티즌,8.0,오랜만에 좋은 음악 영화. 사랑보단 가족.
싱 어게인,네티즌,10.0,올해 최고 음악영화맞음 1년에 한번본다면 이것 ㄱㅋ천말가자
싱 어게인,네티즌,10.0,29년 살면서 음악영화는 진짜 취향 아닌 줄 알았는데 너~~~무 재밌게 봤고 마지막엔 눈물 줄줄 흘렸어요... 엄마 아빠랑 한 번 더 보러 갈 예정입니다ㅠㅠㅠ
싱 어게인,네티즌,10.0,좋다 이 영화.. 오랜만에 느껴보는 좋은 기분
싱 어게인,네티즌,10.0,임신하고 영화관에서 보는 마지막 태교영화로 봤는데슬픈 영화 아닌데도 감동받아서 마지막에 오열했네요 러닝타임도 짧고 임산부들 강추
싱 어게인,네티즌,10.0,어떤 창작물을 만드느냐보다 중요한 것은 어떤 마음으로 창작물을 만드느냐..
싱 어게인,네티즌,10.0,역시 음악영화는 존카니 행님... 제가 1등으로 모시는 행님입니다 행님이 말아주는 국밥 이번에도 잘 봤슴니다 제가 흘린 눈물 때문에 간이 딱맞네요
싱 어게인,네티즌,9.0,"역시는 역시다. 최소한 실망은 없다. 웃다가, 분했다가, 울었다."
싱 어게인,네티즌,9.0,스토리는 비긴어게인보다 아쉬운 감이 있었지만 그래도 음악이 정말 좋았음 존 카니 앞으로도 오래오래 음악영화 김찌 끓여주시길... 당분간 플레이리스트는 싱어게인 ost로 가득 채울듯
싱 어게인,네티즌,9.0,큰 기대없이 보러 갔는데 카니 감독 영화중 제일 좋았어요. 마지막에 감동받고 살짝 눈물.
싱 어게인,네티즌,10.0,마지막 장면의 노래와 감동은 잊혀지지 않는다.
싱 어게인,네티즌,10.0,일단 노래가 너무좋음···
싱 어게인,네티즌,10.0,한번뿐인 원스로 시작해서 비긴어게인으로 그리고 다시 싱어게인으로존 카니의 뮤직은 여기서 끝나지 않았습니다.전작만큼은 아니지만 분명히 좋은 영화하지만 엔딩이 너무 급했네요 마치 제작비 부족해서 금방 끊어버린 느낌
싱 어게인,네티즌,10.0,"비긴어게인, 싱스트릿 좋아하시면 추천합니다."
싱 어게인,네티즌,10.0,"영화관에서 폭풍오열한건 오랜만이네요...막판 3분을 향해 쌓아올려가는 빌드업이 너무좋았고, 그렇게 쌓아올린 감정선이 마지막에 폭발합니다... 또 볼거에요 강추합니다"
싱 어게인,네티즌,10.0,"원곡자만이 느낄 수 있는 희열과 원통함을 잘 표현한 영화. 단순 호소, 분노만 있었으면 자칫 빈약할 수 있었는데 그 과정을 다양하게 연출해서 감동적이었어요. 그리고 대니 끼끼머리로 나올때부터 통수칠거 같다했음; 특전 대니 말고 샌디 넣어주시면 안되나요ㅠ샌디가 완전 중요한데"
싱 어게인,네티즌,10.0,"영화는 두시간 전에 끝났는데, 난 아직도 그 노래(!)를 흥얼거리고 있네."
싱 어게인,네티즌,6.0,스토리가 빈약하고 허무하게 끝나요지루하진 않았어요
싱 어게인,네티즌,4.0,"원스, 비긴어게인, 싱스트리트 다 봤기에 이번 작품도 당연히 보러갔음. 기대도 많이 했는데 솔직히 말하면 되게 실망스러움. 주인공의 캐릭터성도 약하고 스토리는 밋밋하고. 그냥 적당히 분위기 있고 호불호 없을 만한 ost 한곡 뽑아서 영화를 만든 느낌이라 그냥 음악 들으면서 가볍게 영화 한편 볼 거면 나쁘지는 않은데 비긴어게인이나 원스를 기대한 사람이라면 많이 실망스러울 듯"
싱 어게인,네티즌,10.0,사운드 빵빵한 영화관에서 보길 잘한것같아요. 노래 너무 좋았고 스토리도 재밌었음! 개인적으로 비긴어게인보다 더 재밌었어요.
싱 어게인,네티즌,10.0,존 카니 덕후는 웁니다.. 진짜 개 고트합니다...재탕 삼탕할 영화 찾았다 ㅈㅉ..
싱 어게인,네티즌,9.0,개인적으론 비긴어게인보다 좋긴 했는데 뭔가 후루룩 딱! 한 느낌이라 해야하나
싱 어게인,네티즌,10.0,노래가 기준인 영화 스토리는 아쉬우나 계속 생각나는 스토리를 담고 있음
싱 어게인,네티즌,9.0,존 카니 영화는 실망시키지 않는다다만 특유의 색감이 조금 사라진듯해 아쉽다
싱 어게인,네티즌,8.0,한 곡으로만 극을 이끌어 가는 게 아쉬우면서도 잘한 선택이라고 느껴진다. 가족 얘기만 나오면 눈물이 나
싱 어게인,네티즌,6.0,노래는 좋아... 약간은 올드한 스토리
싱 어게인,네티즌,9.0,어느순간 서서히 몰입이 되다가 대니와 릭이랑 뒹굴면서 싸우다가 ‘너는 이게 사랑 노래인줄 알지?’라는 말과 함께 곡이 쓰여진 배경을 설명하는 씬에서 예상치 못한 특이한 감동같은 느낌을 받았습니다. 저는 애도 없고 결혼도 안했지만 2살짜리 딸을 생각하며 쓴 노래라 하니 릭의 서사에 더 몰입되더군요. 약에서 깨는 듯한 조니의 모습도 기억에 남네요 ㅋㅋ재밌게 보았습니다ㅎㅎ
싱 어게인,네티즌,9.0,"존 카니 감독의 전작들에 비해 좀 더 여유와 관록이 느껴지는 연출, 멋진 메시지, 꽤나 현실적인 결말."
싱 어게인,네티즌,6.0,존 카니의 음악영화는 그립감이 좋다.
싱 어게인,네티즌,7.0,노래는 좋다... 그뿐
싱 어게인,네티즌,7.0,비긴어게인 만큼 감동이 오지는 않았지만연출 연기 스토리 영상미 ost 다 너무 좋았어요역시 존 카니 감독님 믿고 봅니다.
싱 어게인,네티즌,6.0,원제 그대로 파워 발라드라 해도 됐을 것 같은데 괜히 예능 프로랑 겹치게 싱 어게인이라 해놨네릭이랑 같이 미칠 뻔 했는데 찝찝한 열린 결말이라도 끝을 내서 다행이라 생각함
싱 어게인,네티즌,9.0,스토리가 아쉽지만 이렇게 노래 써주는 노래는 귀하다
싱 어게인,네티즌,10.0,혼자 봣는데 조앗더요!!!
싱 어게인,네티즌,10.0,"표절 시비도 인상적이고, 눈물나는 엔딩도 좋았어요^^^"
싱 어게인,네티즌,5.0,"그래미에 가지 못하는 발라드처럼, 술을 거절하는 아이리쉬처럼, 색을 잃어버린 메아리"
싱 어게인,네티즌,8.0,가족영화 같아서 가볍게 훈훈하고 재밌었어요 ost가 계속 생각나네요
싱 어게인,네티즌,8.0,주워 먹는 것도 능력이다. 주변에 보면 다른 사람 아이디어를 자기것으로 재창조하여 성공하는 사람들이 많지.. 억울해도 어쩔수 없지.. 그게 사는세상인걸..ㅠ
싱 어게인,네티즌,10.0,꼭보세요 최고의 영화 fr
싱 어게인,네티즌,9.0,"비긴어게인, 원스가 준 여운과는 다른 느낌의 영화였다.생각보다 더 괜찮았던 영화. 쿠키 없는 걸 알면서도 여운을 즐기다 나왔음"
싱 어게인,네티즌,7.0,ost가 좋고 내용은 그저그럼
싱 어게인,네티즌,10.0,"최고였습니다.누군가 싱스트리트의 꿈, 비긴어게인의 진심이 담겨있다 했는데 정확합니다. 슬픔과 웃음이 공존하던 영화였어요."
싱 어게인,네티즌,10.0,마지막 끝맺음이 너무 울컥하네요… 울음참고 영화 봤습니다. 휴지많이 챙겨가세요
싱 어게인,네티즌,8.0,존 카터 감독의 음악 사랑을 볼 수 있다.
싱 어게인,네티즌,6.0,개인적으로 내용이 별로 없는 느낌이었지만 소소하게 볼만 한 것 같음. 감동적인 장면에선 눈물 나긴 함ㅠㅠ
싱 어게인,네티즌,10.0,과정속에 존재하는 모든 사랑의 순간.
싱 어게인,네티즌,10.0,가짜는 알 수 없는 진짜. 누군가에겐 평생의 전부가 되고 누군가 에겐 평생의 족쇠가 된다.
싱 어게인,네티즌,10.0,그야말로 기대없이 봤는데 보길 잘 한 영화
싱 어게인,네티즌,10.0,댓글보고 감정스포(?)를 당했지만.. 그래도 재밌다.. 노래도 너무좋고 스토리도 좋고 무난하게 다좋음
싱 어게인,네티즌,10.0,좋음 노래부터 비긴어게인 느낌이 물슥남
싱 어게인,네티즌,10.0,영화가 끝나고 사랑의 여러가지 의미에 대해 한번 더 생각하게 된 영화였습니다 OST가 울려퍼질때 감동적이고 좋았습니다
싱 어게인,네티즌,7.0,비긴어게인에서 크게 달라진게 없는 스토리 솔직히 기대이하
싱 어게인,네티즌,8.0,잔잔하지만 큰 울림이있는
싱 어게인,네티즌,10.0,오디세이 스파이더맨보다 더 재밌다
싱 어게인,네티즌,1.0,비긴어게인 때문에 기대가 너무 컸나봐요
싱 어게인,네티즌,4.0,"비긴어게인, 싱스트리트 두 영화가 인생영화라서 개봉 전부터 기대하고 있던 영화인데 솔직히 좀 실망했음.이전작들처럼 플리에 넣어두고 들을 좋은 음악이 다채로운 것도 아니고 영화 내용도 좀 부실하다는 생각이 들었음.밋밋한 무색무취 느낌ㅠㅠ"
싱 어게인,네티즌,2.0,"결론은 끝까지 곡 훔친 주인공은 자기 반성없이 거짓말하다가, 그나미 딸이 증거 영상 찾아서 돈으로 보상 받는다는 거잖아감독이 늙었나보다 구질구질 스토리에 아무것도 전달 못하네 이제"
싱 어게인,네티즌,4.0,영화 노래는 좋고 하고 싶은 말이 좋은 거 같기도 해요. 근데 결말이 시원하지 않고 섭섭해요. 노랜 정말 좋았는데 ... 이렇게 끝나면 안될 것 같은 느낌.?
비광,실관람객,10.0,관람객
비광,네티즌,1.0,가족애를 다루려는 건지 범죄스릴러인지 모르겠음. 조연배우들의 장면들이 스토리의 흐름을 방해함. 전반적으로 구성과 편집이 엉성함. 특별함을 찾을 수 없고 진부한 소재에 15년 전쯤의 영화를 보는 줄 알았음. 그래도 배우들의 연기는 뛰어났고 주연 신인 아역여배우는 지루함 속의 단비 같은 존재
비광,네티즌,10.0,김선영님 연기 진짜 대박이었어요... 영화 보고 나니 여운이 많이 남더라구요 전작 미쓰백보다 더 깊은 감동이 남았어요
비광,네티즌,2.0,"영화 예고편에 속은 느낌. 사건 자체를 다루기 보다는 가족에 초점을 맞추는 바람에 두시간중 1시간 50분 동안 고구마를 먹임. 감독은 마치 계속 불행한 일이 벌어져야 가족이 끈끈해진다고 믿는 것 같음. 봐도봐도 일이 진전이 되기는 커녕 답답한 짓거리만 하길래 마지막엔 뭐가 됐든 끝나기만 바라게 됨.웃긴건 고구마 상황은 자세하게 슬로우까지 걸고, 스킵해도 되는 모든 장면 역시 디테일하게 보여주는데다 과거회상도 중간중간 과하게 다 집어넣으면서.. 결말에 사건이 해결되는 과정은 초스피드 몽타주로 처리함. 그러다보니 영화 끝나갈때까지 난 이 영화의 메시지가 힘있는 사람 말 잘들어야지 괜히 개기다 인생 ㅈ된다인줄 알았음.그러다가 해결이 되긴 되는데 사실 그 방식도 너무너무 굴욕적임.딸을 위해 내 인생 망친 사람에게 무릎꿇는것임.그게 가족을 위한 사랑인것처럼 포장하는데 하...감독이 영화를 통해 당췌 무슨 감성팔이를 하고싶은건지 감도 안옴. 그냥 속에서 열불만 치밀고 감독의 원래 꿈이 고구마장수일지도 모른다는 생각이 듬.결정적으로 오프닝부터 비광 화투패를 보여주며 그림설명하고 의미부여하고, 중간중간 나래이션 까는데 그게 너무 올드함. 안그래도 제목이 되게 후지다고 생각했는데 영화가 그걸 어떻게든 포장시키려고 안달복달 난 거처럼 구구절절 의미를 가스라이팅 시킴. 근데 그게 너무 별거 아니라 코웃음만 나옴.진심 화면에 화투패 뜰때마다 내가 괜히 대리수치심이 들면서 오글거림. 무슨 짓을 해도 제목과 내용이 따로 놈.그럼에도 배우들은 열연을 펼침. 스크린 속 하지원씨는 확실히 시선을 사로잡고 류승룡 역시 7번방 선물의 부성애 연기를 다시 보여줌. 다른 가족들도 자칫 부자연스러울수 있는 행동들을 나름 맛깔나게 살리는것이 보였음.개인적으로 이 영화는 방향성만 잘 잡았다면 스토리가 정말 흥미롭게 흘러갈수 있었는데 그러지 못한게 안타까움. 창작자가 설정과 전혀 어울리지 않는 제목 비광에 어줍짢은 철학을 담으려다 재미의 중요한걸 놓쳐버린 영화같음."
비광,네티즌,4.0,좋은 배우들을 이렇게 낭비할 수 도 있다는게 그저 신기하네.2026년도에 1980년도 류의 신파를 보다니...
비광,네티즌,1.0,진짜 애매한 어두운 소재에 상업적 요소 한스푼..올드한 연출과 아침드리마 스러운 몇 장면과 각자의 외로움 보여주다 이야기 산으로 간 듯
비광,네티즌,3.0,"창고영화라더만 창고에서 한 30년 이상 묵었나. 언제쩍 구질구질 퀴퀴한 정서, 분위기, 과잉, 설정…. 으 곰팡내"
비광,네티즌,10.0,류승룡 배우 나오는건 꼭 보는편. 이러니저러니 해도 류승룡 연기만으로도 영화는 볼 가치있음.
비광,네티즌,10.0,"처음부터 끝까지 분위기가 묵직하면서도 감정을 깊게 끌고 가는 영화라 좋았어요. 특히 류승룡 배우의 애틋한 부성애가 정말 인상적이었고, 하지원 배우의 연기 변신과 김선영 배우의 탄탄한 연기도 너무 좋았습니다. 이지원 감독님의 가족을 바라보는 시선이 전작보다 한층 더 깊어진 느낌이라 눈물 포인트도 많고 보고 나서도 여운이 계속 남네요."
비광,네티즌,10.0,오랜만에 영화 재밌게 본거 같아요!! 류승룡 부성애 때문에 감동이 더한거 같아요 ㅎㅎㅎ 끝까지 여운이 남아있고 가족들과 보기에도 추천 드려요!
비광,네티즌,1.0,진심 재미없었다.. 보다 졸았다..
비광,네티즌,10.0,삭막한 세상에서 요즘 맨날 자극적인 숏폼과 기사를 보니 마음이 한켠으로는 뭔가 이상했는데 류승룡배우의 부성애와 하지원님의 신들린 연기를보니 마음에 있는 응어리가 풀린기분
비광,네티즌,4.0,같은 영화를 보고 온게 맞나? 각자 의견은 다를수 있지만내 평과 너무 달라서 놀람그냥 한마디로주위에는 추천을 안하고 싶은 영화 호프가 재밌는 영화였단걸깨우쳐준 영화
비광,네티즌,1.0,시종일관 축축 처지는 구질구질한 자기연민과 유치한 자학으로 휴먼 누아르인 척.. 관객들을 영화 보는 내내 짜증에만 픅 절여놓는다.
비광,네티즌,2.0,이거 평점 왜이래~~ 진짜 아니자나 9점이 웬말이야 이거 아니야 정말 영화 본거 맞어????
비광,네티즌,1.0,아시죠 ? 개봉일주일동안은 바이럴업체 네이버계정대량매입 평점 조ㅈ
비광,네티즌,2.0,비추입니다.스토리와 전개가 어설품.여성감독임.뭘 말하려는지도 모를 청소년 홍보영화수준.
비광,네티즌,10.0,하지원배우님 오랜만인데 역시 연기 실력은 진짜 최고인거같아요 영화 전체적인 분위기 퀄리티도 대박이고 완전 슬퍼요 휴지필수…
비광,네티즌,1.0,지루해 지루하다고 너무 늘어진다고 영화가 .. 그리고 댓글알바 너무 티난다 . 오늘 수요일 개봉한 영화를 주말에 데이트 하면서 보기좋은 영화 이러고 있네 티가 너무 난다
비광,네티즌,10.0,연기 빼면 시체.. 류승용 하지원 연기 탑급 배우들이 펼치는 열연
비광,네티즌,1.0,평점이 과할정도로 상당히 높네요 ~
비광,네티즌,6.0,넷플릭스 용!! 극장서 보지마라 대부분 후회 한다
비광,네티즌,6.0,예상되는 스토리.. 그냥 저냥.. 재미 없음
비광,네티즌,2.0,와 근데 진짜 댓글 알바 이런거 안 믿었는데 보고나서 첨 알았네요 진짜 재미없어요
비광,네티즌,1.0,20년전쯤 만든영화같네요구성이 뭐만하면 과거회상으로 돌아가는데 너무 올드합니다등장인물들 하는짓도 다 이해가안되고걍 노답..
비광,네티즌,1.0,류승룡도 살리지 못한 스토리.. 그 놈의 억지 신파는 좀 빼면 안되냐?
비광,네티즌,10.0,"미쓰백 너무 감명깊게 봐서 이후로 이지원 감독님 작품은 안 볼 수가 없죠~ 류승룡, 하지원, 김선영 배우 역시 믿고봅니다."
비광,네티즌,10.0,너무나 완벽한 스토리였어요! 중간 보면서 서너번 울었어요!~배우들의 개성있는 연기가 몰입을 하게만들었어요! 반전의 또반전!! 집에 와서도 아직도 여운이 남습니다..
비광,네티즌,1.0,롯데시네마 꽁짜표로 보고와서 덜 열받을줄 알았는데 생각해보니 왕복 버스비 ㅈㄹ 아깝네??
비광,네티즌,1.0,진짜 별로였음. 뭔 이야기를 하고 싶은건지..
비광,네티즌,6.0,"감독과 배우들의 명성에 비해..비광은 스토리에 힘이 없고,긴장감도 미적지근했다.비광으로는 광 세개를 가지고도 2점이다..알싸한 재미와 긴장을 기대했다가슴슴한 평양냉면 같은 아쉬운 영화 비광"
비광,네티즌,2.0,이영화 비추 첫채 영화가 무엇을 이야기 하는지 잘모르겠음 하나의 주제로 쉽고 편하고 재이있게 만들면 되는데 감독님이 칸 영화제 출품 할려고 만들었는지 영화가 영화답지않고 영화를 보러운 관객을 자전소설에 밀어 넣는듯하는 느깜 감독님이 너무 영화를 진짜 어렵게 만들려고 노력한 영화 전반적으로 산만한 영화 나는 생각합니다 영화는 영화다워야 한다는것
비광,네티즌,6.0,개봉하자마자 봤네요 리얼감상평 써드려요 장점: 출연배우들 연기 너무 훌륭하게 잘 했다 몰입감 좋았습니다단점: 스토리가 이리저러 너무 짜집기 스토리입니다참신하지 않아 아쉬웠습니다다만 배우들 보러가실려면 가셔서 보세요지원언니 졸~~라 이뿌네여
비광,네티즌,2.0,너무 아쉬운 억지 스토리…
비광,네티즌,2.0,네이버 평점 알바들 정말 대단하네요..영화관이 집앞이라 당근에서 1500원주고 보러갔는데 그 천오백원이 아깝더이다..어떻게 평점이 9.8이 나올수 있죠? ㅎ 어이가 없네요..옆에 계신 아줌마들..공감이 하나도 안간다고 내가 이상한거냐고 서로 악평을 쏟아붇더만 ㅎ
비광,네티즌,10.0,류승룡 덕분에 이영화를 관람했는데 감동이 엄청 오 래남는 영화입니다 류승룡의 부성애가 잘느껴지는 영화입니다 뭉클함과 찡한여운이 남아있습니다 다 음에 또 관람할것 같은 영화라 추천합니다
비광,네티즌,10.0,"류승룡 하지원 배우의 연기력이 압도적이고 가족생각, 특히 아빠생각이 너무 많이나는 오랜만에 여운이 진하게 남는 감동적인 영화입니다"
비광,네티즌,4.0,류승룡 배우 땜에 봤어요 배우들 연기들은 좋으나 연출 각본 음악 다 아쉽습니다
비광,네티즌,10.0,기대없게 해놓고.보고 나니 괜찮은데?
비광,네티즌,1.0,아 잼 없어 돈아까운 영화 1시간 다 자고 친구들 지인들하고 여친한테 미안하고 레지던트이블 0번째밤 보러가야겠다.
비광,네티즌,10.0,가족.인생.삶...사랑..눈물ㅜ
비광,네티즌,8.0,날카롭고 미친 톤앤 매너
비광,네티즌,10.0,감동적이네요.부성애와 가족을 위한 모습에 찡했어요.주연배우들 연기도 좋았지만 조연배우들도 연기 잘하시는분들 많이 나와서 몰입해서 잘 봤습니다.
비광,네티즌,10.0,우와 하지원 연기 스탈이 많이 바뀌었네요 류승룡 부성애 눈물이ㅠㅠㅠ 감독 전작 미쓰백보다 더 감동이에요이거 보고나니 아빠 생각나요... 가슴이 찌잉한게 보고나서 여운이 길게 남네요
비광,네티즌,10.0,류승룡 배우랑 하지원 배우 연기에 빠져들게되네요ㅎㅎ 찡하면서 여운남는 영화로 추천드립니다ㅎㅎ
비광,네티즌,10.0,스토리 흡인력 장난 없고 배우들 연기 합이 미쳤습니다. 류승룡 배우의 묵직한 부성애 감정선에 완전 이입해서 보다가 눈물 참느라 혼났네요. 하지원 배우의 과감한 연기 변신이랑 김선영 배우의 명품 연기 덕분에 긴장감도 끝까지 유지됩니다. 단순한 누아르를 넘어서 가족이라는 관계에 대해 다시 생각하게 만드는 찐한 감동이 있네요. 진심으로 추천합니다!!
비광,네티즌,5.0,난 모르겠음 진짜진짜 오랜만에 본 영화였는데ㅜㅜ 킬링타임용임 딴거볼걸 쩝
비광,네티즌,10.0,진짜 기대안하고 봤는데 스토리 괜찮았음!일단 배우들 믿고보는 연기파들이라 좋았고 너무 신파도 아닌 잔잔한 감동 괜찮았음!비광 뜻처럼 하나일땐 쓸모없는 패지만 합치면 힘을 발휘하는 그패 비광! 추천합니다
비광,네티즌,1.0,댓글 알바에 또 속네 ..
비광,네티즌,10.0,"배우들의 연기가 정말 인상 깊었던 영화예요. 특히 류승룡 배우의 딸을 향한 부성애가 너무 절절하게 느껴져서 보는 내내 마음이 찡했고, 하지원 배우도 지금까지와는 또 다른 얼굴을 보여줘서 더 몰입해서 봤어요. 김선영 배우의 연기는 역시 믿고 보는 배우라는 생각이 들 정도로 좋았고요. 단순한 가족 이야기가 아니라 위기 속에서 서로를 지키려는 사람들의 감정과 연대가 깊게 와닿았어요. 이지원 감독님의 전작 《미쓰백》보다 더 깊어진 감정과 강렬한 가족 누아르라는 느낌! 보고 나니 자연스럽게 가족 생각도 나고, 특히 아빠한테 괜히 전화 한 통 하고 싶어지는 영화였어요. 웃음보다는 묵직하게 마음을 건드리는 장면들이 많아서 엔딩 이후에도 여운이 오래 남았습니다. ??"
비광,네티즌,4.0,딸아이의 사건에 얽인 스릴러와 가족간의 사랑인 건 알겠는데 필요없는 신파와 가족이야기가 너무 많고 안어울림
비광,네티즌,5.0,"영화 보고 만든 영화, 평론가의 감상평이 이해가 된다."
비광,네티즌,8.0,"이지원 감독의 전작인 '미스백'에서 생각보다 아쉬운 인상을 받았기에, 이번 작품 역시 기대 반, 걱정 반의 마음으로 영화관을 향했다. 일단 배우들의 연기, 특히 '김선영' 배우님의 연기는 기대감을 넘어 그 이상을 보여주셨지만, 이번 영화 역시 감독님 특유의 지루한 감정선이 이 영화에도 담겨 있어서 조금 아쉬웠다. 분명 이것보다 더 좋은 각본과 후반부 작업을 완성할 수 있어 보이는데, 딱 어디에선가 멈추어버린 느낌이다. 그 가장 큰 이유는 배우들의 연기력으로 충분히 완벽한 감정선을 과도한 대사와 과도한 연출로 오히려 감정선을 흩트려버린 것이 가장 크다고 생각된다. 다만, 일반 관객들이 극장에서 느끼기에 충분한 감동과 서사가 있는 이야기이기에 이 감상평만 보고 굳이 영화관에 가지 않을 이유는 없는 영화라고 생각한다. 충분히 영화관에서 봐도 감동을 느낄 만한 작품이기 때문에, 제 감상평이 영화를 부정적으로 평가한 것으로 오해하지는 말아주셨으면 좋겠습니다. 그리고 마지막으로 두 작품에서 보여준 가능성을 종합해서 생각하면 비교적 젊은 감독에 속하는 만큼 앞으로 더욱 훌륭한 작품들이 나올 수 있을 것이라는 기대감은 충분하다."
비광,네티즌,6.0,"미스 백 감독이라 기대 반 걱정 반으로 봤는데 두 작품 모두 사회적인 메시지를 주려는 틀은 확실했지만 비광은 너무 흔해빠진 소재에다가 여고생 집단 성폭행이라는 틀에 정재계 경찰 등 부정부패가 얽히고설킨 이런 너무 올드 한 스토리에 스타 야구 선수와 톱스타의 결혼 이건 어디서 많이 본 그림이고 너무 뻔하디 뻔한 그런 올드한 영화.. 그래도 류승룡, 하지원, 김선영, 김해숙 등 배우들의 연기 하나는 정말 일품이었고 류승룡이 딸 있는 아버지 역할만 하면 왜케 짠 내가 나냐..이 사람 사람 울컥하게 만드는 뭔가 있음.. 그리고 반전이라고 주는 것도 반전이라고 와 닿지가 않았고 그냥 OTT에서 해주면 어울리는 영화인데 그냥 무료로 봤으니 OTT 영화를 영화관에서 본 셈 치지 뭐.. 이거 5년이 넘는 창고 영화라는데 코로나 때문에 이제 나온 거 같은데 이런 배우들 쓰고 이제 나오는 이유가 있긴 있었네 이지원 감독 이번엔 기대에 못 미쳐서 참 아쉬웠던 영화.."
비광,네티즌,1.0,시간이 아까웠습니다.
비광,네티즌,1.0,하..가슴에 비광이 날아와 꽃히네;;;
비광,네티즌,5.0,여기저기서 가져와 짜집기해 놓고 뭐 좀 있어 보이려는 척하지만 도저히 감춰지지 않는 허접하고 올드한 각본과 연출의 전형을 볼 수 있는 작품 배우들의 연기가 너무 아깝다는 생각이 들 정도로 허접하다 배우들은 죄가 없다 미쓰백 때 상 받고 월클병에 걸렸나 감독이 과욕 부리다가 망친 작품
비광,네티즌,5.0,"이게 실관람 9점이라고? 메박에서 보고 왔는데, 5점이 적당하다. 연출력이 부족하니 음악으로 분위기를 덮어보려는 느낌이고, 화면 전환이나 인물별 이야기 연출이 통합이 안 되는 느낌 따로 놀고 스토리가 중구난방. 밑바닥 싼티 인생 말하려다 영화가 싼티가 되버린"
비광,네티즌,1.0,"감독, 명절 때 내기 고스톱 치다가 비광 땜에 짐?돈 잃고 인생 쓴맛 느끼다가 감명받아서 개똥철학 쏟아부은 느낌인데ㅋㅋ"
비광,네티즌,1.0,전체적으로 밋밋하고 지루했어요 보고나서 영화의 내용도 의도도 전혀 이해할 수 없었습니다.
비광,네티즌,2.0,내용이 질질 끌어서 지루하고 노잼임
비광,네티즌,10.0,류승룡씨 좋아해서 개봉하자마자 보러 갔는데 보다보면 왜 영화 이름이 비광인지 알것같아요. 같이 있을때 비로소 완성되는 가족이네요. 아빠 생각나서 뭔까 찡했어요. 배우들 연기도 좋아서 강추합니다!
비광,네티즌,10.0,"오랜만에 배우들의 연기에 제대로 몰입해서 본 영화였어요.류승룡, 하지원 배우는 역시 믿고 보는 배우라는 생각이 들었고 김시아 배우의 연기도 정말 인상 깊었습니다. 세 사람의 감정이 쌓여가는 과정이 묵직하게 다가오고 단순한 사건 중심의 영화라기보다 결국 ‘가족이란 무엇일까’를 생각하게 만드는 영화였어요.처음에는 조금 무거운 분위기로 시작하지만 이야기가 진행될수록 인물들의 관계와 사연이 하나씩 연결되면서 점점 몰입하게 됩니다. 특히 각자 상처를 가진 사람들이 서로를 지키려고 하는 모습이 마음에 많이 남았어요.화려하고 가볍게 볼 수 있는 영화는 아니지만 배우들의 연기와 감정선을 따라가다 보면 어느 순간 영화에 푹 빠져서 보게 되는 작품이에요. 보고 나서도 제목 ‘비광’의 의미와 가족에 대해 한 번 더 생각하게 되네요.개인적으로 류승룡 배우의 연기가 정말 좋았고 하지원 배우도 오랜만에 스크린에서 보니 너무 반가웠어요. 김시아 배우까지 세 배우의 조합이 기대 이상이었습니다.웃고 끝나는 영화보다는 묵직하고 여운이 남는 한국영화 좋아하시는 분들에게 추천하고 싶어요. 스포 없이 보시는 걸 추천합니다!"
비광,네티즌,6.0,킬링타임용으로 보기 좋아요
비광,네티즌,7.0,"스토리를 잘 만들려고 했지만, 개연성이 조금 부족했던 것 같네요.. 감동포인트를 만들려고 했지만, 크게 와닿지 않았네요 ㅎㅎ"
비광,네티즌,10.0,류승룡 배우의 연기가 특히 인상 깊었어요. 저도 보면서 아빠 생각이 나서 괜히 더 찡하더라고요. 중간중간 눈물 참느라 고생했어요ㅋㅋ큐ㅠㅠ 보는 내내 몰입해서 그런지 시간 가는 줄도 모르고 봤네요ㅎㅎ
비광,네티즌,1.0,아 볼라고 햇는데 알바 바퀴벌레들 떔에 보기싫어졌노
비광,네티즌,4.0,감독이 성상납 압력을 많이 받았는가 프로야구 천만 관객시대에 왜 꼬여있지 5 년 창고라든데 90년대 영화보는줄 미쓰백은 여운이남았는데 이건 뭐 여감독이라 그른가 배우 유방크다고 계속 장난치는건 보기좀 거시기하네 천편일률적인 실관람객 평 역겹네
비광,네티즌,10.0,처음에는 묵직한 분위기에 끌려서 봤는데 생각보다 감정적으로 훨씬 깊게 들어오는 영화였어요~ 특히 류승룡 배우가 보여주는 아버지의 모습이 너무 현실적이고 절절해서 후반부에는 자연스럽게 아빠 생각이 났습니다 ㅎㅎ 강렬한 가족 이야기에 감동까지 잘 녹아 있어서 마지막까지 보고 나니 마음이 찡하고 여운이 오래 남네요
비광,네티즌,4.0,"감독의 역량부족, 미스백은 좋았는데..스토리 어느장단에 있는지 모르겠음Ott에 나왔더라도 욕좀 먹었을듯배우라인보고 대본보고 선택한게 맞나 싶을정도"
비광,네티즌,1.0,너무 구려요 다 알바임 이게 뭐야
비광,네티즌,1.0,최악의 도그 쓰레기 걍 폐기물
비광,네티즌,1.0,댓글알바쓴거여? 조조로 보기 딱좋은영화 아침잠없는분께 추천
비광,네티즌,10.0,거의 막판까지 문제 해결 안되서 그냥 새드 엔딩으로 끝나는 줄 알았는데 막판 30분 낭만 있는무릎 꿇기 한방에 문제해결 거기서 끝나지 않고 복수까지 야무지게 하고 추가로 신파까지 알차게 넣었다.
비광,네티즌,8.0,"너무 늦게 개봉하는 면이다좀 올드한 면도 보이고, 미쓰백의 후광을 넘지 못하는거 같다미쓰백 생각하면 아쉬운 작품!"
비광,네티즌,8.0,사람때문에힘들고 사람때문에 좋고 그게 인생인듯하다...평점은8.5점주고싶다
비광,네티즌,1.0,내..55세..살다. 살다 이런류의 스토리 영화는 첨이다!오죽하면 영화 끝나고 엘베서. 만난 할머니(혼자오신듯)한분이 화장실도 참으면 본걸 후회한다함..앞으로 이런영화는 명품배우라도 캐스팅 안하길 바래본다..불쌍한 승룡님과 지원님..이번에 점수 많이 깍였을듯.오죽하면 1점 드림
비광,네티즌,9.0,"류승룡 연기가 좋았음. 딸로 나온 배우도 너무 귀엽게 생김. 큰 기대 안했는데 영화보는 내내 지루하지 않았고, 재밌었고, 감동적이었음"
비광,네티즌,10.0,좋아하는 배우들이 나와서 너무좋았고 연기가 어마어마해서 몰입이 잘됐어요 영상미가 좋아서 영화볼맛납니다♡특히 하지원배우의 눈빛이 너무 좋아요
비광,네티즌,10.0,"류승용 배우의 아빠 연기에 반했어요.. 기대 안 하고 봤는데, 기대 이상이었네요 여운 남는 가족 누아르예요"
비광,네티즌,10.0,"배우들의 연기가 정말 인상 깊었어요. 특히 류승룡 배우의 부성애가 절절하게 느껴져서 후반부로 갈수록 감정이 확 몰입됐고, 하지원 배우도 기존 이미지와 다른 거칠고 현실적인 모습이 잘 어울렸어요. 김선영 배우를 비롯한 가족들의 연기도 자연스러워서 각 인물의 감정이 더 생생하게 다가왔습니다. 가족들이 서로를 지키기 위해 함께하는 과정에서 공감되는 장면도 많았고 아빠 생각이 나서 괜히 울컥하는 순간도 있었어요. 단순한 가족 이야기를 넘어 사건을 따라가는 긴장감까지 있어서 끝까지 집중해서 봤습니다. 보고 나서도 가족에 대해 한 번 더 생각하게 되고 여운이 오래 남는 영화였어요."
비광,네티즌,10.0,배우들 연기는 백점이고 스토리도 억지스럽지않고 간간히 웃기기도하고. 오랜만에 극장에서 볼만한 영화를 찾은것같아서 강추합니다.
비광,네티즌,10.0,각자의 힘든 삶을 살아가는 중에도서로를 끌어안으며 가족으로 살아가는 이야기혈연보다도 더 끈끈한 가족애와 인간애를 한껏 느끼고 왔어요
비광,네티즌,10.0,"믿고보는 배우들이 많아서 연기력은 말해모해!!! 스토리도 탄탄해서 너무나도 갬덩적이엿어용,,, 기대 많이햇엇는데 역시 기대한만큼 재밋엇어요!"
비광,네티즌,10.0,하지원 너무 좋아하는데 오랜만에 영화라 엄청 기대하면서 봤어요!연기가 너무 좋았고 다른 주연배우들과의 호흡도 아주 멋졌습니당생각보다 영화 스토리가 너무 괜찮아서 여운이 많이 남았어요!
비광,네티즌,10.0,"류승룡 배우님의 부성애 연기가 특히 인상 깊었고, 하지원 배우님의 새로운 연기 변신도 좋았어요. 김선영 배우님 역시 연기가 정말 자연스러워서 몰입해서 봤습니다. 가족의 감정선을 잘 담아내서 그런지 보면서 아빠 생각도 나고 괜히 찡하더라고요. 보고 난 뒤에도 여운이 오래 남았습니다."
비광,네티즌,10.0,가슴을 울리는 묵직한 스토리와 독보적인 분위기가 정말 매력적인 영화. 배우들의 연기 합이 너무 훌륭해서 감정선에 완전히 몰입해서 봤네요. 아빠 생각이 많이 나서 마음 한구석이 찡해지고 눈물도 납니다. 요즘 보기 드문 깊은 울림과 여운을 주는 최고의 작품이니 꼭 보시길
비광,네티즌,10.0,배우분들의 연기력은 물론이고 영화에 몰입도가 좋아서 집중해서 볼 수 있었습니다. 후반부에는 눈물도 찔끔 흘렸어요. 오랜만에 가족 생각나는 영화 좋았습니다.
비광,네티즌,10.0,배우들연기도 너무좋고 감동적이였음진짜 가족에대해서다시한번 생각하게 만드는 영화
비광,네티즌,10.0,하지원 류승룡 김선영 배우님 조합이면 무조건 봐야한다고 생각들었는데~역시나 연기가 너무 좋아서 감정에 푹빠지게되는 영화였어요.추천해요~
비광,네티즌,10.0,몰입도가 뛰어난 영화였습니다
비광,네티즌,10.0,"감독님의 전작 '미쓰백'을 인상 깊게 봤는데, 이번 '비광'은 강렬한 가족 누아르 장르 안에서 그보다 더 깊고 묵직한 감동을 줍니다. 무엇보다 전체적인 극의 분위기를 압도하는 배우들의 연기력이 훌륭합니다. 류승룡 배우의 진정성 있는 부성애 연기와 하지원 배우의 새로운 연기 변신이 몰입도를 크게 높여주구요. 여기에 김선영 배우의 디테일한 연기까지 더해져 퀄리티가 아주 좋습니다. 영화 후반부의 섬세한 감정선 덕분에 아빠 생각도 많이 나고, 가슴을 찡하게 울리는 눈물 포인트들이 있어서 짙은 여운이 남는 작품입니다."
비광,네티즌,10.0,배우들의 연기 차력쇼. 처음부터 끝까지 긴장감을 놓을 수 없이 전개가 빠르고 재밌게 봤어요. 마지막에 너무 슬펐어요
비광,네티즌,10.0,삶의 끝자락에 선 인물들의 절박함이 가슴을 찌르는 영화에요. 연출도 깔끔하고 배우들 눈빛 연기가 오래 남는 작품인듯!
비광,네티즌,10.0,"류승룡 배우의 깊은 부성애 연기와 하지원의 색다른 변신이 특히 인상적이었습니다. 김선영 배우까지 탄탄한 연기력을 보여줘 몰입감이 좋았고, 가족을 둘러싼 감정선이 묵직하게 다가왔어요. 이지원 감독 특유의 강렬한 분위기 속에서 찡한 순간과 여운이 오래 남는 영화였습니다."
비광,네티즌,10.0,"연기력은 말해뭐야,,, 끝나고나면 뭔가 묘한 감동과 연기력에 대한 감탄을 하게 됨 팝콘 사서 갔는데 거의 못먹음;; 집중 너무해서"
비광,네티즌,10.0,기대없이 봤는데 전작 미쓰백보다 재미있게 봤어요. 긴장감도 있고 배우들 연기가 자연스러워 보면서 거슬리는 부분이 없었어요. 스토리도 무겁고 지루하지 않아서 편하게 보기 좋은 영화였어요.
비광,네티즌,10.0,제목을 잘지었다 생각들정도로 가족들 전부 똘똘뭉쳐혼자서는 빛을 발하지 못하는 비광처럼 모여서 완전체가되는 그런감동적인 영화였어요 류승룡배우나오면 믿고보는데 하지원배우님도 너무예쁘시고 간만에 가족생각나고 몰래눈물훔쳤습니다
비광,네티즌,10.0,미쓰백을 재밌게 봐서 감독님의 새로운 작품을 기대했어요. 역시 류승룡 배우의 부성애가 잔뜩 묻어나는 연기와 하지원 배우의 연기변신은 정말 재밌었어요!영화가 끝나자 아빠가 너무 보고싶은 감동이 진한 영화였어요!
비광,네티즌,10.0,개봉날 조조로 봤어요평점을 못보고 보는거라 걱정했는데몰입감있게 잘봤어요~ 생각했던 장르는 아니었지만 뭉클하고 여운있게 잘 봤습니다
비광,네티즌,10.0,평소 류승룡 배우님의 연기를 정말 좋아하는 사람으로서 오랜만에 만족스러운 영화였습니다 여전히 배우님의 연기 몰입감은 장난아니네요 보면서 가슴이 찡해서 보고나서도 여운이 계속 남았습니다 추천드립니다
비광,네티즌,10.0,"연기 구멍이 없어요나오는 배우들 다 잘해서 몰입이 됩니다.눈동자에 빛이 사라진 하지원 배우 연기가기억에 남고, 김선영 배우 연기가 특히 좋았어요"
비광,네티즌,10.0,화려한 명성과 달리 눅눅한 절망 속으로 추락한 가족의 사투를 그린 작품. 류승룡과 김시아의 묵직한 감정 열연이 극의 몰입감을 높인다
비광,네티즌,10.0,가족생각이 나는 여운이 찐~한 영화였어요ㅠㅠ김선영 배우님 연기는 역시!!! 믿고 보는 배우네요^^
비광,네티즌,10.0,류승룡x하지원 조합은 그냥 믿고 봐야죠 ㅎㅎㅎ이 영화는 서늘하고 날 선 분위기 위에 훨씬 더 깊고 진한 감정선을 얹어낸 것 같아요 상처투성이 인물들이 부딪히는 과정을 쫓아가다 보면 감독님이 관객들에게 주고 싶었던 메시지가 뭔지 알 것 같아요 오랜만에 마음 한구석이 찡하고 여운 남는 영화 봤네요~
비광,네티즌,10.0,"역시 믿고보는 배우 조합... 류승룡 김시아 보면서 아빠랑 내 모습같아 더 감정 몰입하면서 봤어요ㅠㅠ진짜 현실 가족의 모습을 그대로 표현해준 영화라 너무 좋았어요 미쓰백도 좋았는데 역시 이지원 감독,,,미쓰백 시아가 비광에도 나와서 괜히 반가웠음,,ㅠㅠ"
비광,네티즌,10.0,류승룡과 하지원의 연기를 좋아하다보니 선택한 영화인데 오랫만에 하지원배우님의 연기변신 너무 좋았어요.가족과 보기에도 좋을것 가아 추천합니다.
비광,네티즌,10.0,하지원 배우님 새 작품 기다렸는데 연기변신 성공적.. 아빠 생각 나서 가슴 찡한 가족 누아르라 주말에 가족들과 함께 보기 좋은 거 같아요 ㅎㅎ
비광,네티즌,10.0,저희 아빠 생각나서 엄청 울었어요 미쓰백 만큼의 감동을 주는 영화.. 가족서사 그리는 건 진짜 이지원 감독이 최고네요. 류승룡 배우 원래도 좋아했지만 이런 부성애 연기할 때 제일 멋있어 보이는 거 같습니다 엄마아빠 데리고 한번 더 보고 싶네요 강추합니다ㅠㅠㅠ
비광,네티즌,10.0,주말에 데이트 하면서 보기좋은 영화에요시간도 잘 가고 기대한것보다 잼썻어용주말영화데이트 추천해여 ㅎㅎ
비광,네티즌,10.0,좋아하는 실력파 배우님들이 나와서 믿고 봤습니다가족 느와르 감동적이고 스토리라인도 좋았습니다
비광,네티즌,10.0,연출과 연기가좋습니다 하지원님 연기변신멋지고 스토리진행도 좋았으며 배우들의 열연 너무좋았어요 류승용 부성애ㅜㅜ
비광,네티즌,10.0,하지원씨의 연기변신?? 제일눈에띄는부분이었고요 생각보다감동이 있었어요. 보면서 아버지 생각도나네요. 뭔가 감동 여운남는 그런거요!!
비광,네티즌,6.0,상업성 차치하고 미쓰백 감독이길래 창고 영화라도 혹시나 하고 봤는데 미쓰백이 기적같은 작품이었네 감독의 밑천이 여실히 드러남 다만 배우들 연기만큼은 정말 훌륭했기에 이딴 작품 찍느라 시간 낭비한 그들이 너무 안타까워 1점은 도저히 못 주겠다 그거 아니었으면 1점도 아까움
비광,네티즌,10.0,연기 구멍 없는 배우들이 나와서 더 감동적이고 좋았어요 류승룡 부성애가 잘보여서 보고나서도 여운남고 보길 잘했다 싶은 영화였어요
비광,네티즌,10.0,미쓰백 재밌게 봐서 같은 감독님 작품이길래 관람 했어요!! 생각보다 더 재밌게 봤네여 류승룡 하지원 김선영 배우들 역시 연기 넘 잘하시고 케미가 좋았어요!! 간만에 감동받은 가족 누아르 영화였슴다ㅎㅎ
비광,네티즌,7.0,과하지도 부족하지도 않은 작품.. 일반 사람들은 모르는 세계가 존재하는구나 싶은.. 연기 너무 좋았습니다
비광,네티즌,10.0,최고다. 무조건 보삼. 안보면 3대가 후회한다.
비광,네티즌,10.0,다크한 스토리의 가족애를 느낄 수 있는 영화네요^^
비광,네티즌,10.0,류승룡 배우님의 부성애 연기와 하지원 배우님의 새로운 연기 덕분에 러닝타임 내내 몰입해서 봤어요! 김선영 배우님 연기 역시 믿고 보는 배우시고요 영화 전체적으로 흐르는 묵직하고 강렬한 가족 느와르 분위기가 정말 매력적이에요 아빠 생각도 많이 나고 찡한 눈물 포인트가 있어서 영화가 끝난 후에도 여운이 깊게 남네요 감동적인 가족 영화 찾으시는 분들께 추천입니다!!
비광,네티즌,10.0,"강렬한 가족 누아르라는 말이 딱 어울리는 영화입니다! 미쓰백보다 더 깊어진 이지원 감독님의 연출력 덕분에 거친 장면들 속에서도 감정선이 무너지지 않고 끝까지 팽팽하게 이어져요. 류승룡 배우의 깊은 부성애 연기는 또 한 번 눈물샘을 자극하고, 연기 변신 제대로 보여준 하지원 배우와 존재감 넘치는 김선영 배우의 호흡도 완벽했습니다. 먹먹하면서도 마음 한구석이 따뜻해지는 여운이 남아서 끝나고도 생각나네요"
비광,네티즌,10.0,가족이라는 소재를 이렇게 묵직하게 풀어낸 게 인상적이었고 배우들 연기가 좋아서 감정선에 자연스럽게 몰입되었어요 생각보다 여운이 오래 남는 영화입니다
비광,네티즌,10.0,그저 그럴것 같았는데 시간 가는줄 모르고 봤음 몰입감 나름 좋은 영화
비광,네티즌,10.0,김선영님 연기에 빠져들었어요눈물이 나는 여운 남는 영화여서ㅜ 좋았고 전작 미쓰백보다 더 깊은 감동이 있어서 감독님 영화 재밌게 봤습니다
비광,네티즌,10.0,"류승룡 배우님을 평소에 좋아해서 배우님 믿고 영화를 봤어요!역시 류승룡 배우님 + 딸 조합은 실패가 없다는 생각이 들 정도로 이번에도 너무 좋았어요하지원 배우님도 평소에 많이 봤던 연기와는 조금 다른 느낌이라 색달랐고,특히 류승룡 배우님이 딸을 지키려고 점점 몰입해가는 모습이 정말 인상 깊었어요.딸을 향한 아빠의 마음이 너무 잘 느껴져서 보는 내내 감정이입하면서 봤던 것 같아요.보고 나니까 저도 모르게 계속 아빠가 보고싶어지고 슬퍼졌어요(?TдT)?이지원 감독님의 전작 <미쓰백>보다 더 감동적으로 느껴져서 휴지 완전 필수..!!"
비광,네티즌,10.0,와..진짜 눈물쏟는 영화였어요. 배우들 전부 연기력이 좋으니 몰입도가 너무 좋아서 시간이 어떻게갔는지 몰랐어요
비광,네티즌,10.0,감독님의 전작 '미쓰백'을 인상 깊게 봐서 기대를 안고 영화 '비광'을 관람했습니다. 이지원 감독 특유의 강렬한 가족 누아르 작품이었어요. 특히 한순간에 추락하여 먹고살기 위해 고군분투하는 캐릭터를 연기한 하지원 배우님의 연기 변신이 돋보였습니다. 인물들의 감정선에 공감이 많이 갔고 영화가 끝난 후에도 오래도록 여운이 남는 영화입니다.
비광,네티즌,10.0,이것흥행은 못함 옋날영화같음 근데 옛날명화나좋아함
비광,네티즌,10.0,류승룡 배우에게 7번방의 선물에 이어 부성애를 또 느낀 영화..! 잔잔한 분위기 속에서도 가족에 대한 여러 감정이 오래 남는 영화여서 우리 가족 생각남..엄마아빠동생들 사랑해..??
비광,네티즌,10.0,"<비광>은 이지원 감독의 강렬한 가족 누아르로, 전작 <미쓰백>보다 깊은 감동을 줍니다. 류승룡의 진한 부성애와 하지원의 파격 변신, 김선영의 명품 연기가 가슴 찡한 눈물과 긴 여운을 남깁니다."
비광,네티즌,10.0,가족의 의미를 다시금 생각하게 만드는 강렬한 영화네요 류승룡 배우의 절절한 부성애 연기가 가슴을 울리는데 찌릿하고 찡한 눈물 포인트가 정말 많습니다
비광,네티즌,10.0,미쓰백도 잼게 봤는데 이번영화도 역시 ㄷㄷ배우들 연기는 물론이고 여운이 너무 맘아서 끝났는데도 계속 앉아있았음..
비광,네티즌,10.0,재미있게 봤어요류승룡배우 연기가 너무좋아서푹 빠져서 관람 했습니다
비광,네티즌,10.0,믿고 보는 배우들이 나와서 기대했던 대로 정말 좋았어요. 부성애가 감동적이고 스토리가 주는 감동이 계속 남겨있네요. 가족들과 보기 좋은 것 같아요.
비광,네티즌,10.0,개인적으로 김선영 배우를 좋아하거든요! 조연 배우일 때도 인상 깊게 봤어서요~ 이번에도 김선영 배우 연기가 진짜.. 최고였어요 그래서 이 영화 무조건 추천합니다!전에 미쓰백 담당 감독님이 만드신 영화던데 미쓰백보다 감동이 심해요.. 여운 남아요ㅠ 눈물 포인트도 꽤 있어서 가족이나 연인이랑 보는 것도 추천합니다!
비광,네티즌,10.0,"제가 좋아하는 감독님 작품이라 극장에서 꼭 봐야했어요. 류승룡,하지원씨 연기가 너무 좋았고. 강렬한 가족 누와르로 넘 잼있고 감동적이었어요. 눈물이 계속나서 혼났네요. 추천합니다."
비광,네티즌,10.0,"미쓰백 감독님 신작이면 당연히 믿고 봐야죠!!! 류승룡, 하지원, 김선영 연기 조합으로 어떤 감동을 줄지 넘나 궁금해서 예매했어요! 주말에 보러갑니당~~~"
비광,네티즌,10.0,"배우들 연기가 인상 깊었어요. 특히 류승룡 배우의 투박하면서도 절절한 아버지 모습이 마음에 오래 남네요. 가족이라는 이름으로 서로 상처받고 또 서로를 지키려는 이야기가 후반으로 갈수록 더 뭉클하게 다가오더라구요,, 눈물 나는 장면도 많았지만 억지스럽기보다는 가족에 대해 다시 생각하게 만드는 영화였습니다. 보고 나서도 한동안 여운이 남는 작품이었어요."
비광,네티즌,10.0,생각보다 훨씬 몰입해서 봤어요. 특히 서로 상처도 많고 엇갈리던 가족들이 결국 한편이 되는 모습이 뭉클했어요. 배우들 연기도 정말 좋았고 보고 나니 가족 생각도 나서 여운이 오래 남네요.
비광,네티즌,10.0,하지원 김선영 연기가 진짜 대박이라 나도 몰입하게 됨ㅠㅠ 사실 가족을 소재로 한 영화는 예상되는 대로 흘러가서 감동이 덜할 수 있는데 뻔하지 않게 풀어내서 좋았다!! 미쓰백 감독님이라 해서 본건데 역시나.. 이지원 감독 대박이심ㅜ 영화 끝나고도 자꾸 곱씹게 되는 여운있는 작품이었다..!!
비광,네티즌,10.0,"미쓰백 좋아하시면 강추. 오디세이, 호프, 스파이더맨 논할거면 아예 접근을 안하시는게 좋음"
비광,네티즌,10.0,"배우들의 연기가 자연스럽고 인상적이었습니다. 특히 류승룡, 하지원의 감정 연기가 좋았고 인물들의 감정이 잘 전달되는 느낌을 받았습니다. 영화가 전체적으로 어둡고 무거운 분위기였지만 가족 사이의 관계와 감정이 잘 드러나서 여운이 남네요."
비광,네티즌,10.0,"처음에는 그냥 가볍게 볼 수 있는 영화라고 생각했는데 생각보다 가족에 대한 이야기가 많이 담겨 있어서 좋았어요. 인물들 사이의 관계가 자연스럽게 이어져서 보면서 감정적으로 몰입되는 부분도 있었고, 배우들의 연기도 전체적으로 잘 어울렸습니다. 중간중간 웃을 수 있는 장면도 있어서 분위기가 너무 무겁지만은 않았고, 가족이라는 존재에 대해 다시 생각해보게 되는 영화였어요. 보고 나서 잔잔하게 여운이 남는 느낌이라 좋았습니다."
비광,네티즌,10.0,연기파 배우 류승룡 김선영 하지원 연기는 말해 뭐해!! 부성애를 자극하는 스토리로 눈물 한방울 보고 나면 찡하고 아빠가 생각나는 영화네요ㅠㅠ
비광,네티즌,10.0,이지원 감독 특유의 감성과 하지원과 류승룡 배우의 조합도 기대가 됨
비광,네티즌,10.0,"제가 좋아하는 배우들이 나와서 안 볼 수가 없었던 영화구요~ 특히 류승룡의 절절한 부성애는 보신 분들이 다들 언급하는 부분인 만큼, 두 말할 필요도 없고.. 하지원의 파격적인 연기 변신도 기대할 만합니다. 무엇보다 전체적인 스토리가 정말.. 반백살에 영화보다가 아빠 생각나서 눈물을 훔치게 될 줄 몰랐네요 ㅠ"
비광,네티즌,10.0,너무감동적으로 봤어요중간중간 눈물도나고..가족의 의미를 다시한번 생각하게되는배우들의 연기와 케미가 몰입도를 높여주는여운이 남네요
비광,네티즌,10.0,류승룡 연기력은 말모말모 진짜 너무 완벽 믿고보는 배우가 나와서 연기력 빵꾸없이 볼수있어서 너무 쟈밌엇어요 가볍게 가족들과 함께보아도 좋고 커플들이 데이트 하면서 보기에도 젛아요 추천합니다
비광,네티즌,10.0,류승룡 배우님의 연기를 보고 눈물이 핑 돌았습니다.친정 아빠 생각이 많이 나서 영화가 끝나고도 여운이 계속 남았던 것 같아요.전작인 미쓰백보다 더 감동받았습니다.
비광,네티즌,10.0,류승룡의 부성애가 느껴져서 아빠 생각이 났어요. 여운이 많이 남습니다.. 전작 미쓰백보다 더 깊은 감동이라 좋아요.
비광,네티즌,10.0,제가 좋아하는 배우들만 나오네요!! 류승룡의 부성애가 돋보이는 연기에 감동이 찡 하지원의 연기변신도 정말 놀라웠고 재밌었어요 다가오는 추석에 가족들과 다같이 보기에도 정말 좋을것 같아요
비광,네티즌,10.0,류승룡. 하지원 믿고보는 배우라 봤는데 감동있서 여운이 남네요. 아빠 생각도 나고 좋았습니다. 잔잔히 보시길 추천드려요.
비광,네티즌,10.0,"영화에 대한 기대보다 류승룡 배우 팬이어서 봤는데, 그게 아니었음. 영화 스토리와 배우 연기력 대박^^"
비광,네티즌,10.0,"전작 미쓰백도 재밌게 봤는데 이번에도 보다가 눈물났네요 ㅠㅠ 하지원 배우님 연기가 기억에 남고, 흔하지 않은 가족 형태를 보여주는 누아르 영화입니다"
비광,네티즌,10.0,기대 하나도 안했는데 조연분들 연기가 많은걸 생각하게됐어요 연기력 최고!! 추천합니다 ~~
비광,네티즌,10.0,류승룡 하지원 김선영 나왔으면 연기력은 보증수표고 류승룡 부성애ㅠㅠ 보면서 울컥하는 장면들이 있어서 가족들이랑 보기 좋은거같아요
비광,네티즌,10.0,하지원과 류승룡의 만남이라뇨! 연기잘하는 배우들이 만나 시너지가 되는것 같아요!! 스토리도 탄탄하고 눈물 펑펑나네요ㅠㅠ
비광,네티즌,10.0,"생각보다 감정적으로 많이 울컥했던 영화 비광. 류승룡 배우가 보여주는 아버지의 마음이 너무 현실적으로 다가와서 특히 마음에 남았어요. 하지원 배우의 연기 변신도 새로웠고 김선영 배우의 연기는 역시 몰입도가 최고였어요. 가족이라는 소재를 이지원 감독님만의 강렬한 가족 누아르로 풀어낸 게 인상적이었고, 중간중간 눈물 포인트도 있어서 여운이 오래 남아요"
비광,네티즌,10.0,류승용이랑 하지원 연기 너무 잘함.. 마지막에 눈물 남.. 미쓰백 더 깊은 감동 있고 꼭 보삼
비광,네티즌,10.0,"눈물샘 폭발 보는데 계속 아빠 생각나서 마음 찡해짐. 다 보고 나와서도 여운 핑글핑글 돎… 미친 몰입감 이지원 감독 전작 <미쓰백>보다 훨씬 묵직함. 분위기 압도당하는 가족 누아르 그 자체! 배우들 연기합 대박 류승룡 부성애 연기에 가슴 찢어지고, 하지원 연기 변신에 소름… 김선영 배우는 나올 때마다 신스틸 끝판왕!"
비광,네티즌,10.0,류승룡 배우의 부성애 연기가 특히 마음에 남았어요…가족을 지키려는 감정선이 진하게 느껴져서 보다 보면 괜히 아빠 생각도 나고 찡하더라고요ㅠㅠ배우들의 연기와 어두우면서도 깊은 분위기가 잘 어우러져 여운이 남는 영화였습니다!!
비광,네티즌,10.0,역시 배우들 연기력 대박!연기력도 좋고 스토리토 탄탄너무 재밌게 봤어요 흥미진진합니다. 또 보려구여
비광,네티즌,10.0,"원래 눈물 많은 편은 아닌데 몇 장면은 진짜 마음이 먹먹했어요ㅜㅜ 배우들 연기가 다 좋았지만 류승룡 배우 연기가 특히 인상 깊었고, 하지원 배우도 새로운 모습이라 좋더라구요. 여운이 남는 영화네요"
비광,네티즌,10.0,감동적이고 우리 아빠도 생각나고 감성을 촉촉하게하네요 가족 누아르가 아주 좋네요 김선영 류승룡 배우들 연기력이 아주 탁월해서 좋습니다
비광,네티즌,10.0,다른 배우분들도 연기를 잘 하지만류승룡이라는 배우가 왜 있는지그의 연기력을 알 수 있었음
비광,네티즌,10.0,끝나고 나서 한참동안 자리를 뜰수 없을만큼 찐한 감동이 있었다. 따뜻한 가족 영화.그들이 주는 인간적인 포용력과 결속력이 정말 찐한 여운을 남겼습니다. 다시 보고 싶어요
비광,네티즌,10.0,"기대했던 것보다 훨씬 몰입해서 봤어요. 처음에는 가족 이야기인 줄만 알았는데 사건이 진행될수록 긴장감도 있고, 가족이라는 관계에 대해서 생각하게 되는 영화였어요.류승룡, 하지원 배우 연기도 역시 좋았고 특히 김시아 배우가 인상 깊었어요. 조금 무거운 내용이지만 배우들 연기 덕분에 끝까지 집중해서 봤습니다. 보고 나서도 여운이 꽤 남는 영화였어요!"
비광,네티즌,10.0,너무 강하지도 약하지도 않고 억지로 눈물을 짜내는 신파극도 아닌게 모처럼 완성도 높은 영화 잘봤습니다. 류승룡배우의 변함없는 탄탄한 연기력과 하지원배우의 다소 거친 대사 소화력이 매우 인샆깊었으며 나머지 배우들도 연기구멍없이 잘 소화해냈습니다.
비광,네티즌,10.0,"역시 믿고보는 배우, 감독님들은 이유가 있는 듯 전작 미쓰백보다 더 감동있는 스토리라 진짜 재밌게 봤음"
비광,네티즌,10.0,넘 재미있어요 연기를 잘해요
비광,네티즌,10.0,미쓰백도 제 감성에 잘 맞았어서 재밌게 봤는데 같은 감독님이시네요 ㅎㅎ 부성애에 대한 영화고 워낙 믿고 보는 배우님들이셔서 몰입해서 잘 봤습니다
비광,네티즌,10.0,"생각보다 감정이 많이 남는 영화였어요. 류승룡 배우가 보여주는 아빠의 모습이 너무 현실적으로 느껴져서 보면서 괜히 아빠 생각도 나고 찡하더라고요. 하지원 배우도 기존에 봤던 모습이랑은 또 다른 느낌이라 인상 깊었고, 김선영 배우 연기도 역시 좋았어요. 가족 이야기라 그런지 감정적으로 와닿는 부분이 많았고, 보고 나서도 한동안 여운이 남는 영화였습니다."
비광,네티즌,10.0,"김선영배우 말해뭐합니까 연기력미쳤고, 눈물 진짜 많이 흘렸어요. 하지원배우 연기변신한거 너무좋습니다. 멋있어요"
비광,네티즌,10.0,아빠 생각이 많이 나는 영화였습니다 전작 미쓰백 보다 재밌게 봤습니다 부성애끌어올리는 영화!!였습니당
비광,네티즌,10.0,엄마랑 보러갔는데 엄마가 잠을 안주무셨다는거는 줄거리가 탄탄했다는 증거입니다 ㅎ더러운세상 순탄하게 살았으면 합니다영화 넘 좋았습니다 하지원님(남미) 지치지말고 오래도록 연기하셨으면 좋겠습니다
비광,네티즌,10.0,역시 배우들이 연기를 잘하네요. 류승룡 배우와 김선영 배우 연기가 좋았습니다. 가족 누아르라서 여운이 남아요.
비광,네티즌,10.0,김선영 배우님 역시 연기가 대박.. 볼만하더라구여 진짜 스토리부터 감동 공감 전부다 영상미까지 어느하나 빼먹을게없네여 최고 ..
비광,네티즌,10.0,연기파 배우들 믿고 보러 갔는데 생각보다 감정선이 훨씬 깊어서 울컥했어요ㅠㅠ 김선영 배우님은 언제나 믿고보는 배우였고 류승룡 배우님 연기에 아빠생각나서 눈물 나고 하지원 배우님 연기 변신도 찰떡이라 몰입도 최고였습니다! 엔딩 크레딧 올라갈 때까지 깊은 감정이 남아요. 미쓰백보다 더 오래 여운이 남는 것 같아요.
비광,네티즌,10.0,예고편부터 류승룡의 부성애가 보이길래 기대작이엇는데 기대한만큼 감동적이네요 … 신선한 소재라 좋았고 한 가족의 끈끈함이 여운남아요ㅠㅠ
비광,네티즌,10.0,배우들 텐션이랑 캐릭터 호흡이 잘 맞아서 보는 내내 몰입감 장난 아니었음. 전개도 군더더기 없이 속도감 있게 흘러가고 장면마다 긴장감이랑 에너지가 넘쳐서 지루할 틈 없이 깔끔하게 집중해서 봄.
비광,네티즌,10.0,배우들의 몰입감 넘치는 연기와 긴장감은 큰 스크린에서 볼 때 더 강렬한거같아요. 가족의 감정과 드라마를 제대로 느끼려면 극장 관람을 추천합니다!
비광,네티즌,10.0,어느정도의 클리셰는 있지만 배우분들 연기력이 진짜 좋음 특히 류승룡배우 대박입니다..
비광,네티즌,10.0,미쓰백 감독 작품이라 개봉하자마자 봤는데 역시 감독님만의 미장센이 뚝뚝 묻어있는 영화였음. 연기구멍 하나없어서 편안하게 본 영화는 오랜만인듯.. 선우엄마 연기 여전히 맛있음... 작은 영화지만 더 흥행했으면 좋겠음. 역시 아빠연기는 류승룡
비광,네티즌,10.0,미쓰백도 너무 재밌게본 작품이라 기대하고 봤는데 비광도 너무 좋았어요! 배우 한분한분 연기도 너무 좋아서 완전 몰입하면서 봤고 미쓰백에 나왔던 아역도 여기서보니 괜히 반갑더라구요 내용도 가족애를 담은거라 마음이 뭉클해지고 위로받고 가는 기분이었어요!
비광,네티즌,10.0,배우들 모두 각자의 역할에 잘 어울려서 영화에 자연스럽게 몰입할 수 있었어요. 가족 사이의 감정과 갈등을 풀어가는 과정이 인상적이었고 웃긴 장면과 찡한 장면이 적절하게 어우러져 지루하지 않게 봤습니다. 특히 가족을 생각하게 만드는 부분이 많아서 보고 난 뒤에도 여운이 남았어요.
비광,네티즌,10.0,가족들과 같이 보기 좋은 작품인거 같아요보는데 부모님 생각나서 눈물찔끔 했어요주말에 가족들과 같이 보는거 추천해요
비광,네티즌,10.0,연기파 배우분들…정말 연기가 현실처럼 최고인것 같아요 몰입하면서 봤네요 스토리도 좋고 여운이 남을것 같아요
비광,네티즌,10.0,류승룡 연기에 하지원까지 배우들 연기 대박이네요. 미쓰백 감독님 영화라 봤는데 아빠 생각나서 눈물 펑펑 났어요. 여운이 진짜 오래 가요.
비광,네티즌,10.0,감독님의 전작 미쓰백을 너무 재밌게 봐서 기대를 갖고 감상했습니다. 보는 내내 류승룡님의 연기에 아버지 생각이 나면서 뭉클했네요. 여운이 남는 좋은 영화였어요.
비광,네티즌,10.0,"하지원, 류승룡 믿고 보는 명배우들의 연기와 스토리, 그리고 전작 미쓰백보다 더 진한 감동이 몰려오네요."
비광,네티즌,10.0,궁금했는데 이번에 볼 수 있는 기회가 있어서 봤습니다 역시 넘넘 재미있을거같아요ㅠ.ㅠ 제가 좋아하는 배우님도 나오고 ! ㅎㅎ
비광,네티즌,10.0,배우들의 절절한 연기와 강렬한 감정선이 가득차있어 가슴깊은울림을 줘요. 류승룡배우의 진한부성애는 보는내내 아빠생각이 나게만듭니다.... 소중한사람들과 함께보며 진정한 가족의미를 떠올리게하는영화에요
비광,네티즌,10.0,김선영 배우 연기는 언제 봐도 정말 일품 입니다. 볼 때마다 감동적인 연기 때문에 감탄을 하게 됩니다.
비광,네티즌,10.0,영화 너무 감동적이었어요 ㅠㅠ 배우들 연기도 너무 좋았어서 보고나서 여운이 오래가네요 !! 믿고보는 감독님의 연출과 배우들의 연기가 최고였어요 ~ 관람 추천합니다!!
비광,네티즌,10.0,"믿고 보는 배우들이 많아서 믿고봤는데 역시나 재밌게봤어요~~! 류승룡의 부성애는 역시나 믿고있었고, 하지원은 이런 연기는 첨봤는데 넘 잘어울리네요ㅎㅎ 이지원 감독님 미쓰백도 재밌게봤는데 이번 작품은 더재밌었어요ㅎㅎ~~이런 감정선을 잘잡으시는듯해용! 가족영화라 엄마아빠 생각이 나고 여운있게 봤습니다ㅎㅎㅎ"
비광,네티즌,10.0,"배우들간의 케미가 좋고, 영화가 진행되면서 몰입감도 좋네요! 공감도 많이 되고 여운이 장난 아니에요"
비광,네티즌,10.0,가족 영화자체를 좋아하는데 배우도 다 좋아하는 배우여서 오랜만에 극장 가서 봤네요 찡하기도 하고 부성애가 느껴졌던 영화여서 여운이 오래갔어요 강추입니다
비광,네티즌,10.0,전작 미쓰백보다 훨씬 더 깊은 감동으로 다가온 영화였어요!! 류승룡의 부성애가 인상깊어여 아빠생각났습니다 .. ??
비광,네티즌,10.0,배우들 연기 진짜 미쳤네요 류승룡 배우 특유의 깊은 부성애 연기에 몰입해서 보다 보니까 시간 가는 줄 몰랐어요. 그리고 하지원 배우의 파격적인 연기 변신이랑 김선영 배우의 명품 연기까지 더해져서 극의 완성도가 엄청납니다! 이지원 감독 전작인 <미쓰백>보다 훨씬 더 묵직하고 깊은 감동을 주는 가족 누아르라 꼭 극장에서 보셔야 해요. 뭉클한 감정선이 오래 남아서 여운이 대박입니다.
비광,네티즌,10.0,"류승룡 배우 연기는 역시 믿고 봅니다!!딸을 위해 어떻게든 버티고 끝까지 지키려는 아빠의 모습이 너무 절박하게 느껴져서 보다 보니 자연스럽게 우리 아빠 생각도났어요 ㅜㅜ 급아빠보고싶음…. 하지원 배우도 기존에 보던 이미지와 다른 거칠고 현실적인 모습이라 새로웠고, 감정이 폭발하는 장면에서는 몰입이 확 되더라고요!! 역시하지원 ㅎㅎ김선영 배우는 역시 생활감 있는 연기가 정말 자연스러워서 등장할 때마다 가족 같은 느낌을 더해준 것 같아요 단순히 사건 해결영화라기보다 가족이되어가는 이야기가녹아 있어 찡한부분이 많더라구요… 영화끝나고나오는데 급 가족들 생각났어요 … 여운이 좀오래남을것같아요"
비광,네티즌,10.0,"이지원 감독님 전작 <미쓰백>을 인상 깊게 봐서 기대하고 봤는데, 이번 강렬한 가족 느와르도 완전 대만족입니다! 특히 류승룡 배우님의 진한 부성애 연기에 찡해져서 보다가 눈물이 핑 돌았네요. 하지원 배우님의 파격적인 연기 변신도 너무 신선했고, 김선영 배우님 연기력은 역시나 명불허전입니다. 영화 보는 내내 우리 아빠 생각도 많이 나고, 끝나고 나서도 한동안 여운이 길게 남는 영화예요. 조만간 가족들이랑 한 번 더 보러 가야겠어요!"
비광,네티즌,10.0,"류승룡 배우의 절절한 부성애 연기에 숨죽이고 봤네요. 하지원 배우의 색다른 변신이랑 김선영 배우의 묵직한 연기까지 더해져서 몰입감이 장난 아니었습니다. 보는 내내 아빠 생각나서 코끝이 찡하고 눈물 났어요,,"
비광,네티즌,10.0,미쓰백 재밌게 봤었는데 전작보다 재미있는 거 같아요 류승룡 배우도 연기 되게 잘하고.. 아버지 생각났네요
비광,네티즌,10.0,역시 연기 잘하는 배우들이라서 류승룡님 부성애나 하지원님의 연기 변신이 눈에 띄네요 아빠 생각이 나는 영화 감동포인트가 많고 여운이 오래가는 거 같아요 감독님 전작 미쓰백보다 더 감동적이네요
비광,네티즌,10.0,"묵직한 가족 이야기와 배우들의 연기가 오래 남는 영화가족극에 미스터리와 누아르 분위기가 섞여 있어서 생각보다 묵직하게 몰입하며 봤어요. 특히 류승룡, 하지원을 비롯한 배우들의 연기가 탄탄해서 인물들의 절박함과 가족이라는 관계의 복잡한 감정이 잘 전달됐습니다. 화려한 전개보다는 서로 상처 입은 사람들이 결국 서로의 편이 되어가는 과정이 인상적이었고, 보고 난 뒤에도 여운이 남는 영화였어요."
비광,네티즌,10.0,전체적으로 스토리도 무난하게 볼 만했고 배우들 연기 보는 재미가 있었어요. 가족 영화 좋아하시는 분들은 한 번쯤 보셔도 좋을 것 같아요!
비광,네티즌,10.0,"배우들 연기력이 정말 압도적이네요. 특히 류승룡 배우의 절절한 부성애 연기 때문에 후반부에는 눈물이 왈칵 쏟아졌어요. 하지원 배우 연기 변신도 신선했고, 영화 끝나고도 아빠 생각나서 여운이 한참 남았습니다. 꼭 극장에서 보시길 추천해요!"
비광,네티즌,10.0,류승룡의 부성애를 느낄 수 있었던..하지원의 연기 변신은 말모말모~! 김선영도 연기 잘하더라구요미쓰백보다 더 깊은 감동이었어요.
비광,네티즌,10.0,굿 생각보다 훨씬 몰입해서 봤어요! 류승룡 배우는 딸을 향한 아빠의 애틋한 마음부터 절박하고 거친 감정까지 정말 자연스럽게 표현해서 보는 내내 마음이 울컥 역시 하지원 배우도 지금까지 봤던 새로운이이미지 굿
비광,네티즌,10.0,"하지원 배우님의 연기변신 너무 대박이고, 김선영배우님의 연기는 믿고 봐요!! 다 보고 나서 아빠 생각이 많이 났어요"
비광,네티즌,10.0,배급사 플레이그램(현 MDS스피어) 미리사야 되나
비광,네티즌,10.0,배우들 연기가 정말 좋았습니다. 특히 김선영배우님 원래도 좋아했는 이번영화 연기가 아주 예술입다!! 영화보고나서 더 좋아졌어요! 이지원감독님 전작 미쓰백도 정말 좋게봤는데 비광은 더 좋네요ㅜㅜ 가족느와르 또 찍어주세요
비광,네티즌,8.0,재미있어요.영화시장회복되길
비광,네티즌,10.0,"오늘 개봉하자마자 바로 보고 왔어요. 전작 미스백을 워낙 인상 깊게 봤던 터라 이지원 감독님 신작이라 해서 고민 없이 예매했는데, 이번에도 감정선을 정말 잘 다루시네요.. 특히 류승룡 배우가 보여주는 무게감 있는 연기에 감정 이입이 돼서 눈물이 핑 돌았습니다…!"
비광,네티즌,10.0,"영화 정말 오랜만에 봤는데, 좋은영화였어요..! 류승룡 배우의 부성애는 정말 눈물 날정도네요ㅠㅠ 간만에 좋은영화봤어요"
비광,네티즌,10.0,"생각보다 훨씬 몰입해서 봤어요! 류승룡 배우는 딸을 향한 아빠의 애틋한 마음부터 절박하고 거친 감정까지 정말 자연스럽게 표현해서 보는 내내 마음이 짠했어요. 하지원 배우도 지금까지 봤던 이미지와는 또 다른 느낌이라 연기 변신이 특히 인상적이었고, 감정이 터지는 장면에서는 저도 같이 긴장하게 되더라고요. 김선영 배우는 역시 등장할 때마다 분위기를 확 잡아주는 힘이 있어서 너무 좋았고요. 가족 이야기라 그런지 웃다가도 어느 순간 찡해지는 감정선이 좋았고, 보고 나니 아빠 생각도 나면서 여운이 오래 남았어요. 이지원 감독님 특유의 강렬한 가족 누아르에 깊은 감동까지 더해져서 재미와 감동을 둘 다 느낄 수 있었던 영화에요!"
비광,네티즌,10.0,오랜만에 감동 영화 잘봤어요. 출연진도 믿고보는 배우들 천지여서 너무 몰입해서 봤네요. 특히 진한 부성애 스토리에 우리아빠 생각이 나서 눈물이 많이 났어요.
비광,네티즌,10.0,배우들의 라인업이 좋고 연기력도 다들 좋습니다 특히 류승룡배우의 부성애를 자극하는 연기가 좋구요 전체적으로 스토리 라인이 좋아서 눈물포인트가 많이 있어서 공감가는 영화였습니다! 강추!
비광,네티즌,10.0,전작 미쓰백을 감명깊게봐서 그런지 이번작품도 기대처럼 너무 재밌게 봤어요연출도좋았고 가족느와르물이 시간가는줄몰랐네요
비광,네티즌,10.0,"배우들의 연기가 정말 인상적이었고, 가족이라는 존재에 대해 다시 한번 생각하게 되는 영화였어요. 특히 아빠와 가족을 바라보는 마음이 담긴 장면들이 마음에 많이 남았고, 웃다가도 어느 순간 찡해지는 부분이 있더라고요. 영화가 끝난 뒤에도 여운이 오래 남아서 부모님 생각도 많이 났어요. 가족과 함께 보면 더 좋을 것 같은 영화입니다."
비광,네티즌,10.0,"류승룡의 묵직한 부성애 연기가 정말 인상적이었고, 하지원의 새로운 연기 변신도 좋았어요. 가족을 둘러싼 감정선이 섬세하게 느껴져서 보면서 아빠 생각도 나고 괜히 마음이 찡하더라고요. 이지원 감독의 전작보다 더 깊어진 감동과 강렬한 가족 누아르 분위기가 인상적이었고, 보고 난 뒤에도 여운이 오래 남는 영화였어요."
비광,네티즌,10.0,배우들의 연기가 인상적이었고 가족을 지키려는 마음이 잘 느껴졌습니다. 긴장감도 있어 몰입해서 봤고 마지막에는 가족의 의미를 다시 생각하게 된 영화였습니다.
비광,네티즌,10.0,생각보다 감정선이 깊어서 몰입해서 봤어요 배우들 연기도 자연스럽고 특히 가족 간의 감정이 잘 느껴져서 중간중간 울컥했네요 ㅠ 보고 나서도 여운이 오래 남는 영화였어요
비광,네티즌,10.0,"배우들 연기가 정말 좋았어요. 류승룡의 애틋한 부성애가 특히 마음에 와닿았고, 하지원의 새로운 연기 변신도 인상적이었어요. 전체적으로 강렬하면서도 따뜻한 가족 누아르 분위기가 잘 느껴졌고, 미쓰백보다 더 깊어진 이지원 감독님의 감정선이 좋았어요. 아빠 생각나는 장면에서는 괜히 울컥하고 찡하더라고요. 보고 나서도 여운이 오래 남는 영화였어요."
비광,네티즌,10.0,"류승룡 배우의 부성애 연기와 하지원의 변신이 단연 돋보였고, 전작 미쓰백보다 훨씬 깊어진 이지원 감독 특유의 묵직한 가족 누아르 분위기 덕분에 보는 내내 가슴 찡한 감동과 여운이 길게 남는 작품입니다."
비광,네티즌,10.0,연기 변신한 하지원 배우와 믿고 보는 배우 김선영그리고 라이징 김시아까지…부성애를 담은 가족이야기^^
비광,네티즌,10.0,"김선영 류승룡 연기 대박이에요,, 진짜 여운 미쳤어요ㅠㅠ찡하고 감동이에요..눈물 날뻔했어요."
비광,네티즌,10.0,"이지원 감독님 전작 미쓰백도 인생작이었는데 이번엔 더 깊은 감동을 주네요. 류승룡 배우님의 절절한 부성애 연기에 보는 내내 찡하고 눈물이 났습니다. 하지원, 김선영 배우의 연기 변신도 너무 인상적이고 가족 누아르 특유의 묵직한 여운이 오래 남는 영화입니다. 강추해요!"
비광,네티즌,10.0,류승룡 시구까지 보고왔습니다!하지원 배우의 클라이맥스 넘 재밌게 봐서 기대되네요
비광,네티즌,10.0,"류승룡 배우 연기가 특히 인상 깊었어요!! 표정이나 눈빛에서 가족을 향한 마음이 잘 느껴져서 자연스럽게 몰입하게 되더라고요. 전체적으로 배우들 연기 합도 좋아서 실제 가족의 모습을 보는 것처럼 편하게 볼 수 있었고, 인물들 사이의 미묘한 감정 변화도 잘 전달됐어요. 잔잔하게 흘러가는 편인데 생각보다 공감되는 장면이 많고 중간중간 울컥하는 포인트도 있어서 끝까지 집중해서 봤습니다. 보고 나서도 가족에 대해 한 번 더 생각하게 되는 여운이 남는 영화였어요"
비광,네티즌,10.0,"오랜만에 영화 보면서 감정이 오래 남는 작품이었어요.류승룡 배우는 부성애를 정말 섬세하게 표현해서 보는 내내 몰입하게 됐고,이지원 감독만의 가족 서사가 잘 느껴져서 더 깊게 다가왔어요. 특히 후반부는 눈물 포인트가 있어서 괜히 아빠 생각도 나고 여운이 오래 남더라고요..ㅠㅠ잔잔하지만 감정은 진하게 남는 영화라 가족 이야기에 공감하는 분들이라면 꼭 한 번 보셨으면 좋겠어요!"
비광,네티즌,10.0,"가족 이야기를 담담하게 풀어가는데도 감정이 깊게 남는 영화였어요. 류승룡 배우의 부성애 연기가 특히 묵직했고, 하지원 배우의 분위기도 새롭게 느껴졌습니다. 중간중간 아빠 생각이 나서 울컥했고, 김선영 배우까지 감정선을 잘 살려줘서 보고 난 뒤에도 여운이 꽤 오래 남았어요."
비광,네티즌,10.0,이지원 감독님 전작도 봤었는데 이번 영화는 훨씬 더 깊고 묵직해진 연출 덕분에 몰입해서 봤어요. 강렬한 가족 누아르 분위기 속에서도 여운이 길게 남는 작품이라 재미있게 봤습니다!
비광,네티즌,10.0,"영화 보고 나서 한동안 여운이 남았어요.류승룡 배우의 절절한 부성애 연기가 정말 인상 깊었고, 아빠라는 존재에 대해 다시 생각하게 만드는 순간들이 많았습니다. 특히 감정을 억누르면서도 드러나는 눈빛과 표정이 너무 현실적으로 다가와서 몇몇 장면에서는 저도 모르게 울컥했어요.하지원 배우의 새로운 연기 변신도 신선했고, 김선영 배우는 역시 믿고 보는 연기라는 생각이 들 정도로 캐릭터를 완벽하게 살려냈네요. 배우들의 연기 케미가 영화의 감정선을 더 깊게 만들어준 것 같아요.전체적으로 어둡고 묵직하면서도 가족에 대한 따뜻함이 느껴지는 분위기라 더욱 몰입해서 봤습니다. 이지원 감독님의 전작 **<미쓰백>**보다 한층 더 깊어진 감동과 강렬한 가족 누아르라는 느낌도 들었어요.단순히 슬픈 영화가 아니라 가족, 특히 아빠와 자식의 관계를 생각하게 만드는 영화라 더 찡했습니다. 보고 나면 자연스럽게 부모님 생각도 나고, 쉽게 잊히지 않는 장면과 감정들이 오래 남을 것 같아요.?웃고 울고, 마지막에는 묵직한 여운까지 남는 영화였습니다."
비광,네티즌,10.0,처음에는 가족 이야기인 줄 알고 봤는데 가족이라는 관계가 단순히 따뜻하기만 한 게 아니라 서로에게 상처를 주기도 하고 결국 다시 붙잡아주는 모습이 우리 가족 생각 나더라고요
비광,네티즌,10.0,"김시아배우의 특유의 분위기가 너무 좋아요.그리고 역시 하지원,류승룡의 연기력이 좋네요~!영화가 전채적으로 재밌었고 감동도 있어서 보는데 시간가는줄 몰랐어요."
비광,네티즌,10.0,"<비광> 생각보다 감정선이 깊어서 보는 내내 몰입해서 봤어요 류승룡 배우의 부성애 연기가 진짜 좋았고, 하지원 배우도 기존에 봤던 이미지와 다른 연기 변신이 인상적이었어요! 김선영 배우는 역시 연기 너무 잘하세요가족 이야기라 그런지 아빠 생각나는 장면도 있고 찡한 부분도 많아서 보고 나서 여운이 오래 남더라구요. <미쓰백>보다 더 깊어진 감동이 느껴졌고, 이지원 감독님 특유의 강렬한 가족 누아르 분위기도 좋았어요. 생각보다 눈물 포인트가 많았던 영화입니다"
비광,네티즌,10.0,오광짜리 영화였다 15점
비광,네티즌,10.0,"류승룡 배우의 절절한 부성애 연기 덕분에 보는 내내 마음이 묵직해지고 괜히 아빠 생각도 많이 나서 눈물 포인트가 꽤 있더라고요. 파격적으로 연기 변신을 한 하지원 배우도 새로웠고, 김선영 배우는 극을 탄탄하게 잡아주는 힘이 느껴졌습니다.?영화 전체를 관통하는 쌉싸름하면서도 묵직한 분위기 덕분에 끝까지 집중해서 볼 수 있었고, 상영관을 나오고 나서도 찡한 감정과 여운이 길게 남아 계속 생각납니다"
비광,네티즌,10.0,영화 <비광>은 눅눅하고 거친 세상 끝에서 서로를 지켜내는 인물들의 처절함을 담아내며 이지원 감독 전작 <미쓰백>보다 훨씬 깊어진 감동과 진한 구원 서사를 선사합니다. 전반적으로 영화 내내 감도는 축축하고 묵직한 분위기 속에서 인물들이 악바리처럼 버텨내는 거친 감성이 화면을 가득 채웁니다. 날카로우면서도 끝내 따뜻함을 잃지 않는 감독 특유의 연출력이 돋보이는 강렬한 가족 누아르의 탄생이라 할만합니다.무엇보다 배우들의 압도적인 연기 시너지가 극을 완벽하게 이끌어갑니다. 딸을 지키기 위해서라면 모든 것을 내던지는 류승룡 배우의 묵직한 부성애는 보는 내내 자연스레 우리 아빠의 모습이 오버랩되어 가슴을 파고들고 눈시울을 붉어지게 만듭니다. 여기에 기존의 세련된 이미지를 완전히 벗어던지고 거칠고 억척스럽게 날것의 연기를 보여준 하지원 배우의 파격적인 연기 변신도 신선한 충격을 줍니다. 독보적인 내공을 가진 김선영 배우 역시 특유의 리얼한 생활 연기와 폭발적인 감정 연기로 극의 중심을 단단하게 잡아주며 또 한 번 깊은 인상을 남깁니다.
비광,네티즌,10.0,"배우들 연기가 진짜 인상적이었어요. 특히 류승룡 배우가 보여주는 부성애가 너무 찡해서 보면서 아빠 생각이 많이 나더라고요. 하지원 배우도 지금까지 봤던 모습과는 또 다른 연기 변신이라 신선했고, 김선영 배우는 역시 등장할 때마다 몰입하게 만드는 힘이 있는 것 같아요. 전체적으로 분위기가 묵직하면서도 가족 사이의 감정선이 잘 느껴져서 생각보다 더 몰입해서 봤습니다. 이지원 감독님 전작인 <미쓰백>보다 감정적으로 더 깊어진 느낌도 있었고, 강렬한 가족 누아르라는 말이 잘 어울리는 영화였어요. 중간중간 찡한 부분도 있고 보고 나서 여운이 꽤 오래 남았습니다."
비광,네티즌,9.0,"미쓰백 감명깊게 봐서 비광도 기대하며 봤다. 역시나 실망시키지 않았다. 배우들 연기 구멍 하나 없고, 하지원님 이런 배역도 넘 소화 잘하고 어울리네. 류승룡님 참 연기 잘한다. 몰입도 높고, 중간중간 눈물도 흘리고.. 무겁고 어둡지만 가족애 만큼은 진하다"
비광,네티즌,10.0,"전작 <미쓰백>보다 더 깊은 감동을 선물하는 이지원 감독의 강렬한 가족 누아르 영화 <비광>이에요! 류승룡의 묵직한 부성애와 하지원의 파격적인 연기 변신, 여기에 믿고 보는 김선영 배우의 명품 연기까지 더해져 압도적인 몰입감을 선사합니다. 보는 내내 아빠 생각도 나면서 가슴 찡한 눈물 포인트와 긴 여운을 남겨주네요. 진한 감동과 뜨거운 울림을 느끼고 싶을 때 볼 영화로 완전 강추"
비광,네티즌,10.0,과하지 않은 연기에 자연스러운 스토리 가족의 소중함 등 모든면에서 오랜만에 괜찮은 한국영화를 봤네요~~
비광,네티즌,10.0,"비광 보고 왔는데, 여운이 진짜 오래 가네요... 이지원 감독님 미쓰백도 너무 인상 깊게 봐서 기대하고 갔는데, 특유의 그 묵직한 감동이 이번엔 강렬한 가족 누아르로 더 깊게 돌아온 느낌이에요. 영화 보는 내내 가슴이 먹먹하고 눈물이 핑 돌았습니다."
비광,네티즌,10.0,"류승룡, 김선영, 하지원 셋 다 연기로 말할 것도 없고 미쓰백 감독님 작품이다 보니까 찡하고 여운 남는 스토리입니다"
비광,네티즌,10.0,가족들과 자신을 지키기위해 고군분투하는데 류승룡의 부성애 연기가 참 좋았습니다!여운이 좀 남아서 저희 아빠도 생각나더라구요 잘해야겠어요^_^ 분위기가 강렬한 가족이야기라 감동이 있어요 추천합니다!!
비광,네티즌,9.0,하지원님 오랜만에 극장에서 볼수 있어 좋았고 영화도 좋았어요
비광,네티즌,10.0,"배우들 연기력이 미쳐서 몰입도 쩔었어요 진짜,, 특히 김선영 배우,,! 시간가는 줄 모르고 빠져서 보는 영화약간 눈물 훌쩍임 주의"
비광,네티즌,10.0,괴물이후 다시보는 찐한 가족애가 느껴지는 감동적인 영화였음
비광,네티즌,10.0,연기를 다 왜이리 잘하시나요?눈물 왈칵 흘리고 왔네요아빠가 많이 생각나는 하루네요가족느와르라고 하더니 하나하나의 힘이 모이는 과정이 멋졌어요
비광,네티즌,10.0,영화기 전체적으로 배우들연기가 훌륭하고 영상미가 좋습니다 감동적이고 여운이 남습니다 추천하는 영화입니다
비광,네티즌,10.0,부모님 모시고 보러가기 좋습니다
비광,네티즌,10.0,"영화 보면서 배우들 연기가 정말 인상 깊었어요. 특히 류승룡 배우의 부성애가 진짜 현실적으로 느껴져서 마음이 찡했고, 하지원 배우의 연기 변신도 새롭게 다가왔어요. 김선영 배우의 연기도 역시 믿고 봤습니다. 가족이라는 소재를 따뜻하면서도 깊이 있게 풀어낸 느낌이라 웃다가도 어느 순간 울컥하게 되더라고요. 이지원 감독 특유의 감정선도 잘 느껴졌고, 보고 나서 가족 생각이 많이 나는 영화였어요. 여운이 꽤 오래 남았어요"
비광,네티즌,10.0,오랜만에 진한 감동을 느낀 영화였어요 다 연기력은 보장된 배우들이다보니 몰입이 잘됐고 보면서 아빠 생각이 나더라구요ㅎㅎ 마냥 밝은 가족영화가 아니라서 더 여운이 남는 작품인 것 같습니다
비광,네티즌,10.0,재밌어요 부모님 모시고 같이봤는데 재밌게보셔서 좋았습니다. 다들 연기파 배우들이라 흐름 깨지는것도 없고 스토리에 집중할수 있었습니다~ 어머니가 눈물훔치시던데 휴지챙겨가세요~! 여운남아요
비광,네티즌,10.0,하지원 배우 좋아해서 봤는데 생각보다 스토리가 재밌게 봤고 눈물 포인트 장면들이 많아서 눈물 찔끔 흘렸어요..ㅠ 배우들 연기는 말해뭐해 다들 넘 잘하더라구용
비광,네티즌,10.0,데이트로 급 예매하고 봤는데 영알못인 저도 재밌게 봐서 감독님까지 찾아봤슴니다. 미쓰백 감독님이시던데 더 업그레이드하고 오신듯함니다. 아부지 생각나서 오랜만에 먼저 전화라도 드려야겠어요??
비광,네티즌,10.0,이지원 감독님 특유의 강렬한 연출력이 이번 영화에서도 제대로 빛을 발하네요! 영화 분위기 자체가 묵직하면서도 인물들 감정선이 하나하나 다 와닿아서 시종일관 찡하게 봤습니다. 류승룡 배우 절절한 부성애 연기는 진짜 명불허전이고 하지원 배우 연기 변신도 신선했어요. 여운이 짙게 남아 오래 기억될 작품입니다!
비광,네티즌,10.0,구질구질 한 가족들의 구질구질 한 가족애구질구질 한 감동..그 구질구질 함이 너무 좋았던영화...잘 봤습니다!!
비광,네티즌,10.0,하지원 배우의 새로운 연기를 볼 수 있어 인상 깊었습니다. 그리고 믿고 보는 김선영 배우님의 연기는 말할 것도 없지요
비광,네티즌,10.0,"박찬욱 감독 ""어쩔수가 없다""부터 최근 나감독 까지 한국 스타플레이어 감독들 영화 다 보고 한국 영화 맛텡이 갔구나.. 라고 생각 했더랬습니다.1600만 넘긴 ""왕사남""도 그냥 쏘쏘 였어요.""비광""은 ""오디세이""급은 아니지만 잘 만들었어요.한국식 웰메이드 영화 입니다. 눈물이 주르륵 났어요.잘 봐서 일부러 감상평 남깁니다. 잘 개봉 하셨어요."
비광,네티즌,10.0,"생각보다 분위기가 묵직하면서도 중간중간 긴장감이 있어서 몰입해서 봤어요. 인물들 사이의 관계가 얽히면서 이야기가 어떻게 흘러갈지 궁금하게 만드는 재미가 있었고, 배우들 연기도 자연스러워서 좋았습니다. 보고 나니 여운도 꽤 오래 남는 영화였어요."
비광,네티즌,10.0,류승룡씨 부성애연기는 진짜 최고인거같아요하지원씨도 새로운 모습이었고 감동적이고 스토리 재밌네요아빠 생각나면서 눈물 났네여
비광,네티즌,10.0,이영화 뭐지? 연기 차력쇼인가? 구성도좋고 연출도좋고 주조연할것없이 연기력이미쳤구만 !!! 내용모른체로 그냥 봤다가 옴마야 !! 또보러올게요
비광,네티즌,10.0,기대안하고 봤는데 감동적인 스토리라 좋았습니다..저는 혼자 가서 재밌게 봤는데 가족들끼리 보면 더 좋을 것 같은 영화네요 추천합니다~
비광,네티즌,10.0,영화 비광 보고 왔는데 가족 이야기를 중심으로 감정선이 잘 느껴져서 생각보다 더 몰입해서 봤어요. 특히 아버지와 가족 사이에서 보여주는 감정들이 현실적으로 다가와서 보는 내내 여러 생각이 들더라고요. 웃으면서 볼 수 있는 순간도 있지만 중간중간 마음을 찡하게 만드는 장면들이 있어서 감정의 여운이 꽤 오래 남았어요. 가족과 함께 보면 서로의 소중함을 한 번 더 생각해볼 수 있을 것 같은 영화라 추천하고 싶습니다.
비광,네티즌,10.0,미쓰백 만든 감독님 영화라서 믿고봤는데 역시나 재밌었습니다! 감독님 뿐만 아니라 믿고보는 배우 류승룡 하지원이라니!! 저는 미쓰백보다 더 좋았어요..! 찡하고 감동적이라 곧 추석도 다가오는데 가족끼리 봐도 좋을거같습니다!! 강력추천드려용!!
비광,네티즌,10.0,"하지원,류승용 배우님 나오는 영화는 믿고 봅니다 아빠랑 사이가 안 좋아졌는데 이거 보고 사과했어요ㅋㅋ 아빠 생각나네요ㅜ 배우님들 감정선도 넘 좋았네요 굿굿!"
비광,네티즌,10.0,딸을 구하기 위해서 모든 것을 내던지는 고군분투한 연기가 돋보여서 저절로 아빠 생각이 나는 영화였어요 상처가 있는 가족들이 온기를 찾아가는 분위기여서 가슴깊이 남는 영화였어요
비광,네티즌,10.0,이지원 감독님의 강렬한 가족 누아르라는 분위기가 인상적인 영화였어요! 단순히 무겁기만 한 이야기가 아니라 가족을 향한 마음과 감정선이 깊게 담겨 있어서 더욱 몰입하게 되더라구요. 전작보다도 더 깊은 감동과 여운이 남는 작품이었습니다. 역시 !!
비광,네티즌,10.0,이건 영화관에서 봐야할 영화예요. 오랜만에 좋은영화 시간내서 봐서 좋내요! 류승룡의 부성애와 하지원의 연기변신 좋앗어요.
경주기행,실관람객,10.0,관람객
경주기행,네티즌,10.0,웰메이드 영화 인정.. 웃다 울다 나옴ㅠㅠ 엄마랑 같이 봤는데 넘 좋아하네요
경주기행,네티즌,10.0,"올해 영화 중 가장 웰메이드 영화. 한국 영화의 새로운 시대의 시작을 알린다! 우연과 신파 없이 그 어떤 영화보다 생동감있는 캐릭터들이 각자의 이유로 살인범을 쫓는, 영화를 보고 이 영화를 본 사람들과 밤새 이야기를 하고 싶어지는 사랑스럽고 잔인한 영화. 너무너무 웃기고 분하고. 또 슬프다. 한국 사람이라면 누구나 영화의 주제를 보고 동의하지 않을수가 없다. (고구마 없이 사이다 전개. 미감 미쳤뜸) -0813시사회관람객"
경주기행,네티즌,10.0,와~~ 너무 현실감있게 잘 만든거 같네요!
경주기행,네티즌,9.0,"유치하고 흔한 한국상업영화일 줄 알았는데, 완전 예상을 깨부수는 영화! 배우들 연기가 너무 좋고(특히 이연배우님, 퍼플마그마!!ㅋㅋ), 연출도 과감하고 신선한 느낌이 들어서, 새로운 젊은 신인감독이 등장한 것 같았어요ㅎㅎ 스토리 탄탄하고 연기도 좋고 연출도 신선하고… 이런 영화에 상영관이 왜 이렇게 적을까요ㅜㅜ 마지막엔 눈물까지! 감동포인트가 있어요ㅠㅠ (유치하고 의도된 유머를 싫어하는데, 이 영화의 유머는 다 자연스럽고 적재적소에 들어간 느낌이에요!)"
경주기행,네티즌,10.0,엄마 입장에서 보니까 유독 마음 아픈 장면들이 많았어요ㅠㅠ 예전이랑 지금 보는 느낌이 완전 다를듯
경주기행,네티즌,10.0,
경주기행,네티즌,1.0,"숱한 광고와 한국 여성 영화의 미래란 평을 보고, 기대를 안고 관람했습니다. 그러나 올해 개봉한 영화를 포함해 제가 본 모든 영화 중 가장 아쉬웠습니다.장르도 명확히 와닿지 않았고 캐릭터, 연출, 각본, 플롯 측면에서 시간과 돈이 아까웠습니다. 그래서 처음으로 평을 남겨봅니다. 영화가 끝나고 같이 보러 가준 남자친구에게 사죄했습니다.우선 캐릭터입니다. 막내딸과 가장을 잃고 살아가는 여성 인물들의 이야기를 다룬다는 점을 감안하더라도 모든 남성 인물이 무능하거나 감정이 결여된 싸이코로 그려집니다. 개연성도 억지스러웠습니다. 복수에 눈 먼 엄마라는 여성은 가정이 파탄으로 향하고 자식이 옆에서 죽어가지만 납득하기 어려운 선택을 합니다. 대사도 유치하더군요. 소리만 지르는 장면이 지나치게 많았습니다. 그나마 몇 없는 대사도 왜 이렇게밖에 표현 못하셨을까 싶어 안타까웠습니다. 중간중간 전체 플롯이나 배경과 어울리지 않는 장면들도 거슬렸습니다. 스포가 될까봐 상술하진 않겠습니다.물론 이 영화가 의미 있는 지점을 가지고 있다는 점은 분명합니다. 범죄피해 유가족의 아픔을 담아냈다는 점, 피해자가 가해자를 용서해야 한다는 현실에 대한 울분을 드러냈다는 점, 죄질에 비해 가벼운 형량이 선고되는 우리 사회에 경각심을 던진다는 점은 생각해 볼 만한 지점입니다. 또한 영화에서나마 사적 보복을 통해 피해자의 억울함을 해소하고자 한 시도 역시 작품이 전달하고자 한 메시지로 이해할 수 있었습니다.그러나 이 영화가 웃음과 감동을 모두 잡았다뇨. 도대체 어떤 장면에서 웃어야 하고 울어야 했나요. 제가 예술에 박식하지 않아 감독님의 의도를 제대로 이해하지 못한 것인지도 모르겠습니다. 문외한의 눈으로 본 이 영화는 답답하고 진부한 전개가 반복되는 작품이었습니다. 다만 배우들의 연기만큼은 훌륭했습니다. 주연 배우님들께 왜 이 영화를 선택하셨는지 여쭙고 싶었습니다.제 후기가 불편하게 느껴지시는 분들도 계실 것 같습니다. 그럼에도 최대한 솔직하게, 제가 영화를 보고 느낀 감정을 적어보았습니다."
경주기행,네티즌,10.0,"꽉 차게 공감되는 영화였다. 왜 공효진이었는지, 왜 박소담인지, 왜 이연인지..결국엔 왜 이정은님인지까지..엔딩까지 여한이 없었다"
경주기행,네티즌,1.0,이거 10점 준 사람들은 뭐지? ㅈㄴ 불쾌하게 재미없는 영화임. 경찰과 주변인들의 지능을 낮춤으로서 스토리를 진행하는데 재미도 없음
경주기행,네티즌,2.0,"관람평이 좋아 엄청 기대했던 영화였으나 스토리가 이상하고 재미없었음. 복수하겠다는 엄마의 행동들 모두 이해할수도, 이해되지도 않았고 무엇보다 그런 엄마에게 끌려다니는 딸들 역시 공감되지 않음. 아무래도 캐릭터들에게서 그 누구도 살인범을 죽이겠다는 의지가 그닥 엿보이지 않았기 때문인듯.납치도 남의 도움으로 했고, 납치 이후엔 죽이겠다 말만 할뿐 정작 복수대상을 무서워하고 잘 만지지도 못하는데다 결박된 대상에게 주사 하나 제대로 놓지도 못하는 모습을 보며.. 이 가족은 8년동안 복수를 계획하며 뭘준비했나 싶음. 그러니 보는 내내 답답하고 지루하고 멍청해보이고 한숨만 푹푹 나옴.다시 생각해도 의문인게 아니 8년이라는 시간동안 운동을 하든, 칼다루는 법, 급소 찌르는 법이든.. 뭐든 준비해야 되는거 아닌가? 바퀴벌레도 못잡을 거 같은 깡다구로 죽이자 죽이자 말만하는데.. 이미 살인버에게 가까이 가는 순간 붙잡히든 놓치든 하겠네 같은 맥빠짐이 생김.정말 그 어떤 복수 시도 없이 그냥 멍청하게 꽁꽁 결박됐던 살인범을 놓침.그리고 그 덕분에 애꿎은 국밥집 아줌마만 살해당함.진심 국밥집 아줌마의 죽음은 이 가족들도 한몫한 느낌.내가 기대한건 어느 평범한 가족이 복수를 위해 살인범을 납치했고 만반의 준비를 했으나, 정말 예측 불허의 돌발상황이 생기고 살인범도 개쎄고 그러면서 생기는 위기와 갈등, 그 과정에서 가족간에 쌓인 감정의 해소같은 거였는데 이건 뭐. 아무 준비도 하지 않고 그저 악만 남은 한 엄마의 아집과 그걸 무력하게 맞춰주는 딸들의 모습이라 영화가 뭘 말하고 싶은지 모르겠다는 느낌.그나마 막판에 딸들이 엄마에게 자기들의 마음을 얘기하는 장면이 나오는데 글쎄. 그거 들으면 딸들은 애초에 죽일 생각이 진짜 없었구나 근데 왜 납치했지? 뭐 어쩌자는거지? 마트에서 물건사고 반품하는 것도 아니고 대책없이 자꾸 뭘 그만하자는거지? 싶었음.그러니 무능한 엄마캐릭터의 집착 광기도 더 겉도는 것 같음.결론은 아쉬운 스토리를 배우들의 연기가 잘 포장시킨 영화임."
경주기행,네티즌,9.0,"소재가 소재다 보니 흔한 신파극처럼 될까봐 걱정했는데, 괜한 걱정이었다"
경주기행,네티즌,1.0,1시간 정도 보고 중간에 나왔음. 영화를 보다가 이 영화를 1시간 더 참고 보는 것이 얼마나 내 인생의 낭비일까 하는 생각이 든 적은 처음이었다.
경주기행,네티즌,10.0,저 극T인데요…두루마리 필요했습니다.. ㅎㅎ내 감성세포 살려낸듯요 ㅋㅋ
경주기행,네티즌,1.0,뭍따10점이냐? 뭍따 1점이다
경주기행,네티즌,10.0,스릴러인 줄 알고 갔다가 가족 이야기에서 제대로 울컥했네요ㅠ 엄마는 역시 강해요..
경주기행,네티즌,1.0,요란한 밥상에 먹을것 없다 ~~이런 멋진배우들 데려다가 이렇게밖에 못만드는 감독이라니... 너무 안타깝..네요
경주기행,네티즌,4.0,알바가 많네.. 뭘 말하고 싶은지는 알겠는데…
경주기행,네티즌,1.0,온가족들 다 보러갔는데 9명중에서 8명이 중간에 나가자고했다...돈 시간 아까움
경주기행,네티즌,1.0,과정도없고 내용도모르겠고..
경주기행,네티즌,4.0,이도저도뭣도아닌영화평점보고 봤는데 속았음...
경주기행,네티즌,1.0,발암의 끝판을 보고싶다면 말리지 않겠습니다
경주기행,네티즌,1.0,매달 개봉하는거 싹다 취미로 보는사람인데.. 재밌다는 양반들 제정신임?ㅋㅋㅋㅋ 하아.. 디스클로저데이 이후로 또 역대급 망작이 쳐 나오네
경주기행,네티즌,10.0,"처음에는 제목처럼 경주를 배경으로 한 가족 영화인가 했는데 생각보다 훨씬 재미있었어요. 코믹한 장면이 있어서 웃으면서 보다가도 어느 순간 분위기가 확 달라져서 몰입하게 되더라고요. 배우들 연기도 정말 좋았고 특히 네 모녀의 케미가 인상적이었어요. 무겁기만 한 복수극이 아니라 가족 이야기와 유머, 긴장감이 적절하게 섞여 있어서 지루할 틈 없이 봤습니다. 보고 나서도 여운이 꽤 오래 남는 영화였어요ㅎㅎ"
경주기행,네티즌,1.0,너무 고평가되어 낮추고싶음. 제가 장담하는데 평점알바있다. 참고로 난 영화관계자아니고 여자친구랑 둘이봤다 스토리 개연성 진짜 일말의 고민도없티 집에서 티비보다 생각나서 영화만든 급이다. 진짜 뇌빼고보는 영화고 진짜로 진짜로 절대 와 진짜재밌다할 영화 절대아님.
경주기행,네티즌,1.0,아니 이게 인생최고의영화라는 사람들은 무슨 뽀로로 극장판정도만 봤던사람인가? 평점에 개낚였노 하..
경주기행,네티즌,2.0,이게 왜 9점 대죠..?
경주기행,네티즌,10.0,재미있어요.한국영화흥하길
경주기행,네티즌,10.0,오랜만에 진짜 재밌게 본 영화.. 올해 나온 한국영화 중 최고네요 너무 재밌어요 꼭 보시길 추천!
경주기행,네티즌,2.0,1시간 50분이 이렇게 긴 시간이었나..
경주기행,네티즌,4.0,같은 가격에 오디세이를 보고이영화를 본 내가 잘못인가?
경주기행,네티즌,1.0,별점 반쪽도 아까운 OOO영화보는내내 스트레스만 가득한 영화 내가본 최악의 영화
경주기행,네티즌,1.0,"하..감동도 없고 재미도 없고 일단 전혀 공감이 되질않음내시간, 내돈 아까워 죽겠슴평점 믿지마시길"
경주기행,네티즌,1.0,살면서 본 영화중에 젤 노잼
경주기행,네티즌,1.0,지루하고 엔딩은 모호하다! 돈주고 보기에는 많이 부족한 상업영화다!
경주기행,네티즌,1.0,이렇게 실력 있는 배우들을 섭외해서 어떻게 이런 작품을 만드실수 있는지. 영화관 안에서 사람들 짜증내는 소리 들림. 귀찮아서 평점 안썼었는데 제가 관평을 남기네요
경주기행,네티즌,2.0,이도 저도 아닌 영화예요 스릴러도 아니고 코믹도 아닌 엄마의 심정을 밀도 있게 그린 영화도 아닌 ....
경주기행,네티즌,1.0,영화 끝나는가 동시에 이게 뭔 영화야. 남발 함. 노잼입니다 돈 아끼세요.
경주기행,네티즌,2.0,진짜 이게 재밌다고 ??.... 진짜 아닙니다웃기지도않고 스토리도없고 답답하기만 함
경주기행,네티즌,4.0,댓글알바한테 낚였네 에휴~
경주기행,네티즌,3.0,관람평 정말 안다는데 댓글 알바인가 싶음
경주기행,네티즌,10.0,모든 배우들이 자기 역할에 맞게 연기하고 영화보는 내내 빠져드는 몰입감이 어마합니다~ 영화가 지루하지 않고 재밌어요. 경주 가보고 싶네요~
경주기행,네티즌,10.0,영화 시작할때만해도 이렇게까지 울줄은 몰랐는데 진짜 눈물 줄줄 흘렸네요ㅠ
경주기행,네티즌,1.0,평점에 당했다....이건아니지
경주기행,네티즌,1.0,평점이 왜 이렇게 높은지 이해가 안되네요. 너무 재미없어서 보는 내내 화가났습니다.. 이걸 보고있자니 시간이 아깝고 나가자니 돈이 아까운.. 무슨 말이 하고싶은지도 모르겠고 전개도 답답하고 스토리 개연성도 부족하고 여러모로 어색한 점이 많은 영화였습니다. 절대 추천 안합니다.
경주기행,네티즌,4.0,이게 보고 재밌다는 인간들 진짜 벌받는다. 또 속았다.
경주기행,네티즌,2.0,'경주'에서의 '기이한 행동'왜 그랬는지 이해가 가질 않는다.
경주기행,네티즌,2.0,재미없어요 역대 제가 본 영화 중 제일 불호입니다
경주기행,네티즌,4.0,아 댓글알바랑 네이버평점에 개낚였네ㅋㅋ
경주기행,네티즌,1.0,감상평 처음 남겨봅니다...기대를 안하고 보았음에도 불구하고 정말 너무 엄청 실망했습니다. 다음에 OTT로 나오면 자기 전에 틀어놓고 자는용으로 추천드려요.
경주기행,네티즌,2.0,그냥 답답하고 화남평점 높아서 기대한 내 잘못출연진 재능 낭비....아 진짜 너무 화남....짜증남
경주기행,네티즌,1.0,뭐하자는거임 네이버 리뷰 평점 못믿겠음 리뷰 알바들땜에 속지말라고 평 써봄 배우들이 아깝고 돈 시간 다 아까움 이시간에 산책하고 이 돈으로 쿠우쿠우 먹겠음
경주기행,네티즌,10.0,영화보면서 엄마 생각이 많이 나서 눈물이 멈추질 않네요ㅜㅜ
경주기행,네티즌,1.0,개 재미없어요. 돈아끼세용 ~ 별5개 진심인가요 ? 반대로 묻고싶네요 알바신가요?ㅋㅋㅋ그게아니고선 1점도 아까운데
경주기행,네티즌,1.0,진짜 망작 돈 내고 본 게 후회될 정도 시간 아까움
경주기행,네티즌,10.0,연기 잘하는 배우 다 모였네요! 다들 여기 왤케 잘하심.. 오랜만에 눈물 콧물 다 흘리고 나왔습니다 ㅜㅜ
경주기행,네티즌,10.0,영화의 뼈대는 알고 있었지만 막연히 저 예산 영화라고 생각하여 큰 기대는 안하고 봤다 뭐 누구나 속으로 생각은 하고 살던 이야기 이지만그걸 영화 속에서 실현해 나감 으로써 느끼는 쾌감무거운 이야기지만 때로는 가벼운 개그적인 요소도 섞여 웃고 울며 공감하며 봤다 만족 스러운 영화 였다 배우분들의 연기가 너무 좋았다 백성현 이 OOO....
경주기행,네티즌,10.0,개졸잼!! 추천각!!!!
경주기행,네티즌,10.0,배우들 연기가 다 좋아서 그런지 어느 한 명 튀는 느낌 없이 전체적으로 몰입이 잘됐어요.
경주기행,네티즌,1.0,"이게 경주시랑 무슨 상관인가? 이 영화는 웃길려는데 웃기지는 않고, 어수선한 연출에..공감되지 않는 캐릭터 개개인..스토리 또한 개연성은 밥 말아드셨고, 갑자기 어설픈 코믹물에서 어설픈 액션물로,,그리고 어설픈 곡성 느낌으로 변함,, 가족간 감동은 고사하고 하나같이 고구마 열개는 까먹은듯한 답답한 캐릭터들, 범인 또한 재 왜 저래?ㅋ 이 느낌,, 배우들도 다 찍고나서 볼때 정말 현타왔을듯, 왜 우리나라 영화는 소재나 스토리에 일관성이 없을까...온갖 맛없는 재료들을 섞어서 잡탕을 만드는데 일가견.. 영화표 값은 버린셈 칠테니 내 아까운 시간과 소모된 내 감정은 이 어째"
경주기행,네티즌,1.0,장난치나ㅎㅎㅎㅎ??
경주기행,네티즌,10.0,가슴 땃땃해지는 영화 오랜만이네요~ 이거 보기 참 잘함! 무거울 줄 알았는데 웃음코드도 있어서 어른들과 함께보기 너무 좋네요!
경주기행,네티즌,1.0,진짜 개최악.. 영화 보는 중에 너무 짜증나고 열받아서 관람평 씀 ㅋㅋ 연기차력쇼로 자꾸홍보하는거같은데 그냥 쌍욕만 나오고 가족기리 서로 물고 헐뜯느라 범인 놓치고 긴장감 잇지도읺고 짜증만남 ㅋㅋ 하 진짜 시간도아깝고 돈도 아까워서 개짱남
경주기행,네티즌,10.0,와...!! 간만에 제대로 울면서 봤네요
경주기행,네티즌,10.0,슬픈 장면만 계속 나오는 게 아니라 사건 전개도 있어서 지루할 틈 없이 봤어요. 감동이랑 재미 둘 다 잡은듯!
경주기행,네티즌,1.0,"재미도, 감동도, 메세지도 없다.감독이 어떻게 청자의 감정을 이끌어내는지 모르는 것 같다. 억지로 감정을 만들어보려고 하지만, 그것이 너무나도 명확하게 보인다. 마치 주말드라마를 보는 느낌."
경주기행,네티즌,1.0,최악의 스토리 도저히 못봐주겠다
경주기행,네티즌,1.0,감상평보고 재밌을 줄알고 기대하고 봤는데 진심 유치해서 못봐줄정도
경주기행,네티즌,2.0,이렇게 훌륭한 시놉시스를 가지고 이렇게 조악한 영화를 만들 수가 있을까.. 연출이 너무 미흡해 훌륭한 연기자들의 실력이 다 묻혔다. 모든 등장인물이 영화 내내 끊임없이 소리만 쳐대는 영화. 도저히 볼 수가 없어서 1시간 쯤 지났을 때 영화관을 나와 버렸다.
경주기행,네티즌,1.0,도그스타 보려다가 네이버평정보고 혹시나 하고 기대하고 봤는데 아오 진짜~ 개억지 즙짜는 스토리에 연기들이 다들 개안습~ 공효진씨는 연기파 배우 아니였나? 왜그래 요즘~
경주기행,네티즌,2.0,댓글 알바에게 속았네아까운 돈 시간 낭비ㅜㅜ21세기에 나올수 없는 영화보다가 나감
경주기행,네티즌,3.0,블랙코미디적 요소와 감동적인 스토리를 기대했으나... 어느 한 장면도 웃음이 나거나 눈물이 나지 않았다. 중반부 이후엔 그저 답답하기만. 감독이 뭘 말하려는건지 모르겠음.
경주기행,네티즌,10.0,올해본 한국영화 가운데서 가장 좋았습니다
경주기행,네티즌,10.0,기대 이상으로 블랙 코미디와 가족간의 관계등에 대해 생각해보는 시간이였습니다.스토리도 좋고 배우분들 연기도 훌륭합니다~
경주기행,네티즌,1.0,이런 배우들로 이렇게 재미가 없다는건 영화감독을 다시 한번 생각해봐야 하는거 아닐까요? 이게 지금 오딧세이와 스파이더맨이랑 같이 걸려서 나라 망신을 시키려고 그러는건가요? OTT에 굴러다니는 영화보다 재미없는 이영화를 어떻게 투자받고 극장까지 개봉했는지 그게 의문인데...
경주기행,네티즌,1.0,네이버 평점에 당했다. 너무 재미없더라
경주기행,네티즌,1.0,이쯤되면 평점알바 얼마에 매수하는지 궁금함
경주기행,네티즌,3.0,영화가 재미가 별로 없고 감동은 보통입니다.
경주기행,네티즌,3.0,답답... 어정쩡하게 진행해서 애먼 사람들만 죽었잖아!!! 막내 딸의 대한 애도가 딸을 죽인 살인범을 죽이는거면 유가족이 아니라 똑같이 살인범되는거야그럼 죽은 딸이 기뻐할까?
경주기행,네티즌,1.0,리뷰왜좋냐 낚였네 노잼
경주기행,네티즌,1.0,말도 안 되는 억지전개첫째 둘째의 이해 안 되고 공감도 안 되는 빌런짓가족극도 아니고 복수극도 아닌 애매한 색깔한숨나오는 결말까지.네이버 평점 믿을게 못 된다
경주기행,네티즌,1.0,여자친구가 보자고 해도 무조건 말려라 돈이랑 시간 다 날렸다
경주기행,네티즌,10.0,이정은배우님 이번에도 연기 미쳤네요 최고에요 가족과 함께 보고싶은영화에요~
경주기행,네티즌,2.0,개봉날 평점보고 선택했는데 제대로 낚였어요 초반부터 진심 나갈까 고민하다꾸역 꾸역 보긴했는데 평점에 속은 제탓이겠죠 ㅎㅎ
경주기행,네티즌,1.0,역대급 발암영화 여자4명이 모여도 제대로 복수못한다는걸 보여주고싶었던가함
경주기행,네티즌,1.0,너뮤 재미없습니다 진심으로..
경주기행,네티즌,1.0,화가날정도로 재미가 없다. 아무리 재미없는 영화를 봐도 이정도로 분노가 치밀어 오른적이 없다.
경주기행,네티즌,2.0,평점 왜 좋냐? 진짜 고구마 답답이에 뭔 떡밥 던져놓고 회수는 커녕 씨 뭐냐 이게 코믹도 아니야 스릴러도 아니야 감동도 아니야 그냥 뒤죽박죽 짬뽕에 억지스토리 진짜 아오 답답해 미치는 줄 돈 진짜 개처아깝다 와 연기도 너무 못해
경주기행,네티즌,8.0,""" 경주야 ~ 그냥 오늘 안 가면 안 되려나...? """
경주기행,네티즌,1.0,"이런 영화 내놓고 외국영화 탓할 생각하지마세요. 한국영화고 외국영화고 같은 티켓값내고 보는건데 적어도 티켓값이랑 시간이 아깝지는 말아야 하는거 아닐까요. 그나마 괜찮은건 변요한,이연 연기밖에없었고 심지어 배우들 모두 다 원래 연기잘하는 배우들인데 캐릭터고 스토리고 개연성이고 죽은자식만 자식이고 산자식은 자식이 아닌가요?"
경주기행,네티즌,6.0,몰입감있는 소재와 좋은 배우들로 엉망으로 만듦 억지스럽 보다 나옴
경주기행,네티즌,10.0,모녀의 티키타카가 진짜 현실 가족 같아서 몰입이 잘 됐어요. 우리 집 보는 줄 ㅋㅋㅋ
경주기행,네티즌,10.0,보고 눈물나서 혼났네.. 부모의 마음을 느낄수있는 영화였다. 8.8정도 줄수있을듯-! 스파이더맨보다 잼있었음
경주기행,네티즌,10.0,재밌고 의미있는 스토리일거라고 예상은 했는데 기대보다 훨씬 좋았습니다!!
경주기행,네티즌,10.0,아닛!!! 범죄영화라서 무서울 줄 알고 쫄앗다가 감동스토리에 눈물 한바가지 흘리고 나왔슴댜ㅜㅜ 내화장 어쩔껴 크헹 ㅜㅜ
경주기행,네티즌,10.0,신인 감독이라고 들었는데 오랜만에 보는 수작 한국영화입니다
경주기행,네티즌,10.0,올해 꼭 주목해야 할 한국영화
경주기행,네티즌,1.0,평점 높게준건 다 댓글알바임. 다 티나게 쓰냐 ㅋㅋㅋㅋ 노잼임 영화. 돈아끼셈
경주기행,네티즌,1.0,"개연성 없고 감동도 재미도 없고, 돈 아까움"
경주기행,네티즌,1.0,인생 최초로 중간에 나왔습니다. 와 좀 심각하게 재미없고 의미도 없고 충격적이네요 ㅋ
경주기행,네티즌,10.0,"영화에서 맛볼 수 있는 재미란 재미는 모두 선사하는 영화!!! 긴장감 쫄깃, 웃음 팡팡, 눈물 그렁그렁. 간만에 본 영화다운 한국영화, 칭찬하지 않을 수 없네^^"
경주기행,네티즌,10.0,초반에 다소 심심할수 있는 스토리지만배우들의 연기로 스크린 가득 채워 전혀 심심하지 않았던 너무 귀여운 아역배우가 등장할때마다 저절로 지어지던 엄마미소중간중간 빵터지는 포인트들마지막에 감동과 희열까지올해 한국영화 중 세손가락 안에 든다
경주기행,네티즌,10.0,67세 남자가 보기에도 지루하지 않고 공감을 형성하기에 충분한 영화 ~한국 영화 발전을 진심으로 바랍니다 ~수고하셨어요 ^^
경주기행,네티즌,10.0,배우들 보고 선택한 영화였는데 연기 때문에 더 만족했어요. 캐스팅 정말 잘한 것 같아요~
경주기행,네티즌,10.0,"전 배우들, 스태프들 모두가 각각의 역할을 오롯이 소화해낸다"
경주기행,네티즌,10.0,처음엔 웃으면서 봤는데 후반부 갈수록 감정이 쌓이더니 마지막엔 결국 터졌네요 여운 상당합니다.
경주기행,네티즌,10.0,K-장녀로서 첫째 캐릭터에 완전 빙의해서 봤습니다.. 엄마 지켜야 하고 동생들 챙겨야 하는 그 부담감과 애증이 너무 내 얘기 같아서 가슴이 아팠음ㅠㅠ
경주기행,네티즌,10.0,궁금해서 개봉날 봤는데 재미에 감동까지♡ 연기도 스토리도 굿굿!! 저 여러번 감동해서 눈물도 났어요! 가족의 사랑 특히 이정은 엄마연기가 최고에요! 그아픔이 온전히 닿았던 따뜻한 영화에요 꼭보세요♡
경주기행,네티즌,10.0,"내 몸 일부, 내 마음의 일부, 상실의 아픔과 고통가족 구성원의 상처의 크기가 배우들의 연기력으로 전달됩니다.올해 본 영화중 울림이 가장 큰 영화"
경주기행,네티즌,10.0,이정은 배우님 나온다해서 재밌어 보여 보고 왔는데 역시나 연기는 최고였고 슬픔도 있고 재미도 있고 괜찮은 영화인것 같아요.
경주기행,네티즌,10.0,배우들 연기력이 정말 압도적이였어요!짠함 가족애가 완전 잘 담긴 영화여서 웃음도 눈물도 가족에대해 다시금 생각해 본 계기였네요~
경주기행,네티즌,2.0,여기 다 평점높은건 댓글 알바들뿐인건지..진짜 인생최악영화.배우들이 진심 너무 아까움.고구마 백만개 영화.감동도 재미도1도없음
경주기행,네티즌,1.0,"■ 범죄: 4 코믹: 4 신파: 2 = < 경주 잡탕밥 > 계속 범죄나 스릴러 였다면 좋았을것을..,"
경주기행,네티즌,2.0,투뿔 꽃등심을 모아놓고 김치찌개를 끓였다.변요한의 연기는 뛰어났다.전날 오디세이를 보고 본거라 뭔가 한국영화의 심각함을 느꼈다
경주기행,네티즌,1.0,"보지마라 진심, 왠만해선 영화 안거르고 돈 아까워서 끝까지 다 보는데, 잠들었다 충분한 휴식과 수면을 취했는데도..잠이 오더라 처음으로 리뷰 여기 남겨본다"
경주기행,네티즌,2.0,하후 작업이 속았다 지루하고 애매
경주기행,네티즌,1.0,이거 평점 왜 높은지.. 중간에 졸다가 나왔네요불면증있으신분들 적극추천합니다
경주기행,네티즌,1.0,알바들 너무많네 하 3류영화
경주기행,네티즌,2.0,소란스럽고 집중안되고 씨발 알바쓴거냐 진짜개 쓰레기 영화 돈아깝다 으 진짜 OO쓰레기영화 댓글알바 OOO들아 이거보고 잼있다하는 것들은 저능아다
경주기행,네티즌,10.0,진짜 배우들 연기 쩔고 몰입 제대로 됨. 눈물 참아보려했는데 결국 못참고 터짐 다들 휴지 챙기세요ㅠ
경주기행,네티즌,10.0,"이정은 배우님과 변요한 배우님의 연기, 그리고 감독님의 연출력에 감동한 영화였습니다. 최근 몇 년간 본 한국 영화 중 가장 재밌었습니다. 같이 본 관객들 다 끝까지 집중하는 영화관 현장을 오랜만에 봤습니다."
경주기행,네티즌,10.0,가족이 있다면 울고 엄마라면 오열할 영화너무 재있고 연기력 튼튼해요
경주기행,네티즌,10.0,혼자 봐도 좋지만 가족이랑 같이 보면 더 좋을 것 같은 영화예요. 부모님 생각이 많이 났습니다
경주기행,네티즌,10.0,재밌습니다~ 한국영화가 경주기행 정도의 퀄리티로 계속 나온다면 영화관 자주 갈거같아요. 웬만큼 예산들인 영화들 보다 훨 낫고 재밌게 봤습니다. 그나저나 레슬링을 배워야겠습니다. 유용해보이네요.
경주기행,네티즌,10.0,간만에 보고 나서 바로 집에 가기 아쉬운 영화였슴둥 ㅎ_ㅎ 그냥 슬픈 게 아니라 마음 한구석을 오래 건드리는 느낌 추천합니다ㅎㅎ
경주기행,네티즌,1.0,"영화가 무얼 말하고싶은 지를 모르겠음, 살인범을 놔두고 저러케 태연할수있는 가족들 마음도 이해가안가고 전혀 감정이입도 되지않음, 뼈다귀아줌마는 뭔잘못임 도대체 보는내내 억지감동과 억지웃음 배우들이 아깝다고 생각한 영화"
경주기행,네티즌,2.0,웃길려면 웃기고 울리려면 울리고 이도저도 아닌
경주기행,네티즌,1.0,"진짜 해도해도 너무한 수준의 개연성, 8년을 준비한 납치계획을 함께해놓고 일부로 풀어줬다는게 말이되냐고"
경주기행,네티즌,1.0,속앗네 평점조작단에 누나 엄마 데리고 갔다가 30대 40대 60대 세대별로 다 재미없는 영화는 처음인듯 이정은 믿고 갓다가 이정은에 대한 신뢰가 깨졋당 ㅜㅜㅜ
경주기행,네티즌,10.0,배우들 감정 표현이 너무 좋아서 보는 사람까지 같이 감정이 따라가게 되는 느낌이었어요~~
경주기행,네티즌,10.0,엉뚱하고 기발한 복수를 유쾌하게 풀어낸 것 같아요!!! 웃다 울다를 반복ㅋㅋㅋ 오랜만에 좋은 영화였다!
경주기행,네티즌,1.0,하.. 평점 보고 봤다가 좆노잼 페미 영화라는 느낌 존나 들길래 그때부터 잤다 개 폐급 OOO기 영화 시간 아깝노
경주기행,네티즌,10.0,감정이입 너무했나봐여 ㅠㅠ 오열함..여운이 깊게 남았어요 영화 잘됬으면 합니다!!
경주기행,네티즌,10.0,새로운 뉴웨이브의 등장.. 부모님 모시고 가서 보기 좋은 영화! 특히 엄마와 딸이라면!
경주기행,네티즌,2.0,평점 알바들 죽고잡냐? 오디세이 포기하면서 봤다 한국영화 화이팅 하면서 근데 !어떻게 영화를 죄다 억지로 이야기를 붙여서 만들어놨냐 ㅠㅠ 오락영화인가? 아님 가족애인지 통쾌한 복수극인지 어머니의 불타는 복수심인지 반성인지 모성애인지 뭔지 알려주라
경주기행,네티즌,10.0,너무 재밌음 무거운 주제임에도 불구하고 중간중간 재밌고 마지막엔 폭풍오열함ㅠㅠㅠ
경주기행,네티즌,10.0,이정은 배우 나오는 장면마다 감정이 확 살아나는 느낌이었습니다.
경주기행,네티즌,10.0,평소에 공효진 배우 좋아해서 보려고 왔어요~두루마리 휴지 한 장 가져가라고 하던데! 챙겨왔어요~~
경주기행,네티즌,10.0,"입소문으로 대박나는 영화될듯! 신선한 듯하지만 예상하지 못할 설정은 아니지만 연기, 연출 모두 최고이며 허튼소리없이 묵직한 메시지를 던지는 올해 최고의 한국영화"
경주기행,네티즌,10.0,"보고 나서 단순히 슬픈 영화였다로 끝나는 게 아니라 가족, 용서, 복수에 대해서 여러 가지 생각을 하게 됐어요."
경주기행,네티즌,10.0,가볍게봤다가 눈물 쏙 뺐습니다 엄마와 딸들의 모양이 각각 다른 사랑을 크게 느끼고 왔어요
경주기행,네티즌,10.0,트렁크 열리는 순간 장르 바뀜. 경주라는 이름에 이런 의미가 숨어있을 줄이야... 제목 진짜 잘 지었네.
경주기행,네티즌,10.0,복수의 끝에 결국 불덩이는 사그라드는 것일까. 영화보다 더한 현실이 떠오를 때면 갑갑해져온다.
경주기행,네티즌,10.0,배우들의 연기만으로도 충분히 즐길만한 가치가 있는 영화라고 생각합니다. 주연 조연 단 하나의 역할도 버릴 것 없고 알차게 느껴졌고 스토리도 매우 공감되고 재밌고 감동적인 영화였습니다. 묵직한 주제이나 연출은 무겁지 않고 배우들 연기는 너무 감동이었어요.
경주기행,네티즌,10.0,이정은연기 너무좋았어요 변요한 눈빛 진짜 살벌..몰입도 엄청나네요
경주기행,네티즌,8.0,너무도 가해자 중심의 대한민국 사법체계에 대해 심각하게 고민해 봐야 될 시기가 왔다. 사회는 고도성장 했는데 법은 아직도 60년대.
경주기행,네티즌,10.0,"최근에 이슈가 되고 있는 외국 영화보다 개인적으론 더 좋음. 슬픔 속 웃음들이 어색하거나 과하지 않으며, 분노와 슬픔들이 고스란히 다가오게 하는 연기들…"
경주기행,네티즌,10.0,웃다가 울다가 긴장됐다가 잔인함까지. 지독한 가족 사랑이 내 삶을 돌아보게한 영화다.가벼울 줄 알았는데 묵직함에 한 방 먹은 느낌이다. 너무 재밌었다. 쌍따봉 드릴게요!!
경주기행,네티즌,10.0,재미랑 가족슬픔을 동시에 볼수있는 영화!!
경주기행,네티즌,10.0,매 컷마다 연기력에 눈을 못뗍니다.범죄장면이 나오는 부분에도 대놓고 보여주는 자극이 아님에도 충분히 전달되는 연출이 너무 좋았습니다.
경주기행,네티즌,10.0,"개봉하자마자 보고 계속 생각나는, 또 보고싶은 영화."
경주기행,네티즌,10.0,이연 팬들은 개추 누르자!
경주기행,네티즌,10.0,"정말 재미있었다!!황남빵처럼 달큰하면서도 묵직한 작품.사랑의 온도는 따스한 뒤틀림 속에서 피어나고,경주로 향한 기이한 여정은 위트와 서스펜스로 덜컹거린다. 설명하기 어려운 복잡미묘한 관계인 '가족’을 다채로운 맛으로 풀어냈다. 후반부 눈물 콧물 대비는 필수!적극추천!!!"
경주기행,네티즌,10.0,유머..스릴..감동..다 있음
경주기행,네티즌,10.0,한 가족 안에서도 각자가 가지고 있는 상처와 생각이 이렇게 다를 수 있다는 게 신기했어요. 누구의 마음이 맞다고 쉽게 말할 수 없는 이야기라 더 좋았어요.
경주기행,네티즌,10.0,자매들이 서로 다른 성격을 가지고 있어서 더 재미있었어요. 같은 부모 밑에서 자라도 이렇게 다를 수 있다는 게 신기하면서도 실제 우리 자매들 보는 것 같았어요ㅋㅋ
경주기행,네티즌,10.0,누군가의 딸로 살아왔고 누군가의 어매로 살아가는 저를 정신못차릴정도로 슬프게 만드는 영화
경주기행,네티즌,10.0,배우들 연기가 너무 쩔어요ㅜㅜ 울어야할지웃어야할지 웃다가 울다가 흑흑흑 히히히 흑흑 히히 너무너무 재미있었어요. 사법부가 OO은데 사적제재 해야지 뭐 OO.
경주기행,네티즌,10.0,이런 영화 진짜 오랜만이다 강추
경주기행,네티즌,10.0,와이프랑 둘이아주 질질짜고 왔습니다.ㅎㅎ 남잔데.. 주룩주룩이에요 ㅎㅎ재밌게 잘봤습니다
경주기행,네티즌,10.0,모든 연기자의 연기가 대단합니다
경주기행,네티즌,10.0,용서하게 될까봐 가장 두려웠다는 그녀의 말에울고 웃다가 맴찢당하고 나옴. 그들의 복수가 너무 어설퍼서 더 슬펐음.
경주기행,네티즌,10.0,눈물이 너무 났던..엄마 ㅠㅠ이정은 배우님 연기가 최고예요꼭 영화관가서 보세요 추천합니다
경주기행,네티즌,10.0,영화보고 정말 정말 많이 울었다.. 정말 많은 사람이 보면 좋겠다
경주기행,네티즌,10.0,가족이라는게 참 가까우면서도 서로 모르는 부분이 많구나 싶었어염ㅋㅋ 영화 보면서 저희 가족도 한번 돌아보게 됐네염ㅋㅋ
경주기행,네티즌,10.0,"첫째라면 무조건 이 영화를 보십시오. 둘째라면, 막내라면 이 영화를 무조건 봐야 합니다. 엄마라면 이 영화가 필수입니다. 경쾌하게 지독합니다. 얼레벌레 타협하지 않는 영화라 좋았습니다."
경주기행,네티즌,2.0,진짜 평점 알바쓰나 어이가 없어서..
경주기행,네티즌,2.0,1. 지루하다2. 연기는 잘한다.3. ??? 너무 지루하다정말 재미없습니다 ㅎㅎ
경주기행,네티즌,2.0,유가족의 마음은 이해하지만 굳이 살인범과 똑같은 위치로 만들었어야 하는 생각.. 그리고 첫째딸의 트롤짓으로 많은 피해자가 생긴것도 별로였음...
경주기행,네티즌,1.0,진짜.. 제2의 극한직업. 너무 뻔한 클리셰에 최악의 각본에 워스트 영화 갱신 고민임. 미치겠다 정말.. 나 영화평점은 첨인듯하다..
경주기행,네티즌,4.0,재미도 없고 감동도 없고 욕만 난무하는 살짝 불쾌하기만한 영화였긔
경주기행,네티즌,1.0,"개연성 제로, 캐릭터 개성 제로, 감동제로, 스토리 몰입도 제로 애매하게 섞어넣다 이도저도 아닌 영화 혹시라도 평점 보고 영화 보시는 분들은 10중 8,9는 댓글 알바들이니 무시하고 오디세이 보러가세요"
경주기행,네티즌,1.0,차라리 오디세이를 두번보세요
경주기행,네티즌,1.0,장난하냐 ㅋㅋㅋㅋ말도 안되는 ..걍 답답 엄마 혼자 고집 부리고 애들 인생 망치는 영화
경주기행,네티즌,2.0,후... 댓글 알바들 활개쳤네요올해 나온 영화중 제일 재미없었습니다그냥 보면 화가납니다
경주기행,네티즌,4.0,배우들의 연기가 낭비되는 영화 입니다.정신없고 너무 억지 스럽고 감동도 없다. 편집이 잘못된건지 감독이 하고자 하는 얘기가뭔지도 잘 모르겠다.평점 알바가 득실 거리는 영화.
경주기행,네티즌,1.0,진짜 댓글 알바 있다는거 알고는 있었지만 이정도로 평점을 조작할까 싶었는데.... 오늘 호되게 당했네요; 1점 주는것도 아깝습니다.... 중간중간 억지스러운 개그요소에 대체 알 수 없는 신파에....하
경주기행,네티즌,1.0,이거 9점실화에요?세상이 몰카중인가
경주기행,네티즌,1.0,와 진짜 재미없음.. 고구마에 지루하고 알수없는 기괴함과 불쾌함까지 이 배우들로 이런 영화를 찍다니 코믹인척 스릴러인척 가족영화인척 척만하다가 끝난 영화 시작부터 끝까지 ㄴ잼으로 꽉채운 영화 잘 줘봐야 6점인데 이게 9점이라니 영화 보기전에 중간중간 1점이 많이 보이길래 왜 그런가 했더니 너무 이해간다 그래서 나도 1점
경주기행,네티즌,1.0,진짜 최근 본 영화 중 제일 최악의 영화제발 댓글 알바에 속지 마시길..
경주기행,네티즌,10.0,코믹인줄알고 봤는데....전 재밌게 잘 봤습니다.매일 아이들에게 예쁜인사해야지 하고다짐했어요ㅋㅋㅋ.이정은.변요한 연기는....최최최고!!
경주기행,네티즌,10.0,가족들 각자의 입장이 다 이해돼서 오히려 더 힘들었어요 한쪽 편만 들 수가 없더라구요.ㅠㅠ
경주기행,네티즌,10.0,엄마랑 오랜만에 같이 본 여행인데 웃고 울고 아주 난리였네요 ㅋㅋㅋ 이정은 배우님 역시 믿고보는 ㅠㅠㅠ 엄마도 오랜만에 제밌었다고 하셔서 기분좋네요!
경주기행,네티즌,10.0,"진짜 가족끼리 보면 엄마, 언니, 동생 등등 각자의 공감대가 또 다를 것 같고 세심한 감정선과 상황 연출 그리고 스릴러임을 잊지 않는 긴장감과 압도감까지 기대없이 봤는데 진짜 너무 재미있었습니다."
경주기행,네티즌,10.0,"배우들 때문에 기대하고 봤는데 생각보다 더 괜찮았어요! 배우 모두 각자 캐릭터가 확실해서 보는 재미가 있었고 네 모녀가 같이 나오는 장면들이 특히 좋았습니다. 처음에는 조금 웃긴 가족 여행 느낌인데 갈수록 긴장감도 생기고, 단순한 이야기로 끝나는 게 아니라 가족에 대한 이야기가 있어서 좋았어요. 웃다가 울컥하기도 하고 마지막에는 생각할 거리도 남는 영화라 추천합니다!"
경주기행,네티즌,9.0,웃다가도 서늘하다가도 눈물이 나오는 영화
경주기행,네티즌,1.0,"애매하다 뭐 하나 제대로 건든게 없다감동이면 감동, 복수극의 통쾌함이면 통쾌함 등어떠한 부분이 확실하게 느껴져야하는데다 애매하다"
경주기행,네티즌,1.0,개연성이 진짜 너무....
경주기행,네티즌,1.0,별 반개도 아까운 작품입니디 보는내내 답답해 미칠 지걍이였습니디
경주기행,네티즌,1.0,왜 평점이 좋은건지... 알바가 잇긴잇나봄. 잼없음!!!!
경주기행,네티즌,5.0,저 리뷰알바에 당한건가요스토리 왜이래요..엉성해..억지설정아닌가요 이정도면....영화보고 리뷰는 첨써보는데당황스러운평점들..세상이 날 억까하나
경주기행,네티즌,1.0,"진짜 인생에서 봤던 영화중 가장 최악의 영화입니다. 관람평 평점을 보고 깜짝 놀랐습니다.감독님이 어떤 의미를 관객에게 전달하려는지는 알겠지만 내용이 너무 너무 너무 너무 너무 너무 너무 너무 너무 너무 너무 너무 답답했습니다.영화 시작하면서 느꼈던 답답함이 영화가 끝나도 해소되지 않습니다.고구마 3000개 먹고 김빠진 사이다 한입 먹은 수준입니다. 진짜 재미없습니다.오디세이,스파이더맨 보세요"
경주기행,네티즌,1.0,"억지 전개와 신파, 보복 살인을 권장하는 반사회적인 영화 각본 시나리오 연출 캐릭터 등 문제점이 이만저만이 아닌 올해 최악의 영화 1. 전달력도 감동도 흡입력도 없는 짜치고 오글거리는 각본, 장대한 목표에 비해 가볍기 그지없음 ,지들만 아는 복수 계획(고작 사시 불합격한 박소담의 한마디로 일축시켜버리는 그들의 계획) 억지 유머, 떽떽거리고 욕짓거리밖에 없는 대사 2. 오로지 우연과 실수로 만들어진 사건사고들 그로인해 개연성이 소멸된 시나리오 3. 설득력이 전혀 없는 관계성과 얄팍한 캐릭터들 이필레는 23년 경력 베테랑으로 소개되지만 너무 쉽게 범행을 의심받고 들통남 그리고 옥실과 왜 깊은 관계가 되었는지 설명 하나 없음 그런데 의뢰 보수 일부를 옥실에게 나눠줄만큼 돈독해보였던 관계도 꼬투리 쪼금 잡히니까 바로 런친 것도 어이없음 이딴게 베테랑? 박소담은 왜 옥실과 오랫동안 사이가 안좋았는지 설명이 제대로 안나옴 그리고 첫째의 가OO지 왜 끌어들였는지? 이게 최선이었는지? 뭐 하나 제대로 된 설명이 없음 첫째는 살인자를 왜 풀어줬는지? 그 이유가 말싸움 몇마디로 끝나버림 첫째의 오랜 고충에 설득력이 떨어짐 (하필 지금에 와서 풀어준다고?) 살인자가 왜 옥실 가족을 먼저 찾아 살해하려 했는지도 그냥 뜬 소문처럼 설명하고 왜 그렇게까지 추격하면서 죽이려는지 설득력이 떨어짐 (그리고 해장국 뼈로 사람 죽이는건 진짜 개짜침) 샛째는 그냥 발달장애 저능아로 만들어놓음 발음도 어눌해서 더 그래보임 4. 반사회적인 결말과 메세지, 옥실은 결국 보복 살인을 하고 법의 심판을 받음 한국의 가벼운 형량 때문에 복수를 결심했으면서 지도 똑같이 가벼운 형량을 받은 살인자가 됨 여기에서 우리는 어떤 카타르시스를 느껴야함? 그래서 뭘 전달하려고 한건데? 어쨌든 집착에 가까운 복수심에 살아있는 가족들까지 끌어들이고 살인을 저지른 엄마의 막내딸 회상 장면에서 우리가 감동받고 울어야함? 개억지 눈물 유도 신파극 이밖에 할 이야기가 넘쳐나지만 글자 수 제한이 있어서 못쓰겠네"
경주기행,네티즌,2.0,"좋은연기,좋은각본,처참한연출력,한국영화의한계"
경주기행,네티즌,2.0,시간 ㅈㄴ 아깝네 진짜 ㅅ1111ㅂ ㅋㅋ
경주기행,네티즌,2.0,개별로네요 댓글 알바 푼건가요 내용이 생각나지도 않습니다
경주기행,네티즌,2.0,아 진짜 시간이 아깝네요차라리 그시간에 유튜브 보는게 나을듯
경주기행,네티즌,1.0,와우 돈주고 스트레스 받기
경주기행,네티즌,3.0,"치열하지도 않아. 처절하지도 않아. 모질지도 못해. 유머는 재미가 없어. 육혈포 강도단은 재미라도 있었는데 그보다 퇴보함. 무엇보다 사족이 많다. 배우들은 연기력 낭비하고 있고, 감독은 아마추어이다."
경주기행,네티즌,10.0,가벼운 블랙코미디 로드무비인 줄 알았는데 묵직하고 울림이 있는 영화였어요. 원래도 눈물 많지만 꺼이꺼이 눈물나는걸 참았네요.. 연출과 배우들의 연기 모두 훌륭했어요.
경주기행,네티즌,1.0,내 아까운 2시간 돈주고 산 평점
경주기행,네티즌,4.0,굳이 돈내고 볼정도아님 댓글 알바인지 모르겠으나 현재 평점은 너무 과함
경주기행,네티즌,2.0,이게 말이 되는 연출이냐? 추격하는 긴급한와중에 살인범도 안전벨트메고 뒷지석 동주도 안전벨트메고 마지막 범인 죽일때 나무에 어떻게 끈을 올려서 메달아
경주기행,네티즌,2.0,평점 조작이냐 보는내내 지루하던데 잠만잤네
경주기행,네티즌,6.0,진짜 영화 좋아 해서 이런 저런 영화 많이 보는데전 어떤 내용을 전하고 싶은지 감동이 어떤 의도로 저런 엔딩을 했는지 모르 겠음엄마는 너무 고집 스럽고 딸들은 각각 개성은 있지만 너무 심파고 마지막 나무 씬에서 진짜 1분 넘게 멍때림
경주기행,네티즌,8.0,생각보다 괜찮았어요.근데 둘째 셋째는 잘 챙겨주라ㅠ 다들 연기 잘하는데 변요한 오랜만에 악역하는거 보니까 소름끼치긴 함
경주기행,네티즌,10.0,성격에 맞는 상황설정 군더더기 없이 좋았음각 자매들의 성격보면서 딥답하고 짜증나고 슬펐다는건 연기가 미쳤다는 것…대형 영화속안에 진주같은 영화
경주기행,네티즌,10.0,부모님 세대가 보면 또 다른 느낌일 것 같아요~~세대마다 받아들이는 포인트가 다를 듯합니다~~
경주기행,네티즌,10.0,끝까지 포기하지 않고 해낸 엄마에게 박수를!
경주기행,네티즌,10.0,영화가 끝났는데도 마음이 쉽게 정리가 안 되네요ㅠㅠ 좋은 의미로 복잡한 영화였습니다~
경주기행,네티즌,10.0,영화 보고 나니까 형제자매 있는 사람들은 더 공감하겠다는 생각이 들었어요. 가족이라는 게 참 가까우면서도 어려운 관계네요ㅠ
경주기행,네티즌,10.0,오빠와 저는 성격이 완전 반대라 영화 속 형제자매를 보면서 괜히 우리 남매 생각났어요ㅋㅋ 그래도 중요한 순간에는 서로 편이 되어주는 게 가족인 것 같네요.
경주기행,네티즌,10.0,부모님께는 자식들이 다 똑같이 소중하겠지만 자식들 입장에서는 서로 느끼는 가족의 모습이 다를 수도 있겠다는 생각이 들었어요.
경주기행,네티즌,10.0,극장 불 켜지고 다들 선뜻 못 일어나는 영화 오랜만이다 진짜. 꼭 극장 가서 대형 스크린으로 보세요.
경주기행,네티즌,10.0,엄마의 상처가 너무 현실적이라 보는 내내 가슴 한구석이 계속 찡함요ㅠㅠ
경주기행,네티즌,10.0,처음에는 그냥 복수극인 줄 알았는데 보고 나니까 가족 생각이 제일 많이 나요ㅠ 참 애잔하고 먹먹한 영화였어요.
경주기행,네티즌,10.0,복수라는 소재라 처음에는 굉장히 무거울 줄 알았는데 생각보다 웃긴 장면도 많아서 재미있게 봤어요~ 웃다가 울다가 정말 정신없이 봤네요ㅎㅎ
경주기행,네티즌,10.0,영화 리뷰 길게 처음 써요 우리나라의 현실이 너무 잘 담겨 있어서 화나고 답답하고 가슴 아파서 보는 내내 눈물이 계속 나왔어요 배우분들 연기도 너무 너무 좋고 다른 배우분들도 몰입 잘되게 연기를 너무 잘하셨고 특히 이연 배우님 연기가 통통 튀는 역할이고 이번 영화에서 젤 기억에 남아요 올해 본 영화중에 젤 최고입니다 요즘 사건 사고도 많고 이렇게 가족을 잃은 유족분들의 마음이 와닿고 우리나라 법에 대해서도 많은 생각이 들었고 영화가 이정도인데 현실은 얼마나 더 답답할지 화가났어요 오랜만에 좋은 영화 감사합니다
경주기행,네티즌,10.0,"장녀라는 이유로 괜히 어른스럽게 행동해야 한다고 생각했던 적이 많은데, 영화 보면서 나도 누군가에게 기대고 싶을 때가 있다는 걸 다시 생각하게 됐어요ㅠ"
경주기행,네티즌,10.0,영화를 보면서 우리 아이들도 지금 어떤 생각을 하고 있는지 궁금해졌어요. 부모라고 해서 아이 마음을 다 안다고 생각하면 안 되겠다는 생각이 많이 들었네요.
경주기행,네티즌,10.0,원래 유명한 배우들 많이 나오는 영화들 중에 이상한 영화도 많은데 경주기행은 처음부터 끝까지 너무 감동적이였다. 가족들이랑 가서 보면 더 감동적일것 같다.
경주기행,네티즌,10.0,"진짜 가족여행인 줄 알았는데 복수 여행이었다는 설정부터 개웃기고 쫄림ㅋㅋ웃다가 갑자기 감정 확 올라와서, 생각보다 여운 제대로 남는 영화였음."
경주기행,네티즌,10.0,영화 보면서 저라면 어떤 선택을 했을까 계속 생각하게 됐어요. 막상 제가 그 상황이라면 쉽게 결정하지 못했을 것 같아서 더 마음이 무거웠네요.
경주기행,네티즌,10.0,올해의 한국영화입니다. 묻지도 따지지도 말고 꼭 극장에서 보세요
경주기행,네티즌,10.0,이정은님 연기는 원래도 믿고 보지만 이번에도 역시나 입니다. 전체 영화를 끌어가시는 몰입감이 너무 대단하네요! 영화 정말 잘 봤습니다. 언제나 좋은 작품으로 만날 수 있어서 감사합니다.
경주기행,네티즌,10.0,공효진 배우 특유의 자연스러운 생활 연기 덕분에 K-장녀 캐릭터가 더 살았던 것 같아요!
경주기행,네티즌,10.0,"꼭보세요 다 연기파, 안지루해"
경주기행,네티즌,10.0,친구들이랑 영화보러 갔는데 엄마 생각나서 엄청 울었어여ㅜㅜㅜㅜ 언니도 보고싶고 끝까지 놓칠 수 없는 긴장감과 웃음과 감동 ㅜㅜㅜ 언니랑 엄마랑 한번 더 보러 가야겠어요!
경주기행,네티즌,10.0,친구들이랑 오랜만에 만나서 영화 보러 다녀왔네요. 다들 딸래미들 생각나서 엄청 울고 웃고 했네요. 딸래미들 보고 싶어서 저녁 먹기로 했어요. 가족끼리 보러 가세요. 감동적입니다.
경주기행,네티즌,10.0,단순한 슬픔이 아니라 가슴 깊은 곳에서 끌어 올려지는 묵직한 감동이 있어요. 올해 본 한국 영화 중 단연 으뜸입니다.
경주기행,네티즌,10.0,복수라는 목표 하나로 뭉쳤지만 그 안에서 터져 나오는 가족 간의 갈등과 사랑이 너무 진짜 같아서 가슴이 아립니다.
경주기행,네티즌,10.0,남자 둘이 보러 갔는데 눈물 계속 나서 ㅈㄹ 감동적인거 각오하고 가야함 근데 변요한 개 잘생겼더라!
경주기행,네티즌,10.0,공효진의 찐팬이여서 다 챙겨 보는데 좋은작품 또 해주셨네요! 스토리도 탄탄하고 감동적이고 재미요소도 좀 있고 암튼 효진언니 넘 이쁨 ㅋㅋㅋ 추천 또 추천 입니다
경주기행,네티즌,10.0,경주 도착했을 때 그 묘한 감정이 아직도 잊혀지지가 않네요. 웃긴데 슬프고 슬픈데 짠하고... 최고입니다.
경주기행,네티즌,10.0,영화 보는 내내 우리 엄마 표정이 자꾸 오버랩돼서 가슴이 너무 아릿했어요. 이번 주말에 집에 내려가야겠습니다.
경주기행,네티즌,10.0,와이프랑 오랜만에 영화보고 왔는데 나도 이제 갱년기인가? 엄청 울었네 휴지 꼭 챙겨가세요! 와이프 줘야 하니까요...
경주기행,네티즌,10.0,자식 잃은 엄마 마음을 옆에서 지켜보는 첫째 딸의 시선이 너무 잘 담겨있음... 감정선이 과하지 않은데도 가슴을 쿡 찌르네요.
경주기행,네티즌,10.0,배우 라인업만 보고 봤는데 이건 뭐 스토리도 장난 아니네.. 넘 감동적이여서 눈물 한바가지 흘리고 나옴 ㅜㅜ 오랜만에 넘 좋은영화 잘보고 나왔따
경주기행,네티즌,10.0,첫 장면 교복 이름표 나올 때부터 울컥하더니 마지막엔 휴지 젖을 때까지 울다 나왔네요 ㅠㅠ
경주기행,네티즌,10.0,기대 없이 본 올 해 최고의 영화
경주기행,네티즌,10.0,꼭 보세요 세상의 모든 딸들
경주기행,네티즌,10.0,엄마생각나서 효도 영화가 따로 없음. 진짜 거를 타선 없이 몰입해서 봤습니다. 110분이 어떻게 지나갔는지도 모르겠네요. 안 보면 후회합니다 진짜!!
경주기행,네티즌,10.0,결국 법원이 해야 할 일을 엄마가 해 낸다결국 언론이 해야 할 일을 감독이 해 낸다
경주기행,네티즌,8.0,영화가 시작되고 주연 조연분들이 스크린에 등장하는 족족 오!오!오! 대한민국영화계 가장 핫한 여배우들의풍년이구나!!! 캐스팅 너무 좋습니다이정은 누님 공효진 누님 보러갔는데 조연진 분들연기에 홀딱 빠졌습니다. 프로납치범 대모님 연기하신분 너무 좋았습니다!!! 경주기행 흥행 기원!!!
경주기행,네티즌,1.0,아…..이런답답하고 재미도없고 감동도없는영화는 처음 보는듯요..즁간에 셋째 나올때빼고는 진짜…..영화관인데 중간에 사람들도 많이 나가고요..
경주기행,네티즌,2.0,진지하게 이게 재밌다고..?
경주기행,네티즌,6.0,이래도 평점 알바가 없다고 박박 우길거야?? 이게 9점이면 호프는 아카데미 수상한다
경주기행,네티즌,3.0,순억지 스토리를 엄마와 여자의 이름으로 밀어붙이는 무지함. 이젠 지겹다.
경주기행,네티즌,1.0,"억지 감동, 이렇게 길게 고구마 먹이면 죽지않나 싶을정도로 답답한 스토리, 엄마역할 배우를 제외한 늘 그저그런연기, 가장재미있던 순간은 극장에 불켜질때인 영화, 아 다시 생각해도 너무 답답한 영화였다."
경주기행,네티즌,2.0,개답답함. 전부 다 한대씩 머리 지어박고 싶어짐
경주기행,네티즌,2.0,알바들 지리네 ㅋㅋㅋ 이게 재밌다고? 노잼ㅋ
경주기행,네티즌,4.0,진짜 진짜 재미없게봤는데 나만 이상한가? 인터넷평점은 무슨 아카데미수상작 평점이네 ㅎㅎ;;;
경주기행,네티즌,2.0,난 영화 별로 공감 안됨 어처구니 없네요
경주기행,네티즌,6.0,보는 내내 조금 답답하고 짜증은 났는데..부모라면 가족이라면 충분히 이해는 할수있어..그치만! 너무 답답해서 중간중간 승질 났음!
경주기행,네티즌,10.0,신선한 스토리와 연출이 좋았어요.이런 시도가 많아야 한국 영화가 발전할 수 있다고 생각해요.1번쯤은 보길 꼭 추천합니다.
경주기행,네티즌,10.0,역시 믿고 보는 공효진 배우… 네 모녀의 연기 호흡이 너무 좋았어요..!! 간만에 모든 게 탄탄한 영화를 찾은 것 같네요~~.. 티켓값이 아깝지 않은 영화입니다. 같이 보러 간 엄마와 언니도 모두 만족하고 나왔어요ㅎㅎ 웃음과 감동 모두 다 주는 ‘경주기행’ 강력 추천합니다.(이정은 배우와 공효진 배우의 그 장면…. 말해 뭐해… 진짜 최고예요!! 이것만을위해 다시 관람하고 싶을정도로요 ♡♡) 그리고 감독님 팬이 되었습니다 짱최고!
경주기행,네티즌,10.0,배우들 연기도 좋았고 스토리도 좋았어요
경주기행,네티즌,10.0,오랜만에 이런 영화가 나와서 좋네요ㅎㅎ 작품성 + 믿고 보는 연기파 배우들 + 뻔하지 않은 결말 오랜만에 스크린에서 볼만한 제대로된 영화 추천합니다!!
경주기행,네티즌,10.0,웃다 울다 재밋어요 배우들이 연기 잘해요 피해자 가족의 슬픔이 느껴지고 이해가 되요 잔인한 장면 없어서 좋았어요
경주기행,네티즌,8.0,"무명 감독의 영화에 이배우들이 출연을 결정했다는건? 연기 대결, 촘촘함, 각본 자체가 캐릭터들 각자의 매력 잘살림, 그래 15세, 변요한 연기 욕심! 앞으로가 더 기대된다, 반전"
경주기행,네티즌,10.0,진짜 울다가 웃다가 너무 좋은 영화였습니다
경주기행,네티즌,10.0,영화 시작할 때는 이렇게까지 감정적으로 볼 거라고 생각하지 않았어요 뒤로 갈수록 등장인물들의 마음이 하나씩 이해되면서 저도 같이 힘들어지더라고요ㅠㅠ 마지막에는 결국 눈물 한바가지 흘렸네요ㅠ
경주기행,네티즌,10.0,한 장면 한 장면 그냥 흘려보내지 않고 의미가 있는 것 같아서 집중해서 봤습니다
경주기행,네티즌,10.0,요즘 자극적인 영화만 보다가 이런 이야기를 보니까 오히려 신선했음
경주기행,네티즌,10.0,배우들 얼굴에 감정이 다 보여서 대사가 없어도 상황이 이해되는 장면들이 좋았던거 같음
경주기행,네티즌,10.0,요즘 영화관 갈까 말까 고민했는데 보길 잘했어요 ! 오랜만에 만족하고 나왔습니다 !
경주기행,네티즌,10.0,생각할 거리를 던져주는 영화 좋아하는데 딱 내취향이였움
경주기행,네티즌,10.0,이런 영화가 계속 나와줘야죠ㅠㅠ 자극적인 것만 보다가 오랜만에 사람 마음을 건드리는 영화 봐서 좋았습니다.
경주기행,네티즌,10.0,웃긴 장면도 있어서 편하게 보다가 갑자기 마음 후벼파는 장면 나오면 바로 눈물… 감정기복 제대로였어요ㅠ
경주기행,네티즌,10.0,엄마는 참.. 강한존재군요.. 저도 엄마가되었지만 더강해져야겠어요 흑흑
경주기행,네티즌,10.0,가족끼리 보기좋았어요 ㅋㅋ 엄마아빠가 훌쩍훌쩍하셨지만 다들 재밌다고하심요! 잘봤습니다
경주기행,네티즌,10.0,내 딸도 생각나고 내 엄마도 생각나는.
경주기행,네티즌,4.0,몰입해서 볼래야 볼수없는영화. 깊이가 부족한느낌
경주기행,네티즌,1.0,"할머니집 주말 드라마에 나올법한 어설픈 영화개짜치는 캐릭터들, 대사 ..와 이정도로 심각할줄은 상상못했네요 후반에 이상한 억지 감동 짜냈는데 하나도 안슬프고 개그를 의도한 부분도 전혀 안웃기고 수준떨어졌습니다 무슨 초딩 애들이 좋아할만한 레슬링선수 사춘기딸이 날라차기에 암바하고 ㅋㅋㅋㅋ 최종빌런을 돈주고 쉽게도 잡았는데 알리바이 만든답시고 가족여행 가서 다같이 위험에 빠지다 지들끼리 싸우고 딸 화나서 나갔다가 편지읽으면서 억지감동짜고 하.. 이거 진짜 아닙니다 액션,개그,감동을 다 잡으려 했는데 다 하나같이B급 그 이하 영화 티가 났습니다 절대 보지마세요"
경주기행,네티즌,2.0,결정적인 반전이었던 _딸의 행동이… 그렇게 해놓고 어떻게 태평하게 잠들 수 있었을까? 인물들이 그냥 엔딩의 장면을 위해서 꼭두각시처럼 조악하게 움직이는 느낌이었어요 배우들이 연기한게 다른 의미로 대단하다는 생각..
경주기행,네티즌,2.0,"캐릭터 설정이 캐릭터와 스토리에 전혀 녹아드리지 못해 오글거리기만 하고, 쓸데없이 잔인하기만 했던 영화임"
경주기행,네티즌,1.0,호프 이후로 국산 영화는 oTT아니면 안보기로 결정
경주기행,네티즌,1.0,제발 제발 보지 마세요.보는 내내 힘들어요. 말도 안 되는 상황과 완성도...평점에 속으시면 안됩니다.
경주기행,네티즌,4.0,재미없고 어거지 스토리 ..식상함 잘자고왓네유
경주기행,네티즌,2.0,너무 지루함...스토리가 몰입도 안되고 킬링타임으로도 비추천
경주기행,네티즌,2.0,이건 뭐 범죄자에게 복수를 장난으로하듯이 연출나오니
경주기행,네티즌,4.0,너무 웃기지도 너무 무섭지도 너무 슬프지도 않습니다현실성이 떨어져서 몰입하기 어려웠습니다
경주기행,네티즌,6.0,답답해요 아예 코믹하게 간 것도 아니고 신파 울음바다도 아니고 애매해게 답답해서 저는 별로였어요좋아하는 배우들 나와서 봤는데 너무 기대는 하지 마시고 킬링타임용으로 보시면 좋을 것 같아요
경주기행,네티즌,1.0,개연성 제로에 억지스런 연출에 억지감동
경주기행,네티즌,2.0,내 평생 살면서 이렇게ㅜ재미없는 영화는 처음이다내가 이걸 돈주고 극장가서 봤다니!!! 화가난다
경주기행,네티즌,1.0,연기는 좋았으나 그외에는 너무 이도저도아닌 느낌 개연성도 없고 밍숭맹숭하다
경주기행,네티즌,1.0,이정은 연기 돋보임근데 나머지 모든 배우들 연출들이 배우마다 뿜어내는 에너지도 안맞고밸런스도 붕괴되니 보는내내 ㅇㅅㅇ 표정으로 볼수밖에
경주기행,네티즌,2.0,훌륭한 배우들과 연기력만으로 보여주기엔 한참 떨어지는 스토리와 개연성
경주기행,네티즌,1.0,하아... 알바들의 10점평에 속았다ㅠㅠ 배우들마다 기행(奇行)의 향연이 펼쳐지고 총체적 난국인 영화. 도저히 연출을 이해할 수 없다!!
경주기행,네티즌,1.0,살면서 처음 평점남깁니다.웃음 없음억지 있음억즙 많음오디세이 보다 러닝타임이 더 긴줄알만큼 지루했어요..평점 왜 높은걸까요...
경주기행,네티즌,1.0,진짜 개 노잼인데... 원래 평점 안남기는데 돈주고 영화본게 너무 화가나서 평점남기러 옴....알바들한테 속지 말길!!
경주기행,네티즌,1.0,이렇게 재미없는 영화는 처음이네요 인생 처음으로 리뷰를 달아봅니다 시간 낭비만 한 거 같아서 짜증만 났어요오디세이 10번을 봐도 오디세이가 더 재밌습니다
경주기행,네티즌,1.0,오딧세이나 한 번 더 볼껄…
경주기행,네티즌,1.0,진짜 내용이 뭐지 이게 말이되는건가 싶다개연성이 하나도 안맞고 감정이입이나 상황도 이해가안됨판타지로갈거면 그냥 대놓고 판타지로 해라..이게 평점9점이면 대한민국영화계는답이없는거다..
경주기행,네티즌,2.0,기분상하게 만드는 영화...억지내용 차별적 모성애그냥 이런영화는 개봉 하지 않길 기도한다
경주기행,네티즌,1.0,와 영화관에가 보다가 나온 영화는 인생에서 두번째입니다
경주기행,네티즌,2.0,감독이 기생충을 어설프게 따라한것같은..
경주기행,네티즌,4.0,아… 앞으로 국산은 진짜 믿으면 안되겠당
경주기행,네티즌,3.0,살인범이 너무 밋밋하고 이야기 개연성이 별로...공효진 남편은 왜나온거고.. 돈아까운영화임.
경주기행,네티즌,1.0,아직 안봤는데 왜 리뷰 작성이 되는거지?
경주기행,네티즌,10.0,"눈, 귀만 즐거운 영화를 보다가 마음이 즐거운? 영화, 오랜만이예요. 뻔한 스토리 같지만 생각지도 못한 극정인 장면들로 무겁지만 중간중간 웃음 요소도 가족 영화 같지만 보고 나면 생각이 많아지는 영화"
옵세션,실관람객,10.0,관람객
옵세션,실관람객,8.0,관람객
옵세션,실관람객,4.0,관람객
옵세션,실관람객,9.0,관람객
옵세션,네티즌,10.0,여주 연기가 지림 ㄷㄷ 내용도 신선하고 결말까지 미침 어우
옵세션,네티즌,10.0,여주의 실시간 표정연기만으로 10점...백스텝할때 기괴함은 잊을수가 없네
옵세션,네티즌,10.0,찐따의 삐뚫어진 사상이 관계를 죄다 망쳐버림ㅠ
옵세션,네티즌,10.0,사람 마음을 가지고 노는 영화 완전 지렸다
옵세션,네티즌,10.0,왜 해외에서 난리 났었는지 알겠다 궁금해서 바로 뛰어갔는데 올해 최고의 공포 인정
옵세션,네티즌,10.0,이루어지지 않을 사랑을 억지로 만들었을때 어떻게 망하는지 보여주는 영화
옵세션,네티즌,10.0,안녕하세요 미친영화 사랑단에서 나왔습니다 옵세션에게 한마디만 하겠습니다안녕옵세션아사실난너를북미개봉에서부터너무기다렸어한국에서만나니너무재미있고다시는너같은공포영화만날수없을것같아니키베어연기다너무잘해서재미있고감독공포코미디연출다잘해서육각형공포영화실게요진짜내가이영화에집착하게됨
옵세션,네티즌,10.0,영화 보다가 극장에서 소리지른 건 또 처음 ㅎㅋ.. 니키 오늘 꿈에 나올 거 같음
옵세션,네티즌,10.0,심약자 주의하세요 진짜 살다살다 24살인생에서 영화보다가 너무 무서워서 오금이저려 화장실 갔습니다 저한테는 오디세이 호프보다 재밌네요 진짜 보기전에 맘에준비하고 보세요 그리고 여배우 처음봤는데 진짜 연기 겁나 잘하네요 성공할거 같습니다 공포좋아하시는 분들 꼭 보세요
옵세션,네티즌,8.0,나 공포 영화 잘 보는 편인데 이건 진짜 무서웠음. 여주인공 연기력이 소름 돋을 정도로 잘함. 표정 변화도 다양하고 분위기가 너무 오싹해서 꿈에도 나올 듯함. 오싹함을 넘어 심적으로 기가 빨릴 정도였음. 여름엔 역시 공포 영화만한 게 없다.
옵세션,네티즌,10.0,1점 준 놈들은 알바가 확실함. 샤갈 이게? 이 영화가???장난치냐. 지금까지 나온 공포영화는 그냥 바보 만들어버림. 레전드 종결 공포영화. 아니? 미친영화 ㅈ됨
옵세션,네티즌,10.0,존나 무서워요 시이이이이ㅣ벌
옵세션,네티즌,10.0,인생처음으로 영화보면서 살이 떨리고 심장이 떨리는걸 경험함 진짜 영화관 가면 그냥 조용히 평화롭게 감상에 빠지는 편인데 이번 영화는 막 관람객을 흔들어 놓는 느낌임 이게 공포를 표현하는 방식이 단순히 점프스케어에 의존하지 않는 느낌이었음 복잡하게 얽힌 인간관계에서 여주 니키의 감정에 근거해서 괴성을 지르니까 이 여자가 언제 또 감정이 터져서 나를 놀래게 할지가 보일때가 공포임 나를 언제 놀래킬지는 뻔하게 보일 정도로 다 알려주는데 어떤 방식으로 내 생각보다 얼마나 더 과격하게 날 놀래킬지가 공포였음 결국 이 압도감이 계속 축적돼서 나중에 가서는 니키가 소리지를때 나도 조용히 소리 지름(약간 립싱크 느낌으로) 스토리는 단순하지만 단순한 스토리를 있는 그대로 체험 시켰다는 것에서 새로움 주인공이 느끼는 소름끼침이 나에게 온전하게 전달됨 주변 친구들이 느끼는 감정도 온전하게 전달됨 이게 또 영화를 대충 보면 단순하고 그저 퍼포먼스용 영화네 하고 넘길 수도 있음 근데 영화에서 은근 디테일이 많음 특히 여주의 행동이 왜그랬는지에 대한 다양한 해석이 가능하도록 하는 장치가 많다고나 할까 그래서 나중에 곱씹어 보는 재미까지 챙겨줌 근데 리뷰영상에서 니키 나오는 것만 보면 후유증 와서 잠을 못자겠드라 결국 침착맨 아저씨 삼국지 이야기 들으면서 겨우 잤음 체인소맨 래제와 사펑 루시와는 차원이 다른 후유증임 그둘에게는 미안하지만 진짜 에버랜드 티익스프레스랑 막 공중에서 회전하는 해괴망측한 놀이기구 타도 나는 아무렇지 않고 하하하 재밌다 이런 느낌인데 이번 영화는 진짜 티익스프레스니 자이로드롭이니 그런 놀이기구보다 5배이상은 더 소름끼치고 도파민 싹돌고 정신 나감 ㄹㅇ 이제 나의 호들갑은 여기까지 하겠음 다들 재밌는 영화 관람 하시길
옵세션,네티즌,10.0,여주 진짜 미친듯(P) 기대했던 것만큼 기괴하고 소름돋고 재밌었음!
옵세션,네티즌,10.0,진짜 신선하다 미친 영화임
옵세션,네티즌,10.0,보다가 정신병 걸릴뻔 했다
옵세션,네티즌,10.0,최근 본 영화중 탑 호불호 적을듯함 소재도 신선하고 찐 선발대임 믿고 ㄱㄱ 7월에 나홍진에게 당하신분들은 치유하시길
옵세션,네티즌,10.0,귀신이니 뭐니보다 역시 사람이 제일 무서워 ㅋㅋ 연기를 너무 잘해서 섬득하고 무서웠네요.
옵세션,네티즌,10.0,유명한 영화엔 이유가 있는 법. 도파민을 좇는 자들을 위한 요즘식 호러 무비. 음굿~
옵세션,네티즌,10.0,팝콘 쏟는다는 말.. 그냥 과장이라고 생각했는데 찐이었어요
옵세션,네티즌,10.0,오디세이보다 잼있네.
옵세션,네티즌,10.0,이게 재미없다는 사람들은 그냥 앞으로 공포영화 보지마라.
옵세션,네티즌,10.0,한국영화는 보기 싫어집닙다. 같은 가격에 이정도 퀄리티 영화를 볼수 있다는 것에 마음이 달라지고 과거 한국영화를 극장에서 돈누고 보는게 너무 쪽팔리고 아깝네요. 와일드씽.... 잊을 수 없습니다. 상업적으로 보자면 이영화는 정말 재밌습니다.
옵세션,네티즌,10.0,오랜만에 진짜 재밌는 공포영화였다여자친구 트라우마 생길 듯
옵세션,네티즌,10.0,기대 이상 기대 이상!!!
옵세션,네티즌,10.0,스마일보다 무서운 영화 처음봤음 // 알바아님
옵세션,네티즌,8.0,"얕은 설정,스토리라인 ..그걸 커버하는 소름돋는 연기 10점은 아니고 딱 8점이 적당한듯 7점 뷰터는 좀 짜다 영화 내내 구도때문에 다음이 예상되지만 그래도 소름돋더라구요 약간 뻔하긴해요 ㅜㅎ스릴러물 좋아하시고 많이보신분들은 다소 아쉬울순있을듯..! 그래도 여쥬 연기 때문에라도 보세요..ㅋㅋㅋ"
옵세션,네티즌,10.0,그러게 왜 분수에 맞지도 않는 여자를 가지려고 했니…
옵세션,네티즌,9.0,와..아니 구라 안 치고 패닉 올 뻔함 잔인한걸 잘 보는데도 불구하고 후반부쯤에 진짜 미치는줄 역시 귀신보다 사람이 무섭다
옵세션,네티즌,10.0,제발 보세여 제가 이런말 안하는데 진짜 무섭고 전개도 시원하고 강약조절 쩌러요
옵세션,네티즌,10.0,연애하고 싶은 감정이 사라지는 재밌는 영화였습니다...
옵세션,네티즌,10.0,미친 영화 또라이 영화 정신병올것같은 영화
옵세션,네티즌,10.0,연기와 사운드가 전부인데 진짜 개지립니다
옵세션,네티즌,9.0,"웬만하면 관람평 안 쓰는데 2026년, 아니 최소 2020년 이후 최고의 공포영화입니다 ㅋㅋㅋ 재미없다는 평들은 다른 영화 알바인 거 같아요. 제작비의 660배 수익 났다는거 보고 어느 정도일까했는데 그 정도 벌었을만 함"
옵세션,네티즌,10.0,여주 연기 개미쳤는데.. 초반에 알바들이 점수 떨구네 ㅠ
옵세션,네티즌,10.0,귀신보다 사람이 무섭다는 말이 괜히 있는게 아냐..
옵세션,네티즌,10.0,애처럼 귀 막고 본 공포영화는 이게 처음이다
옵세션,네티즌,10.0,김포공항 롯데시네마에서 봤습니다 끝나고 롯데몰에서 속옷샀습니다
옵세션,네티즌,10.0,2시간 가까이 되는정신병 멘헤라 영화..
옵세션,네티즌,10.0,올해 2026년에 본 공포 스릴러 장르중에 가장 원탑이라고 생각합니다! 무섭고 기괴하며 소름끼치네요ㅋㅋㅋㅋ강추에요!
옵세션,네티즌,10.0,"골치 아픈 빽룸 보다야 훨 낫다.영화에 있어서 제작비 보다는, 재기 발랄하고 신박한 아이디어가 완성도를 보여 주는지 증명해 주는 영화.무명때 가이 리치가 그랬고, 무명때 놀란이 그랬다."
옵세션,네티즌,7.0,너무 무서워서 경기 일으킬 뻔 했어요
옵세션,네티즌,10.0,저 영화 평점 첨 써보는데 꼭 보십쇼이른 시간 사람 없는 영화관에서 봤는데 지릴뻔 했어요 ㄹㅇ
옵세션,네티즌,10.0,보는 사람에 따라 두 주연 캐릭터에 대해 입장이 갈릴 수도 있어서 오히려 재밌음 ㅋㅋㅋ 확실히 무서운데 웃음나오는 구간도 있고 공포영환데 공포 못보는 사람도 코드만 맞으면 볼수 있는? 암튼 신기한 영화임 다른거 다 빼고 순수 재미로만 판단해봐도 재밌음
옵세션,네티즌,8.0,찐 공포를 보고싶다면 이거다
옵세션,네티즌,10.0,보는 내내 니키가 무서워 죽는 줄 알았다.. 일단 진정 좀 해봐
옵세션,네티즌,5.0,재미없었어요... 갑툭튀만 많고
옵세션,네티즌,2.0,영화보는 동안. 짜증나고 스트레스 받고 남자 당답하고 OO같고. ㆍㆍ
옵세션,네티즌,2.0,연기는 좋았으나 초반부터 끝까지 소리지르고 갑자기놀래키는게 너무 심함. 스트레스 지수 100. 집착이 공포인 건 알겠음.
옵세션,네티즌,10.0,스릴러 영화 원래도 좋아하는데 오랜만에 진짜 무서워 하면서 본 듯 그냥 갑툭튀 언제 나올지 몰라서 무서운 영화가 아니라 소름끼치고 기괴한 연기와 분위기가 좋았다
옵세션,네티즌,10.0,"와 왠만하면 관람평 안남기는데 남자주인공 정말 한대쥐어박아주고싶었음 처음부터 끝까지 절절매는...비겁하고 용기없는자의 말로...그리고 저예산인데 그에 비해 이익이 높다고 유명하던데 이해가감. 여주인공의 연기로 모든 걸 캐리한 영화임. 놀란이 놀랄만도함. 블룸하우스 실망시키지않는다. 다만 여자라면 공포스럽기보단 그렇게 되어버린 여자주인공에 점점 이입되서 슬퍼서 보게되고 공포보단 분노가 남고, 남자들은 아주 역하다는 평을 남기며 공포에 많이 떨었음. (결론: 여자인 본인은 무섭지않았음 그저ㅠ여주가 안타까웠을뿐) 여자남자 느끼는 바가 아주 심할 영화인듯. 선택받는 입장에 놓여져 일상인 여자들에겐 여자에게 이입되고 남자여도 스토킹이나 인기때문에 시달려본 남자라면 공감할만한 영화. 누군가를 짝사랑만 해본 남자입장에선 이만큼 공포스러운 영회는 없을듯. not me라고 같이 찍은 사진에 적어놓은 여주 메세지나니키는 잠들어있다고 제발 죽여달라고 애원하는거나정신이 잠깐 돌아올때 미치는 모습이나...주인공이 없을때 공백을 뭘로 채웠을지 보여주지않는동안여주인공은 어떤 공포와 두려움에 떨었어야했을까 생각이 들었고, 주인공이 떠나서야 지리는 장면과그 자리를 벗어날 수 없어서 배변조차 자유롭지 못한현실적인 그 상황자체가 미칠듯이 끔찍하고 불쌍했음.여자에겐 왠 찌질한 남자때문에 저주에 걸린 것.남주: 날 사랑하게 해달라했지 왠 집착미친년으로 만들어달래? 난 그만큼 아니야. (진심으로 좋아한다 사랑한단말 여주한테 한적 없는 것 소름)여주: 어떤 애한테 남들한테 잘해주듯이 호의를 베풀었을뿐인데 짝사랑시전하더니 제대로 고백도안하고 소원이랍시고 내의지와 관계없이 찌질남이랑 24시간 함께하고 사랑한다하고 섹ㅅ까지 하고 좋다고 해야함..여주인공 연기가 영화의 9할이었다.베어 정말 대갈 구멍 하...못참겠다내가 그 여주인공도 아닌데 너무 억울하고 토나올것같고분해서 영화 끝나고 진짜 화때문에 부들부들거려서한참앉아있었음. 아직도 여운이 안가서 평 남김...."
옵세션,네티즌,10.0,감독머리를 열어보고싶다
옵세션,네티즌,10.0,"개멘헤라 영화,, 이게 사랑이 아니면 뭔데!! 존잼 개무서운데 진짜 너무 재밌어요"
옵세션,네티즌,9.0,이런장르를 잘 못보는 초심자이긴해도..초중반 살짝 루즈하긴한데 그래서 긴장놓고있다가 된통당했네요.줄거리는 뻔한 B급이지만 집착이라는 주제를 심플하게 전달해서더 공포였던거 같아요 ㄷㄷ종아리부터 팔까지 소름이 진짜 쫘~악 올라오는 경험은 난생처음 입니다.러닝타임도 2시간이라 적절했어요.
옵세션,네티즌,10.0,"와 근래본 영화중에 '영화'같은 영화인 탑3안에 드네요..기존 서양식 악귀, 악마, 유령 공포 하나도 무섭지도않고 유치하고, 동양식 귀신도 너무뻔해서 재미없었는데 옵세션은 점프스퀘어가 있긴한데 예상이 아예안돼서쫄깃한영화입니다. 왜 미국에서 대박난지알듯합니다 남주 여주 ㄹㅇ 연기 진짜 미친듯이 잘함"
옵세션,네티즌,10.0,제가 영화 평가 절대 안 남기는데 이렇게 소름끼치고 무서웠던적 처음이에요 꼭 보세요 공포영화 많이 보고 다니느데 이번꺼는 좀 무섭네요 아직도 소름돋네요
옵세션,네티즌,10.0,간만에 몰입하면서 본 영화
옵세션,네티즌,10.0,전혀 기대를 안하고 봤는데 좋았음보는동안 역시 블룸하우스란 생각이 많이 들었고 특히 연출....느슨함과 몰입의 강약조절을 참 잘했단 생각이 듦어쩌면 예측 가능한 주제이기에 어느정도 시나리오를 예상하고 봤지만 예상을 뛰어넘는 기발한 스토리도 좋았음 오랜만에 공포영화다운 공포영화를 봤음 웬만한 공포영화 안무서워하고 오텁시 오브 제인 도 다음으로 손에 꼽을 수 있을 정도로 강약조절이 공포를 잘 느끼게함. 배우들의 연기와 배경음악도 한 몫함 만족스러웠음!!!
옵세션,네티즌,10.0,와.. 연기력 미쳤다.. 엄청 무서운데 또 너무 연기를 잘해서 또 보고싶은?? 무슨 매력이지 이게.... 인생영화가 돼버림...
옵세션,네티즌,10.0,짱재밋다엄청재밌어요!!!
옵세션,네티즌,10.0,옆사람이 보기 힘들대서 중반까지 보다가 나왔는데 너무 웃음나왔어요 진짜 멘헤라물이나 안정형인 사람들이 꼭 봐야하는 영화
옵세션,네티즌,10.0,공포영화 잘보고 많이 봤는데 하나도 기대 안하고 갔다가 손발땀 질질나면서 봤습니다..아 니키 연기 너무 잘한다 아직도 개무섭다호기롭게 심야봤다가 무서워서 집 못가고 PC방와서 리뷰 씁니다정신건강에 해롭긴한데 추천합니다....무섭습니다
옵세션,네티즌,10.0,존 너 재밋다진짜말이안된다
옵세션,네티즌,10.0,"연인간 사랑한다는 명분하에 행해지는 스토킹범죄를 공포 장르로 잘 풀어냈다. 두시간동안 스토킹 피해자들이 겪는 공포를 간접적으로나마 경험해본 기분. 엔드 크레딧이 올라가는 순간, 온몸에 진이 빠진다."
옵세션,네티즌,10.0,인생 공포영화....
옵세션,네티즌,8.0,"인디 네버레티라는 이름을 확실하게 기억하게 됐다. 팽팽하게 당겼다가 다시 느슨하게 풀었다가, 정석과 같은 흐름이지만 분명히 특별함이 있다. 마냥 무섭게 몰아치는게 능사가 아님을 알려주는 호러 명작"
옵세션,네티즌,10.0,공포영화 보면서 소름 돋아본 건 처음
옵세션,네티즌,10.0,연애하기 무서워질 정도로 공포감이 다가왔음.평소 공포영화 다 노잼이였는데 ㄹㅇ 공포..약간 트라우마 남을 것 같애요....ㅋㅋ
옵세션,네티즌,10.0,오랜만에 온몸이 굳어지는 경험했음
옵세션,네티즌,10.0,진짜 왤케 무섭냐역시 사람이야기가 제일 무섭다주인공이 답답하긴한데 애초에 지능이 낮다는걸 계속 보여줘서 괜찮았음
옵세션,네티즌,10.0,와우~영화 넘 특이하고 강렬합니다 ㅋ이게 무슨 공포야??? 이러고 보다가 반전ㅋㅋ'사랑은 억지로 되는게 아니다'라는 교훈을 주네요~ㅎ
옵세션,네티즌,10.0,집으로 돌아가는 길 걷는 내내 애써 진정시키며 갔어요…
옵세션,네티즌,10.0,여자주인공 연기 미침;;;; 진짜 재밌어요
옵세션,네티즌,10.0,공포 영화 별로 안 무서워하는데 ㄹㅇ 무서워요
옵세션,네티즌,10.0,근래 본 공포영화중 제일 재밌다고 생각되네요
옵세션,네티즌,10.0,막대와 함께 부러진 진심과 진실
옵세션,네티즌,9.0,지금까지 공포영화를 보면서 깜짝깜짝 놀란적은 많았어도 심리적 압박을 느끼며 본게 정말 얼마만인가 싶다.
옵세션,네티즌,10.0,"최고와 최악을 담은 공포영화.최고로 감탄했고, 최악으로 스트레스를 준다. 그래서 내 인생에서 가장 고통스럽게 관람한 영화다. 더는 괴로워서 그만 보고 싶다는 생각이 들 정도로 나를 몰아붙이는 영화였다.영상미와 심박수를 높이는 사운드의 구성, 잔인함과 무력감에서 오는 거대한 공포는 영화관을 나서는 순간까지 최고의 감탄과 설렘, 그리고 공포심을 남겼다.특히 사운드와 화면 구도를 통해 클리셰적인 예측을 하게 만들지만, 그 예측은 번번이 틀릴 것이다. 그리고 그 ‘틀림’이야말로 이 영화가 최고인 이유가 아닐까 싶다."
옵세션,네티즌,10.0,살면서 이렇게 기괴하고 소름끼치는 영화는 처음봅니다. 귀신 하나도 안나오고 이렇게 등꼴이 오싹할 수 있군요
옵세션,네티즌,10.0,아 이게 공포고 호러지 만족맨
옵세션,네티즌,10.0,미친영화 미친영화 미친영화
옵세션,네티즌,8.0,흥미롭게 잘 밨어요- ~~굿
옵세션,네티즌,10.0,"여주 연기도 너무 잘하고 연출도 진짜 잘하는데너무 무서워서 보다가 집에 가고 싶었어요,,,,"
옵세션,네티즌,10.0,진짜 깜짝놀란장면 한곳있음 잼게봄
옵세션,네티즌,10.0,최근본 공포영화중 가장 깔끔한 기승전결
옵세션,네티즌,8.0,도대체 무슨 짓을 벌인거야
옵세션,네티즌,10.0,제인생 최고의 공포영화 등극했습니다 겟아웃 이후 10년만의 감동 。。。
옵세션,네티즌,10.0,보다가 소리질렀어요..진짜 무서움
옵세션,네티즌,10.0,이건 봐야합니다. 공포의 대상이 제일 안쓰러운 영화. 영화관을 떠날 때 무서운게 아니라 복잡한 마음
옵세션,네티즌,10.0,평점 처음 남겨보는데 진심으로 살면서 본 공포영화 중에 제일 무서웠음..
옵세션,네티즌,10.0,미쳤네 진짜로 도망가고 싶었음
옵세션,네티즌,9.0,간만에 진짜 제대로 무서운 영화를 봤다...
옵세션,네티즌,10.0,사시나무 떨듯이 떨었음... 너무 무서움
옵세션,네티즌,8.0,"올 해 충격적인 흥행을 일으킬 만 한 영화다. 아이디어가 반짝이다 못해 번쩍인다.평범한 집착 스릴러 영화인 듯 하지만, 신인 감독의 패기와 마지막 반전이 영화 전반을 재평가 하게 만든다. 영화를 전혀 찍어 본 적이 없는 19세 신인 감독한테 메가폰을 맡긴 제작사도 칭찬!"
옵세션,네티즌,10.0,미쳤다라는 말 밖엔...
옵세션,네티즌,8.0,깜놀 포인트가 잇어요니키 연기가 다시 보고싶은데 무서워서 못보겟어여
옵세션,네티즌,10.0,제대로 만든 공포 영화 그 자체 집 근처 상영관이 없어서 밤 늦게 봤는데 잠이 싹 달아날만큼 초집중 몰입도 최강의 공포 완전 푹 빠져서 봤음 연출 배우 스토리 영상 모두 완벽
옵세션,네티즌,10.0,진짜 간만에 영화다운 영화본듯한 느낌
옵세션,네티즌,10.0,역작 말로 표현 안할게요 그냥 보셈
옵세션,네티즌,9.0,공포 장르 못보는 겁쟁이도 충분히 볼 만함! 이런 장르를 많이 안봐서 그런 걸 수도 있는데 신선한 느낌이었다.
옵세션,네티즌,10.0,스토리와 연출이 훌륭하면 큰돈 안들이고도 영화 만든다
옵세션,네티즌,10.0,많은 호러영화를 봤지만... 이토록 진심으로 우러나오는 비명은 니키가 처음이다.
옵세션,네티즌,10.0,귀신나오는 영화는 안무서워하는디 이건 뭔가 여운남는다해야하나 기분이 좀 이상함
옵세션,네티즌,8.0,주인공 이새끼 책임도 지지 않음 서 그딴 소원 왜 빌어가지고ㅡㅡ 간만에 재밌게 봄
옵세션,네티즌,9.0,니키역 맡은 배우분 연기를 정말 잘하세요내용은 별거없는데 갑툭튀랑...연기로 승부본거같아요볼만해요 뒤로걸어가는 장면은 진짜 최고아쉬운건 광고에 있는 내용이 전부라서...재밌는 장면은 숏폼으로 다 나왔어요숨겨진 뜻?찾아보고 보면 또 다른 재미가 있을거에요알고보는거랑 모르고 보는거랑 완전 달라요고어요소 있으니 주의하세요
옵세션,네티즌,10.0,올해 본 공포영화중에 제일 무서웠어요ㅋㅋㅋ내용도 너무 신박하고 재밌어요!!!!
옵세션,네티즌,10.0,중간중간 여주괴성발성 과 기괴한몸짓 연출 연기력 좋았다!!
옵세션,네티즌,10.0,보다가 무서워서 똥 쌀뻔함 보기전에 똥 싸고가는거 추천
옵세션,네티즌,10.0,"최고의 공포도. 신선한 공포를 느낄 수 있음.단, 영화를 보다보면 저 세계관에는 경찰이 존재하지 않는 건지 의문이 듦.."
옵세션,네티즌,10.0,진짜 존나무섭네 살목지 하나도 안 무서웠느네 이구 레잔드개처무서움진짜
옵세션,네티즌,10.0,여주 연기 잘해요. 존나
옵세션,네티즌,10.0,"와... 너무 잘 만든 웰메이드 영화에요.. 이건 단순한 공포가 아니라 스토리랑 연기자분 연기, 영화가 주는 메세지, 효과음 BGM 까지 모든게 정말 탄탄한 하이 퀄리티 영화입니다.. 웬만하면 추천 잘 안 하는데 완전 추천합니다.2시간이 지나가는지 정말 모를 정도로 몰입해서 봤습니다... 올해 최고 영화인 것 같아요b"
옵세션,네티즌,10.0,정말 많이 무서워요ㅠㅠ
옵세션,네티즌,10.0,와………..살면서봣던거중에 제일무섭다
옵세션,네티즌,9.0,처음에 별로 무섭진 않은데 하고 보다가 중반부터 소름 돋았어요. 연출 이런게 평범하지 않았던거 같고 그래서 더 몰입되서 봤내요.
옵세션,네티즌,10.0,나 알바 아닌데 근 3년 간 본 영화 중엔 제일 무서웠다(1위는 유전임ㅎ)
옵세션,네티즌,10.0,"남주가 찐따에 개OO이고 여주랑 주변 친구들만 불쌍함.여주 표정연기랑, 우는 척 내는 목소리가 기괴해서 보는 내내 눈감고 귀 까지 막을 정도로 무서웠음. 배우들이 연기를 굉장히 잘함.첫 공포영화인데 성공적이었다"
옵세션,네티즌,10.0,그냥 올해의 공포영화 진심
옵세션,네티즌,10.0,진짜 간만에 재밌는영화 봤네요
옵세션,네티즌,10.0,연애는 함부로 하는게 아니다.
옵세션,네티즌,8.0,레전드 정병 멘헤라 와 사귄다면?
옵세션,네티즌,8.0,멘헤라 전 여친이 생각나는 압도적인 호러영화
옵세션,네티즌,10.0,공포영화 별로 안좋아하는데…와우
옵세션,네티즌,1.0,솔루션이 뻔한데 파국이 일어나서야 찾는 답답함
옵세션,네티즌,5.0,"'집착'이라는 소재는 신선했으나, 뻔히 예상가는 B급 호러 무비"
옵세션,네티즌,9.0,여주 연기력 미쳤다.. 근래 본 공포영화 중 압도적인 1등. 댓글 알바 아니니까 믿고 봐라 진짜 이거 영화관에서 봐야한다.
옵세션,네티즌,1.0,0점은 없나요 별점 너무높아서 신기해서 와봤음이게 무슨영화인가.. 멘헤라가 오면 이렇다 보여주는거같기도하고
옵세션,네티즌,4.0,여주 노력이 가상함무섭게 하랴는 부분이 어이가 없어서 웃겼음귀여운 부분도 있음오디세이 볼 걸
옵세션,네티즌,2.0,걍 무섭기만 하고 감동이니 뭐니 아무것도 없음 댓글 알바들 뭐지
옵세션,네티즌,1.0,돈아까워 ㅜㅜ 여자주인공 소리지른거 너무듣기시름
옵세션,네티즌,1.0,개연성도 이상하고 답답하고 떡밥 회수도 안되고 무엇보다 좀 시끄러운게..호불호 많이 갈릴 영화. 지루하진 않지만 그렇다고 흥미진진하지도 않은 딱 여주 연기가 최강인 영화 결국 이건 약에 대한건지 무엇인지 명확히 나오지도 않아서 어려움
옵세션,네티즌,1.0,귀신 이런건하나없네용
옵세션,네티즌,3.0,"미국판 얀데레, 그냥 남주가 개답답하고 용기없는 찐따. 가식적 친구 OOO건 사이다,남주의 찌질한 욕심으로 모든 사람의 인생을 망침.(연기는 굿!)"
옵세션,네티즌,9.0,연기 진짜 미쳤다 무섭고 신선하고 재밌네
옵세션,네티즌,9.0,간만에 OOO 영화 ㅋㅋ 개봉했네 ㅋㅋㅋ 많이들 잡으시길 기대 없이 갔다가 뒤지니까.
옵세션,네티즌,8.0,섬뜩하고 혐오스런 이 죽일 놈의 사랑
옵세션,네티즌,8.0,사람이 무섭고 모든 소원은 신중하게
옵세션,네티즌,10.0,"미국에서 인디 네버레티를 오스카 여우주연상 후보에 올려야 한다는 말이 나올 정도로 극찬을 하는 걸 보고 '대체 어느 정도길래...'하고 봤는데, 빈말이 아니라 정말 미친 연기력이었다. 단순히 집착해서 미쳐 날뛰는 역할이 아니라 상당히 복잡하고 어려운 역할인데 그걸 완벽하게 연기했음."
옵세션,네티즌,10.0,"주인공의 찐따감성이 감정이입이 되서 영화보다가 정서적으로 PTSD 올거같았다;; 과연 개봉즉시 여주를 마블측에서 엑스맨으로 캐스팅할만큼 인상적인 연기,연출 정말 지렸음ㅠㅠ"
옵세션,네티즌,8.0,사랑과 로맨스는 다른거야
옵세션,네티즌,10.0,매우 재미있고 의미가 많은 작품
옵세션,네티즌,10.0,이 영화를 보고 소원을 빌 때 스크립트를 짜고 있습니다.. 연금복권 720+ 제 331회 1등 당첨되게 해주세요 보다가 팝콘 쏟음 공포영화 자주 봐서 뭔가 나올 타이밍 잘 안다고 생각햇는데 이건 오 이제 나오겠군ㅋ하면 안 나오고 나오겟냐?하면 나와서 마음이 힘들엇습니다...
옵세션,네티즌,3.0,과대평가가 있는 듯하다. 제목 그대로 '집착' 이란 단어를 연상했을 때 생각할 수 있는 그대로의 스토리가 펼쳐진다. 얕은 설정과 스토리를 감추려 수위높은 불편한 장면만 관객에게 보여준다.
옵세션,네티즌,2.0,국가공인장ain 박준성도 실망한 영화
옵세션,네티즌,2.0,강박이랑 무슨 연관인지 모르겠고 무섭지도 웃기지도 않다. 한번은 놀람.
옵세션,네티즌,4.0,솔직히 감독이 뭘 이야기하려는지 잘 모르겠다 주인공의 악의 없는 소원 하나가 그렇게 처참하게 단죄받을 죄인지도 오르겠고 그 엄청난 부작용 많은 소원을 파는 악마들 같은 상인들은 무슨 단죄를 받았을까?
옵세션,네티즌,5.0,보다가 잘 뻔했는데 후반부의 어떤 한 장면부터 정신 차리고 좀 집중해서 봤네요 ott로 풀리면 볼 정도인 것 같아요~
옵세션,네티즌,8.0,단순하게 깜짝놀라게만 하는 공포와는 다르게진짜 공포를 느끼게 하네요 ㅎㅎ용기없는 자의 장난처럼 빈 소원이 감당할 수 없는 후폭풍을 불러오고...그 과정에서의 남주입장에서의 공포와여주입장에서의 공포가 너무 와닿았어요
옵세션,네티즌,8.0,기대 안하고 갔는데 겁나 깜짝 깜짝 놀람. 최근 괜찮은 호러물 없었는데 괜찮았음. 소재도 신선했고 만족스럽.이런 영화 또 나왔음 좋겠.
옵세션,네티즌,10.0,여주 연기 미쳤고 너무 재밌게 봄
옵세션,네티즌,10.0,모든장면이 무섭고충격이었음근데 진짜 꿀잼임
옵세션,네티즌,10.0,아너무무서워요개무서워요
옵세션,네티즌,8.0,여주 하드캐리 옛날영화 느낌 갬성좋네요
옵세션,네티즌,10.0,ㄹㅇ 공포영화 잘보는편인데 너므 무서워서 방구뀜
옵세션,네티즌,8.0,무서운걸 떠나서 남자의 욕망 때문에 친구들 모두 피해보는 느낌인 영화
옵세션,네티즌,8.0,자유의지를 박탈당한 채 ‘관계를 당하고 사랑을 강요받는‘빈 껍데기를 품에 안고서는 괴로워하는 여자를 보며 ”날 사랑하지 않느냐“ 묻는 비열한 남자의 소유욕 결국 진짜 집착은 니키가 아닌 베어이지 않을까
옵세션,네티즌,10.0,정말 소름끼치는 연기력.. 강추입니다
옵세션,네티즌,10.0,진짜 이건 직접 봐야 됨 혼자 공포게임하고 무서운 거 자주 보는데도 오바 1도 안 보태고 진짜 영화관 나가고싶을 정도로 너무 무섭고 기괴하고 불쾌했어요…. 재밌는 것도 재밌는 건데 진짜 너무 무서웠음 연기 ㅈ되고 mz감독이라 연출 신선하고 너무 좋았습니다…
옵세션,네티즌,10.0,솔직히 지금까지 본 공포 스릴러 영화들은 다 뻔하고 깜놀요소 밖에 없어서 이 영화는 다를까 의구심을 품고 봤습니다. 일단 스토리도 너무 잘 짰고 진짜 두려움이라는 것을 느끼게 한 첫 번째 영화였습니다. 체고.
옵세션,네티즌,10.0,볼 때는 엄청 긴장하면서 봤는데 다보고나서는 여주인공이 너무 불쌍했음
옵세션,네티즌,10.0,"공포영화를 좋아해서 혼자서도 자주 보러다니는데요수많은 공포영화 중에서도 유일하게 인정하는게 유전이었는데 이 영화 유전과 동급입니다.유전이랑 같이 인생 투탑 공포영화입니다기괴함과 불쾌감, 일상에서 일어날 법 한 스토리에서 오는 엄청난 ptsd"
옵세션,네티즌,10.0,무서워도 이건 너무 무서움
옵세션,네티즌,10.0,아우 같이 보러간 엄마는 별로라고 하시는데 저는 너무 무섭고 재밌었어요 … 초반엔 좀 지루했는데갈수록 ;; 후;;; 여주분 연기 미쳤고…. 중간에 찐텐으로 경악하게 만들고 …. 알바 전혀아닙니다 .. 근데 호불호는 갈릴수 있을것 같네요. 그리고 효과음이 너무 커요 심장 떨어지는줄 알았네 정말
옵세션,네티즌,8.0,짜식이 소원을 디테일하게 빌었어야지 ㅉㅉ 너 때매 소원 빌 때 변호사 데리고 할겨
옵세션,네티즌,10.0,공포 마니아로서 국내 개봉 손꼽아 기다렸는데 날 실망시키지 않음.... 소원은 함부로 빌지 말고 음침한 소원 빌지도 말자 ㅋㅋ ㅋ
옵세션,네티즌,10.0,너무 무섭고 재미있게 잘 봤습니다! 여배우 연기력 미쳐버렷 ㄷㄷ
옵세션,네티즌,9.0,어른판 마라맛 전천당. 주의사항은 제발 잘 좀 읽자. 그래도 콜센터는 서브스턴스보단 친절하더라.
옵세션,네티즌,10.0,지렸다...예상을 뛰어넘는다
옵세션,네티즌,8.0,안본 영화가 없틀정도로 공포마니아입니다. 오랜만에 영화보고 나와서 소름이 집갈때까지 돋을정도로 재밌었네요 여주인공 연기 진짜 괴랄합니다.갑자기 여자가 싫어실 정도로 괴상합니다.
옵세션,네티즌,10.0,여주 연기력 미쳤다역대최고의 공포영화 숨막힐정도
옵세션,네티즌,10.0,덜덜 떨면서 봤습니다 마무리도 깔끔합니다
옵세션,네티즌,10.0,그냥 조금 소변을 지렸을 뿐이에요
옵세션,네티즌,10.0,진짜 공포영화 좋아하는데 근 몇년동안 본영화중에 탑3안에듭니다
옵세션,네티즌,10.0,요즘 신예 감독들 미쳤네 주연들 연기도 충격이었다. 점프스퀘어가 불쾌하게 많은 것 빼곤 완벽한 작품 공포영화라서 저평가 되지 않았으면 좋겠다
옵세션,네티즌,10.0,정말 뻔한 이야기를 이렇게 흥미있게 만든 감독과 여자배우에게 찬사를 보냅니다
옵세션,네티즌,10.0,공포 영화 찾아서 즐겨보는데 등골이 오싹한 감정 정말 오랜만이었음. 완전추천함!!
옵세션,네티즌,10.0,살면서 진짜 무섭다는 공포 영화 볼 때 마다 이게 뭐가 무섭지 했는데 이건 진짜 무서웠습니다수녀 귀신이나 무당 이런 건 믿지 않아서 그런가 걍 다 별로 였는데 이건 주변에 있을 것 같은 느낌이라무섭다고 느낀 것 같아요 역광을 통한 연출로 주인공 얼굴이 안 보이게 한 건 더 무서웠구요 연기력이 지려가지고 끝나자마자 화장실 가서 팬티 갈아 입었습니다. 노잼이라고 안 무섭다고 댓글 단 사람은가오가 좀 심하거나 알바인 것 같고 저는 27살쳐먹고 공포영화보다 무서워서 나가고싶다는 생각 첨 들었습니다. 그리고 여친이 저 잘 때 자는거 서서 구경하겠다 했는데 도망가야 하나요?
옵세션,네티즌,8.0,남자 잘못만나 인생 조진 케이스의 끝판왕....
옵세션,네티즌,10.0,연기미쳤다..진짜진짜미쳣다
옵세션,네티즌,10.0,무조건 보세요. 강추합니다. 알바 같은 거 아님. 그야말로 간만에 반짝반짝거리는 신예의 등장이다. 한국영화가 죽쑤는 동안 미국은 이다지도 엄청난 데뷔작이 등장했다니...
옵세션,네티즌,9.0,찌질남과 잘못된 소원!여주의 기괴한연기 남주의 찌질하면서도암튼 공포매니아는 필수영화가될듯!추천합니다!
옵세션,네티즌,9.0,어우..극장에서 소리지를뻔
옵세션,네티즌,8.0,집착엔 거울 치료가 딱이야.
옵세션,네티즌,10.0,여자 주인공 연기가 너무 미쳤어요!
옵세션,네티즌,6.0,엉성함은 많이 보이지만 이제 첫발을 땠으니 이름은 기억해 두겠다 감독
옵세션,네티즌,9.0,사랑은 이루어지는것 보다 지켜가는게 더 힘들다! '사랑해'라는 말이 이렇게 무서운 말이었나? 미저리는 나이팅 게일 수준
옵세션,네티즌,10.0,개개개쳐무서움 공포영화 보면서 ㄹㅇ 소름 돋아서 추은거 처음이었음.
옵세션,네티즌,10.0,살다살다 영화보다 포기한 영화는 처음 스토킹이 이렇게 무서운거구나 깨달음
옵세션,네티즌,10.0,"재밌어요 겟아웃, 유전, 미드소마 등등 이런 기괴한 영화 좋아하면 재밌게 볼 영화에요그 대신, 커플이라면 둘 중 하나가 멘헤라다?한명이 이 영화보고 잠깐 거리를 둘거에요..아무튼 전 재밌게 봤습니다"
옵세션,네티즌,10.0,스토리도 괜찮고요! 곧 나올 놀래키는 장면이라는걸 알면서도 엄청 쫄면서 봤습니다 ㅠㅠ 오랜만에 돈값하는 공포영화봐서 기분 좋고 재밌었습니다 ???( ? ·? ? )
옵세션,네티즌,8.0,집착과 광기로 사로잡아버린 이 영화는 새로운 호러 퀸의 탄생과 미친 신인감독을 알렸다.
옵세션,네티즌,10.0,
옵세션,네티즌,10.0,"올해 본 공포영화 중 제일 무서웠어요 관람평이 많지 않길래 큰 기대는 안 했는데 재밌고 무서워요... 역시 귀신보단 사람이 무섭습니다 여주 연기 아쥬 잘해요 다들 꼭 한 번 보셨으면,, 광고 절대절대 아닙니다~!!!!"
옵세션,네티즌,10.0,니키 미친여자 아닙니다 슬픈여자입니다...
옵세션,네티즌,10.0,너무너무 기괴하고 무서웠어요..간만에 제대로 된 공포영화 본 듯..
옵세션,네티즌,7.0,연기는 좋았으나 10억빌고 10억 우두두 떨어지는거 보고 진짜 어이가 너무 없었음 ㅋㅋ
옵세션,네티즌,10.0,인스타에 하도 떠서 장면 거의 보고갔는데도 존나 무섭고 보고나서 두통옴. 이렇게까지 기빨리는 영화 오랜만
옵세션,네티즌,10.0,올해 공포영화 개봉한 거 다 봣는데이 놈이 가장 참신하고 무서움2회차로 혼자 갈까 생각중
옵세션,네티즌,10.0,근래 본 공포영화 중 젤 재밋음B급 스멜나긴 하나직관적이고 놀래키러 나올 타이밍이 뻔해서 오히려 긴장됨
옵세션,네티즌,10.0,진짜 개개개개무서움 밤에 생각남
옵세션,네티즌,10.0,오딧세이와 더불어 올해 본 영화중에 제일 돈 안아까웠음 대만족
옵세션,네티즌,10.0,"진짜 만족스럽고 딱 깔끔한 스낵 영화 여태나온 영화들보다 만족스러웠음 (호*,스****,오***)"
옵세션,네티즌,10.0,"근래 본 공포영화중 가장 재밌게 봤어요. 연출, 연기, 엔딩까지 모두 만족스러웠던 영화"
옵세션,네티즌,5.0,니키가 연기가좋다 돌아이 영화
옵세션,네티즌,10.0,진짜 인생 공포영화입니다..전 너무 재밌게봤어요남편도 오랜만에 무서워하더라구요영화관에서 꼭 보세요!
옵세션,네티즌,10.0,사람이 겪으면 안 되는 공포임... 진짜 집착이 무서워서 남자칭구한테 사랑한다는 말도 못하겟음.
옵세션,네티즌,10.0,내 인생에서 이정도로 소름끼친 적은 없었다. 몰입력 장난아님
옵세션,네티즌,10.0,초반엔 스토리텔링으로 살짝 지루하지만 중반부터 재밌어지네여
옵세션,네티즌,10.0,"연기 매우 잘하심, 오랜만에 진짜 공포 영화 본 느낌"
옵세션,네티즌,10.0,올해의 발견은 백룸이 아니라 옵세션임
옵세션,네티즌,10.0,"주인공들 연기, 사운드, 조명활용이 다 한 영화"
옵세션,네티즌,9.0,미드소마+겟아웃에 깜놀호러 한 스푼 넣은 합작 같음 둘 다 좋아하는 영화라면 꼭 보는 걸 추천연기랑 몰입도도 좋고 소재 자체는 그리 신선하지 않으나 배우들 연기나 연출구성이 훌륭함저예산으로 아주 잘 뽑은 영화라고 생각오히려 많은 배경이 나오지 않아서 더욱 숨막히는 기분이 들었음
옵세션,네티즌,10.0,잠안오는 밤 심야영화 최고의선택
옵세션,네티즌,9.0,이 영화를 보고 3년간 짝사랑하던 마음이 싹 사라졌습니다
옵세션,네티즌,10.0,디지버지게 무서움.. 계속 놀래서 담왔어요 돈주고 볼만한 영화예요 진짜 친구 연인이랑 꼭 보세요 강추ㅠㅠ
옵세션,네티즌,10.0,공포 영화 정말 좋아하는데오랜만에 극장에서 무서운 느낌 받으며소름까지 돋았어요! 재밌게 잘 봤어요~~
옵세션,네티즌,10.0,후반에 ㅈㄴ너무 무서워요 진짜.
옵세션,네티즌,10.0,영호ㅡ 중간부터 후반까지 그냥 끝까지든생각이미쳤는데? 미친거아냐 진짜 미친거야 미쳤네진짜 미쳤나고그냥 계속 보면서 뭘봐서 무섭기보단 뭔가 자꾸 무서운일이생길거같은 그 미친거같은 느낌이 날 너무 힘들게했어요….음악도 소름끼치고 사운드도
옵세션,네티즌,8.0,보는내내 헤어진 여친이 생각났음
옵세션,네티즌,8.0,랑종 미드소마 이후로 가장 기괴하고 찝찝하고 소름끼치는 영화.저 예산 영화지만 잘 만들었네요.미국공포 요즘에 안무섭던데 이영환 무서워요. 매니아라고 해도 취향은 갈릴듯하고 음향효과 ~공포영화 보면서 첨으로 귀막고 관람했어요.소원이 나만사랑해줘 였었나요.나에게만 집착해줘 였을까요.기억이 안나네요.
옵세션,네티즌,8.0,절묘하게 freak과 horror 사이를 줄타기하는 wish
옵세션,네티즌,10.0,몰입감 멘헤라 결말까지 긴장감이 감
옵세션,네티즌,10.0,공포영화 매니아로서 모든 공포영화중에 공포감 탑..입니다영화 끝나고 1시간동안 소름 유지됐음..보통 어지간한 영화 뒷 스토리 계속 예측하면서 보는데 공원씬 말고 다 예측할 겨를도 없이 덜덜 떨면서 봤어요.
옵세션,네티즌,10.0,근래 본 공포영화중 최고임소원들어준다는 설정이나 클리셰가 뻔할수 있으나연출에서 그런 걱정을 다 씹어먹음대놓고 놀래키거나 무섭게 하는 장면도 없는데 서서히 조여오는 공포감이 연출 지린다 싶음
옵세션,네티즌,10.0,시간가는줄 모르게봄!!
옵세션,네티즌,8.0,진짜 연기를 잘함. 그리고 퀄은 뭐 말할 것도 없지 블룸하우스인데 ㅎㅎ.. 루서대 합격했는데 죽은 앤 너무 안타까웠고..고양이 샌드위치씬 보고 나도 게워내고 싶었음 우웩 ㅠㅠㅠ역겨워
옵세션,네티즌,9.0,살목지는 무서운게 아니었다. 너무 소름 돋고 보고 나왔는데도 심장이 벌렁벌렁... 남주 여주 연기가 미쳤고 연출도 미쳤다. 에고 무서워라
옵세션,네티즌,10.0,진짜 잘 만든 것 같음 끝나고 기분이 나쁨
옵세션,네티즌,9.0,이기적인 회피형들은 이런 집착을 당해봐야한다
옵세션,네티즌,10.0,영화제에서 미리 봤지롱
옵세션,네티즌,10.0,이 영화 무섭고 시간 가는 줄 모르고 봤는데 핵꿀잼 입니다.
옵세션,네티즌,8.0,진짜 멘헤라를 넘어선 미친 영화
옵세션,네티즌,10.0,진짜 엄청 무서웠습니다.연출과 연기 그리고 음향이 미쳐서 공포를 제대로 느끼게 해줍니다리뷰 처음쓰는데 이건 진짜 무서워서 달아봅니다
옵세션,네티즌,9.0,주인공 답답해서 개빡치는데 개무서움 얀데레 멘헤라로 공포영화 만들면 이렇게 만들어야 한다 교과서같음
옵세션,네티즌,10.0,올해본 공포영화중 젤 무서웠음 진짜로 니키 너무 무서워요...
옵세션,네티즌,10.0,오랫만에 제대로된 공포물을봤음뻔하지만 뻔하지않은 스토리로긴장감연속
옵세션,네티즌,10.0,소원 한 번 잘못 빈 대가가 너무 참혹하네요.
옵세션,네티즌,10.0,보면서 예측이고 뭐고 니키 나올때마나 정신을 못차리겠다..집착을 하면 어디까지 갈지 최대로 끌어올린 영화
옵세션,네티즌,8.0,"미저리 주제의 공포, 집착, 정신병을 굉장히 잘 연출한 작품...다만 결말을 왜 저렇게 만들었을까 싶고...(제 2의 호프인줄)스릴러적인 요소를 잘 표현하는 바커는 엔딩을 왜 저렇게 지었나 싶음"
옵세션,네티즌,10.0,와 개 정신 나갈 거 같고 재밌었음 베어만 없으면 행복한 세계에서 ㅉㅉ 니키랑 친구들만 불쌍 ㅉㅉㅉ
옵세션,네티즌,10.0,진짜 미친영화ㅋㅋ 기괴하다 기괴해
옵세션,네티즌,10.0,공포영화 보면서 개소름끼친거 오랜만임ㅠ 존잼ㅠㅠ
옵세션,네티즌,10.0,연기도연기 내용도 다 깔게없다
옵세션,네티즌,10.0,"이 영화의 포인트는 변주다.짝사랑이 원하지 않는 사랑으로 변했을 때부터 이 영화는 엇박으로 흐르기 시작했다.그녀의 마음이, 그의 마음이 서로 같지 않았음을 그대로 느낄 수 있었던."
옵세션,네티즌,2.0,제 말 믿으세요. 중반까진 볼만 합니다. 네.그런데요 보다보면 감독 양반 머릿속에 들어가고 싶어지네요. 보면 머리가 아파요.
옵세션,네티즌,2.0,솔직히.. 기괴했고 정병올거같은 영화.. 중간에 너무 웃겨서 웃음 못 참은 장면도 있었음
옵세션,네티즌,10.0,인생무서운 영화 top3안에 드는듯 알바아님ㅠ 사운드 잘쓰는감독..
옵세션,네티즌,10.0,"혼자 보러 갔는데 공포영화 오랜만에 봐서 그런가, 생각이상으로 너무 무서워서 빨리 끝나기만 바람"
옵세션,네티즌,10.0,진짜 그냥 너무 재밌었음 시간 엄청 빨리 갔네요
옵세션,네티즌,6.0,보통보통 크게그건아님
옵세션,네티즌,10.0,와 진짜 대부분 공포영화 걍 보는데 이게 레전드임 진짜루;;;; 처음으로 개긴장하면서 봄
옵세션,네티즌,10.0,미친여자 아닙니다 슬픈 여자입니다
옵세션,네티즌,10.0,공포영화중에 Goat인데
옵세션,네티즌,3.0,"블룸하우스 특유의 팡팡튀기는 맛이 부족하고 그냥 소리로만 놀래키고 스토리도 연결성도 이상함 , 진짜 기대를 많이해서 오히려 더 부각되는건지 진심으로 별로였음 . 클라이막스로 갈때쯤에는 이게 뭐하는거냐 싶을정도로"
옵세션,네티즌,9.0,"기괴함과 불안함을 조성하는 연출, 연기가 미쳤음.. 담걸리는줄 알았다.. 올해의 공포영화하늘에 맹세코 알바아님"
옵세션,네티즌,10.0,와오 진짜 31년 태어나서 본 영화중에 제일 무서웠음....귀신영화보다 이런 기괴한 게 더 무섭다....내돈내산 공포영환데 한 번 더 보고 싶은 공포영화는 처음...연기도 효과음도 연출도 카메라 컷도 뭐 하나 예상할수가 없어서 보는 내내 심장쫄림.. 나와서는 속이 울렁거릴정도
옵세션,네티즌,9.0,올해 최고의 코미디 영화
옵세션,네티즌,10.0,눈동자는 진짜 개 최악 댓글알바천지 영화였고 옵세션은 진짜 무서웠다 뭐 개연성이 이상하지도 않았고 광적인 모습들이 디게 무서웠음
옵세션,네티즌,9.0,연기력 진짜 대박.. 조옹나 무서움;
옵세션,네티즌,10.0,대박친 이유는 확실히 있네요 재밌게봤어요
옵세션,네티즌,10.0,최근 본 영화들중에서도 근 몇 년 사이 영화 중에서도 정말 잘만든 수작인 거 같아요
옵세션,네티즌,8.0,남자친구랑 봤는데 영화 끝나고 나오면서 서로 잠시 떨어져 걸었어요 ㅠㅠ 너무 충격적
옵세션,네티즌,10.0,여배우 연기 미쳤어요. ㄷㄷㄷ 예측할수 없는 전개 완전 대박입니다.
옵세션,네티즌,10.0,압도적인 극장의 사운드가 더해져 완성된 공포 영화
옵세션,네티즌,10.0,주인공들의 연기력이 빛을 본 공포영화
옵세션,네티즌,10.0,진짜 지금까지 봤던 공포영화 중에 최고임...심리적으로 쫄깃쫄깃함...
옵세션,네티즌,10.0,본 것 중에 제일 재미있어요 육성으로 소리지른 적은 첨이에요
옵세션,네티즌,10.0,와.. 진짜무서움끝나고 극장에 있던 관객들 다같이 탄식하는 거 처음 봄
옵세션,네티즌,9.0,오랜만에 정말 재미있는 공포영화 봤습니다
옵세션,네티즌,10.0,미텻어요 너무 재밌습니다..꼭 보세요 2번 보세요
옵세션,네티즌,1.0,내가 영화보다가 존 거 처음인데 뭐 그럴 수도 있다고 생각하기엔 이거 장르가 공포영화자나???!!!
옵세션,네티즌,10.0,아니 진짜 그냥 아니임 개멘헤라 그자체 귀신나오는 공포영화는 안무서워하는데 사람은 무섭네요 잔인한거 싫어하는사람은 보지마세요
옵세션,네티즌,10.0,ㅈㄴ 재미있음.레지던트이블0번째 밤 나오기 전에 시간때울겸 봤는데 신선한 웰메이드 공포영화였음
옵세션,네티즌,6.0,!!○!!%&~~~
옵세션,네티즌,10.0,연기 연출 여주 존예고 엄청 웰메이드인데 평점 왜이러냐
옵세션,네티즌,9.0,ㄹㅇ 개 무섭다 그냥초긴장상태로 봄
옵세션,네티즌,10.0,"그냥 그렇겟지하고 가서 봤는데,, 아놔,, 진짜 음향때문에 지릴뻔했어요,,,"
옵세션,네티즌,10.0,혼자 봤는데 겁나 무서움근데 계속 소리지르는게 나와서시끄러운거 싫어하면 주의해야할 듯
옵세션,네티즌,4.0,기대하고봤는데 영화 절반동안 여주가 소리질러서 귀만아프더라…
옵세션,네티즌,10.0,이런게 찐 공포지 .. 엄청 무서운 놀이기구 타고 내린기분 진이 다빠짐 ..
옵세션,네티즌,10.0,재미 공포 신선함 기괴함 다 잡음! 몰입감. 엔딩도 대박!
옵세션,네티즌,8.0,살목지나 눈동자보다는 훨씬 볼만한데. 한국인 취향인지는 미지수. 한번쯤 볼만함.
옵세션,네티즌,6.0,영화가무섭진않아서점수높게주려했지만 영화가 너무 수위가쎄서 평점좀낮게드림. 그리고 남자배우들 최악인듯 .진심 최악인듯. 콧구멍에 피어싱낀여자 왜이쁜줄착각하는거임?몰입존나안되게. 콧구멍에피어싱끼고 연애얘기하면 그게몰입이솔직히되겠냐?콧구멍에피어싱좀뺐으면평점1점이라도올라갔을듯
옵세션,네티즌,2.0,금쪽이 징징대는 소리 2시간 듣고옴
옵세션,네티즌,10.0,걍 보셈 줏네 재미ㅣㅆ음
옵세션,네티즌,10.0,감상평 처음 남겨보는데 악플은 진짜 알바가 맞는듯 ㅋㅋㅋㅋ 초반 조금 지루한듯 했지만 뒤로 갈수록 흥미진진하고별 공포 장면 없지만 브금에서 오는 그 분위기 자체 공포이고 이런 스릴러가 공포영화보다 더 재밌다고 생각하는 사람으로써 잘 봤음
옵세션,네티즌,8.0,딱 블룸하우스 영화답지만 영리하게 무섭다.질리도록 연기 잘하는 여주인공의 하드캐리..
옵세션,네티즌,10.0,숨막힐정도로 무서웠어요ㅠㅠ 하나하나 분석하면서 보면 더무서븜ㄷㄷ
옵세션,네티즌,10.0,배우들 다 연기 존나잘해요. 진짜 보다가 다리떨린거 처음. 여자친구가 없어서 갈때 말랑이 들고갔는데 터질뻔함
옵세션,네티즌,10.0,제작비 10억으로 수익 5천억 납득시켜버림
옵세션,네티즌,10.0,진짜 깜짝놀랐다....
옵세션,네티즌,8.0,남주가 OO찐따 ;; 정신차린 여주만 불쌍함
옵세션,네티즌,9.0,사랑을 원한다면 목숨을 걸어라
옵세션,네티즌,10.0,찌질이의 헛된 희망이 일으킨 참상
옵세션,네티즌,10.0,이거 재미없다고 한사람들은 아마 호프같은 설사같은 영화보면서 재밌다고 할듯. 그냥 무조건 보셈 B급 개연성 갖다버린 호러물이랑 차원이 다름. 제작비도 얼마 안들었다는데 보면서 500억든 한국영화랑 비교되면서 현타올수있음.
옵세션,네티즌,8.0,"""찐따인 날 너무 좋아하는 멘헤라 그녀""성관계를 이렇게 웅장하게 하는영화는 난또 첨이다"
옵세션,네티즌,4.0,사운드로 공포 분위기 여자 연기 잘함 내용 없고 싸이코패스ㅡㅡ 뻔한 내용ㅡㅡ
옵세션,네티즌,2.0,중후반부턴 여성 불행 포르노
옵세션,네티즌,10.0,와~ 이건 볼지말지 고민 필요없다 그냥 보러가라 특히 남자라면 절대 후회 안한다. 신박한 충격에 아직도 뇌가 얼럴하네ㅋㅋㅋ
옵세션,네티즌,10.0,"점프스퀘어 꽤 있고, 연기를 잘해서 재밌었어요!!"
비광,실관람객,6.0,관람객
비광,실관람객,2.0,관람객
비광,실관람객,1.0,관람객
비광,네티즌,4.0,"복수를 하는데 통쾌하지 않고, 가족을 사랑하는데 그리 애절하지 않다. 제사상 앞에서 김선영 술취해서 우는 장면만 쪼오끔 짠했을뿐.."
비광,네티즌,4.0,뭘 말하고 싶은지 전혀 모르겠다;;
비광,네티즌,1.0,아.... 여러모로 충격이다..
비광,네티즌,3.0,알바가 난무하는 곳에서 감상평.(1)올드한 연출 (2)시종일관 의미심장하게 겉도는 음악. (음악 자체는 좋아도..) (3)후시녹음에 문제가 있는지 특정 상황과 특정 인물들의 대사 전달에 문제 (4)종합: 이래서 창고영화였구나..
비광,네티즌,4.0,보다 사람들 나가더라.. 집중이 안되게 만들었냐..아쉽다 아쉬워
비광,네티즌,6.0,영화 보는 내내 느껴지는 진부함과 정리되지 않은 스토리 덕분에 집중하기 쉽지 않았습니다.
비광,네티즌,1.0,평점 높아서 기대하고 봤는데 실망이 큽니다...
비광,네티즌,3.0,타짜는 판을 짜고 타자는 도루만
비광,네티즌,4.0,드라마용 대본으로 영화 찍은건지 축축 처짐
비광,네티즌,1.0,알바 대거 나와있네? 니네 보고 점수매기는거 맞냐?
비광,네티즌,1.0,"대부분의 영화를 재밌게 보는 사람인데 이 영화는 최악으로 꼽히네요. 가족, 범죄, 정치 어느쪽에도 치우쳐 있지 않는 스토리 ... 이걸 노리신거면 뭐 ... 성공하셨어요. 감상평도 처음 적어보네요."
비광,네티즌,2.0,진짜 재미없음! 보지마세요!
비광,네티즌,1.0,평점1점드리지요.전세계에서최악으로 이영화가재미가없습니다
비광,네티즌,1.0,평점 9.95점 받을 영화인가 ㅋㅋㅋ 장난도 적당히
비광,네티즌,2.0,영화가 완전 답답하고 짜증유발에 억지신파하려는데내용이 산만해서 집중도 안됨연기력 좋은 배우들로 이렇게 만들기도 힘들겠다
비광,네티즌,10.0,이해가 안가는 부분도 있지만 전체적 으로 괜찮은 작품임...연기들이 빈틈이 없음...솔직히 경주기행 보다 몇배는 재미 있음
비광,네티즌,10.0,정말 너무 감동류승룡 배우 연기도 잘하시고 부성애가 정말 느껴져서 여운이 많이 남아요ㅠㅠ김선영 배우님도 연기 너무 잘해요!
비광,네티즌,10.0,전작인 미쓰백보다 더 개개큰감동!! 눈물포인트가 많아요 감성적이게 되네요스토리너무 탄탄하고 좋아요....
비광,네티즌,8.0,반전에 놀랐어요. 그리고 조금 눈물도 났습니다.
비광,네티즌,10.0,배우들 연기가 자연스러워서 몰입해서 봤어요 웃긴 장면도 있고 뭉클한 부분도 있어서 지루하지 않게 잘 봤네요 가족 이야기라 공감되는 부분도 많았고 생각보다 여운이 남는 영화였어요
비광,네티즌,10.0,역시 믿고 보는 배우들이 나와서 연기가 너무 실감. 나네요. 아빠 생각나서 계속 찡한 장면들이 많이 있었어요.
비광,네티즌,2.0,중년버전 노란장판 감성... 올드한 느낌이었어요
비광,네티즌,1.0,115명의 평가 점수높은 이유 알제?
비광,네티즌,1.0,"어제 개봉하자마자 보고왔는데 무엇을 이야기하고 싶은건지 중구난방, 2026년도에 개봉한 영화인데 너무 촌스러운 촬영 기법 및 대사, 사운드, 뻔한 내용.. 아쉬움 그자체.. 오디세우스 대작을 보고나서 그런건지 모르겠지만 10점 만점에 2점.. 너무 별로였다"
비광,네티즌,1.0,"한국영화 종특 즙짜기 에휴...화려한 배우들만 앞세우면 뭐하냐 배우들 연기도 식상하고 감동도 없고 재미도없고 돈 시간 아깝다독립영화 97, 혜자 표류기가 훨씬 와닿는 영화다"
비광,네티즌,3.0,삼광 먹겠다고 피박으로 꼴은
비광,네티즌,1.0,뭐지?! 10년동안본영화중최악... 제목부터 이상했어 ㅜㅜ
비광,네티즌,10.0,"영화가 전체적으로 어두워서 아쉽지만 류승룡, 하지원, 여중생 배우 연기 훌륭했습니다 이 사회의 민낯을 보여주는 것 같았어요 짠하고, 가슴아픈, 현실감있는 영화 스토리는 다소 아쉬움"
비광,네티즌,2.0,뻔하고 자극적인 내용과 올드한 연출과 연기. 그냥 모든 부분에서 해로운 영화
비광,네티즌,10.0,"생각보다 훨씬 묵직하고 여운이 오래 남는 영화였어요. 특히 류승룡 배우의 부성애 연기가 정말 좋았습니다. 말로 표현하지 않아도 딸을 향한 마음이 고스란히 느껴져서 보면서 괜히 아빠 생각도 나고 찡하더라고요. 하지원 배우도 기존에 봐왔던 모습과는 또 다른 연기 변신을 보여줘서 인상적이었고, 김선영 배우는 역시나 등장할 때마다 몰입도가 확 올라가는 느낌이었어요.전체적으로 어둡고 강렬한 분위기인데 그 안에 가족에 대한 감정과 애틋함이 잘 녹아 있어서 단순한 누아르 영화로만 느껴지지는 않았습니다. 특히 이지원 감독님이 미쓰백보다 한층 더 깊어진 감정선을 보여준 것 같아요. 강렬한 가족 누아르라는 표현이 잘 어울리는 영화였습니다.중간중간 예상하지 못한 곳에서 감정이 확 올라오는 장면들이 있어서 눈물 참느라 힘들었고, 보고 나서도 계속 생각나는 영화였어요. 가족이라는 게 뭔지, 부모와 자식 사이의 마음이 뭔지 다시 생각하게 만드는 작품. 보고 나면 묘하게 마음이 먹먹하고 오래 여운이 남습니다.배우들 연기도 좋았고 스토리도 생각보다 깊어서 기대 이상이었어요. 특히 류승룡 배우의 부성애 연기는 정말 오래 기억에 남을 것 같아요. 가족 이야기 좋아하는 분들이라면 꼭 한 번 봐도 좋을 영화입니다."
비광,네티즌,10.0,생각보다 몰입해서 봤던 영화. 분위기가 전체적으로 묵직한 편인데 배우들 연기도 자연스럽고 인물들 감정도 잘 느껴져서 괜찮았음. 중간에 조금 답답한 부분도 있었지만 보고 나니까 생각보다 여운이 오래 남는 영화였다. 기대 안 하고 봤는데 나름 재밌게 봄! 추천!
비광,네티즌,10.0,"관람하는 사람에 따라 진부하고 지루하게 느껴질 수도 있는 이야기지만 배우들 연기, 영상미가 흡입력 있어요.큰 기대 안하고 봤는데 2회차 보고싶네요"
비광,네티즌,10.0,"믿고 보는 배우들 ! 전체적으로 배우들의 연기 호흡이 좋아서 감정선이 자연스럽게 이어지고, 중간중간 울컥하고 눈물 나는 장면도 많았어요. 가족에 대해 한 번 더 생각하게 만드는 따뜻한 영화라 여운도 오래 남았습니다 :)"
비광,네티즌,10.0,"오랜만에 온 가족이 함께 극장을 찾아 영화 <비광>을 관람했습니다. 화려했던 삶 뒤로 벼랑 끝에 몰린 한 가족의 처절한 이야기가 가슴 묵직한 울림을 남기더군요.류승룡 배우의 투박하면서도 절절한 부성애와 하지원 배우의 파격적이고 깊이 있는 연기가 스크린을 가득 채웠습니다. 자극적인 사이다 전개 대신, 얽히고설킨 갈등 속에서도 서로를 포기하지 않는 진한 가족 연대기를 담담하게 담아냈더군요.? 영화가 끝난 후 부모님, 아이들과 함께 ""그래도 역시 마지막까지 내 편이 되어주는 건 가족뿐""이라며 자연스럽게 서로의 소중함을 되새기게 해 준 뜻깊은 시간이었습니다."
비광,네티즌,6.0,제목을 똥광으로 했어야 흥행이 되지
비광,네티즌,1.0,영화끝날때쯤 직원이 실수로 일찍 영화관 불을 켰어요 근데 화가 안났어요. 영화가 그정도로 놀라웠답니다^^
비광,네티즌,9.0,한국에도 이런 연출이!!
비광,네티즌,9.0,비광..다소 요란하고 은근훈훈한 가족애
비광,네티즌,10.0,"배우들의 연기가 정말 좋았고 특히 감정을 표현하는 장면들이 인상 깊었다. 영화 전체 분위기가 몰입감을 높여줘서 끝까지 집중해서 볼 수 있었다. 가족에 대한 이야기를 진정성 있게 담아낸 점이 좋았고, 보고 나서도 여운이 오래 남는 작품이었다. 감동과 공감을 동시에 느낄 수 있는 영화였다."
비광,네티즌,10.0,"가족을 지키기 위해 서로를 보듬는 모습이 마음에 오래 남았어요. 배우들의 몰입도 높은 연기도 좋았고, 가족과 함께 보기 좋은 영화라 추천하고 싶습니다."
비광,네티즌,10.0,배우들의 연기가 정말 인상적이었어요!!!! 인물들의 감정이 자연스럽게 전달돼서 영화에 몰입해서 볼 수 있었습니다! 보고 나서도 여운이 오래 남는 작품이었어요!!!
비광,네티즌,10.0,주연 배우들이 다 명연기 하는 배우들이라 믿고 봤고 전체적인 분위기가 느와르여서 완전 취향이었음.
비광,네티즌,10.0,"하지원의 연기도 좋았고 ,감독님이 나를 눈물나게 만듬 아빠생각하면서 류승룡 부성애 연기 눈물주르륵"
비광,네티즌,10.0,미스백의 이지원감독님 영화 너무 기다렸어요
비광,네티즌,10.0,제가 좋아하는 류승룡배우님의 부성애 연기가 돋보이는 영화였어요 하지원배우님은 믿고 보는 연기고 김선영배우님 원래 연기파 배우인걸 알았는데 역시 연기를 잘하십니다 이지원감독님의 가족 누아르에 눈물이 찡하고 났네요
비광,네티즌,10.0,"배우들의 연기가 정말 몰입감 있었고 특히 류승룡의 부성애가 깊게 와닿았어요. 하지원의 색다른 연기 변신도 인상적이었고, 가족의 감정선이 쌓일수록 마음이 찡해지더라고요. 강렬한 가족 누아르 속에서도 깊은 감동과 여운이 남는 영화였습니다."
비광,네티즌,10.0,류승룡 배우의 연기는 당연히 말모.. 감독님 전작도 너무 좋아서 보게 된 영화인데 가족 누아르 장르로 최고의 감동인거같아요!
비광,네티즌,10.0,"류승룡의 아빠 연기가 진짜 마음에 남았고, 하지원 연기 변신도 새롭게 느껴졌어요. 가족 이야기라 그런지 중간중간 울컥했고, 보고 나서도 생각나는 장면들이 있네요."
비광,네티즌,10.0,"영화 <비광> 보고 왔는데 진짜 여운 대박임?이지원 감독 전작 <미쓰백>도 진짜 재밌게 봤는데, 이번엔 더 강렬하고 묵직한 가족 누아르로 돌아왔더라?류승룡 배우 부성애 연기는 진짜 말해 뭐해... 보는 내내 아빠 생각나서 울컥했고, 하지원 배우 연기 변신도 진짜 미쳤음. 김선영 배우 연기 칭찬은 입이 아플 정도."
비광,네티즌,10.0,믿고보는 류승룡 배우 예고편 뜨자마자 보고 바로 예매함. 류승룡 배우의 부성애 연기가 너무 와닿고 하지원 배우도 평소 이미지랑 달라서 신선하고 다시 보게됨. 김선영 배우는 맡는 배역마다 너무 찰떡이라 할말이 없음. 전체적 분위기는 묵직한 편인데 가족 이야기라 그런지 감정적으로 생각이 많아졌음.<미쓰백>도 인상 깊게 봤는데 이번 영화는 감정이 좀 더 깊게 남는 느낌.
비광,네티즌,10.0,아니 류승용 믿고보는 배우 역시는 역시다 연기가 너무 눈물나네요 부성애 ㅜㅜ 멋집니다 두번봐 세번봐 ㅋ
비광,네티즌,10.0,하지원 김선영 김혜숙 연기 정말 자연스럽게 잘하심. 김선영 노래할 때 눈물이 났음
비광,네티즌,10.0,"배우들의 연기 호흡이 정말 좋았던 영화였어요. 특히 인물들 사이의 관계와 감정이 자연스럽게 이어져서 보는 내내 몰입해서 봤어요.영화의 전체적인 분위기도 좋았고, 전작들에서 보여준 감독님 특유의 강렬한 연출과는 또 다른 결의 감성이 느껴졌어요. 화려하거나 자극적인 이야기보다는 인물들의 감정선에 집중하게 되는 작품이라 보고 난 뒤에도 여러 장면이 기억에 남더라고요.가볍게 웃고 즐기는 영화라기보다는 배우들의 연기와 이야기 속 감정을 천천히 따라가며 볼 수 있는 영화였어요. 오랜만에 영화관에서 여운을 느끼며 재미있게 관람했습니다. ??"
비광,네티즌,10.0,"영화 <비광>은 묵직한 몰입감과 강렬한 연기가 돋보이는 작품으로,류승룡의 아슬아슬한 감정선이 깊은 여운을 남깁니다."
비광,네티즌,10.0,"배우들의 연기가 자연스럽고 감정 표현이 섬세해서 보는 내내 몰입해서 봤어요. 특히 류승룡 배우의 부성애 연기가 마음에 많이 와닿았고, 가족을 생각하는 장면에서는 저도 모르게 울컥했습니다. 김선영 배우의 연기도 역시 좋았어요. 전체적으로 따뜻하면서도 여운이 길게 남는 영화라 가족과 함께 보기 좋은 작품인 것 같아요."
비광,네티즌,10.0,평소 좋아하는 연기스타일인 하지원님 류승룡님이 나와서 너무 좋았어요 역시 연기 제 스타일입니다 감독님 시너지 까지 더해지니 연출도 좋아오
비광,네티즌,10.0,"평소 좋아하는 하지원님 류승룡님 연기에, 감독님까지 시너지효과가 너무 좋았어요. 감동 포인트가 있어서 올 추석 가족영화로 딱이네요"
비광,네티즌,10.0,미쓰백 감독이라 기대하고 봤어요 김선영 역시 믿고 보는 배우라 연기 너무 잘하고 여운 남는 영화였습니다
비광,네티즌,10.0,참 사람냄새 찐하게 나는 영화
비광,네티즌,10.0,베우들의 연기부터 영화의 전체적인 분위기가 예고편에서 부터 느껴져요~ 김선영배우는 예전부터 찐팬이었는데 이영화를 통해 더 깊게 빠져들것같아요
비광,네티즌,10.0,"?큰 기대 안고 봤는데 기대 이상으로 묵직하고 좋았습니다. 이지원 감독님의 강렬한 연출과 류승룡 배우님의 묵직한 부성애 연기에 푹 빠져서 봤네요. 특히 후반부로 갈수록 감정이 터져서 눈물 찔끔 흘렸습니다. 하지원, 김선영 배우님의 탄탄한 연기합까지 더해져서 보는 내내 몰입도가 엄청났어요. 찡한 가족애와 짙은 여운을 느끼고 싶은 분들께 꼭 추천하고 싶습니다."
비광,네티즌,9.0,배우님들 넘 좋고 시간이 순삭 슬퍼서 눈물도ㅠ흘리고 나는 잘봤다
비광,네티즌,10.0,기대 이상으로 여운이 남는 영화였어요.절절한 부성애를 연기한 류승롱님의 연기가 돋보였고 보는 내내 부모님 생각이 나면서 눈물이 멈추지가 않았어요
비광,네티즌,9.0,"이것저것 섞인 느낌이지만, 그 속에서 돋보인 김시아의 연기. 그의 연기가 중구난방의 흐름을 잘 잡아주어서 몰입하면서 봄."
비광,네티즌,10.0,"전체적으로 어둡고 묵직한 분위기인데 배우들의 연기가 좋아서 몰입해서 봤어요. 특히 류승룡의 감정 연기와 하지원의 처연한 모습이 인상적이었고, 김시아의 눈빛 연기도 좋았어요. 세 배우의 조합이 생각보다 잘 어울렸던 영화예요."
비광,네티즌,10.0,진짜 가족 이야기 .. 믿고보는 배우들의 몰입감이 대단하다 마지막까지 여운이 남는 영화! 이 영화를 사랑하지 않을 수 없다ㅠㅠ
비광,네티즌,10.0,류승룡 배우 연기가 진짜 좋았어요. 아버지의 감정이 자연스럽게 느껴져서 보다 보니 저희 아빠 생각도 나고 괜히 울컥하더라고요. 가족이라는 관계에 대해 생각하게 만드는 영화라 여운이 오래 남을 것 같아요.
비광,네티즌,8.0,재미있게 관람했습니다.
비광,네티즌,10.0,"기대 이상으로 여운이 남는 영화였어요.류승룡님의 절절한 부성애가 보는 내내 아빠 생각이 나면서 가슴이 찡했어요. 눈물이 멈추지가 않았어요하지원님의 연기 변신도 눈에 띄었고, 김선영님은 워낙 연기 잘하셔서 재밌게 관람했어요"
비광,네티즌,10.0,"배우분들 연기가 너무 좋아서 보는 내내 몰입해서 봤어요. 가족에 대한 이야기가 생각보다 더 깊게 와닿아서 중간중간 울컥하기도 했고, 보고 나서도 여운이 오래 남는 영화였어요. 특히 감정선이 잘 느껴져서 좋았습니다!"
비광,네티즌,10.0,믿고 보는 연기파 배우들이 나와서 몰입감이 너무 좋았습니다~ 오랜만에 본 가족영화라 그런지 여운이 더 깊게 남는 것 같아요
비광,네티즌,10.0,"류승룡 부성애 연기가 진짜 인상 깊었고, 하지원 연기 변신도 새롭고 너무 좋았어요 김선영 역시 믿고 보는 배우 답게 극의 분위기를 확 잡아주는 느낌! 가족이라는 관계에서 오는 감정선이 생각보다 깊어서 보면서 아빠 생각도 나고 몇몇 장면에서는 괜히 울컥했네요...미쓰백도 진짜 재밌게 봤는데 가족 이야기를 이렇게 풀어줘서 보고 나서도 감정이 오래 남는 영화였어요ㅠㅠ"
비광,네티즌,10.0,"류승룡 배우는 역시 믿고 보는 배우라는 생각이 들었고, 하지원 배우도 감정선을 섬세하게 잘 표현해서 몰입해서 봤어요. 가족 이야기라 공감되는 부분도 많고 중간중간 마음이 먹먹해지는 장면도 있었습니다. 김선영 배우 연기도 인상적이었고 전체적인 분위기와 배우들 합이 좋았어요. 이지원 감독님 특유의 감정 표현도 좋았고 보고 나서 가족에 대해 한 번 더 생각하게 되는 영화였습니다. 여운이 꽤 오래 남네요."
비광,네티즌,10.0,아주 아주 아주 아주 재미 있어요아주 강한 긍정 18점 18점 18점다들 봤으면하는 영화 안본눈 사요 나만 보기 아깝다
비광,네티즌,10.0,"믿고보는 배우들 류승룡,하지원님의 대단한 연기로 감동이였습니다. 이지원감독님의 전작 미쓰백도 봤었는데 더 감동이였고 너무 재밌게 봤구, 보면서 아버지 생각이 나서 마음이 여운이 많이 남았던 영화입니다"
비광,네티즌,10.0,"연기가 완전 감동이었어요! 역시 믿고 보는 류승룡.. 부성애 연기가 진짜 인상적이었어요! 하지원 배우, 김선영 배우도 최고였습니다.. 아빠 생각도 나고 중간중간 찡한 포인트도 많았어요. 여운이 오래 남네요!"
비광,네티즌,10.0,"역시, 하지원은 최고다."
비광,네티즌,10.0,배우진들 연기맛집입니다. 범죄영화라고 생각하고 봤는데 여러가지 요소가 섞여 더 좋았습니다. 잘봤습니다
비광,네티즌,10.0,영화 제목이나 출연진만 봤을 때조금 더 대중적인 범죄영화 느낌일 거라고 생각하고 있었습니다. 그것만으로도 약간 궁금함을 자아하니까요 .그런데 실제로 보고 나니 사건 자체보다가족이라는 관계에 중점을 두는 영화더라고요 생각보다 더 재밌었습니다
비광,네티즌,10.0,예고편안보고 갔는데 넘 재밌었고 기대이상이였습니다배우들 연기도 너무 장하시고 스토리도 괜찮네요 영화보는거 좋아하는데 굿
비광,네티즌,10.0,"가족에 대한 애틋함과 후회, 희생 같은 감정을 잘 담아낸 점이 좋았어요. 보고 나서도 특정 장면들이 계속 생각나고, 가족이라는 존재에 대해 한 번 더 생각하게 되는 영화였어요. 묵직하게 여운이 남는 작품이라 가족 이야기 좋아하시는 분들은 감동적으로 보실 것 같아요!"
비광,네티즌,10.0,류승룡 배우의 절절한 부성애 연기와 하지원 배우의 파격적인 연기 변신이 극을 완벽하게 이끌어줍니다..김선영 배우까지 더해진 명품 연기 덕분에 후반부엔 눈물이 핑 돌 정도로 찡했고 끝나고도 한동안 아빠 생각이 나며 묵직한 여운이 남는 수작입니다ㅜㅜ
비광,네티즌,10.0,스토리가 좀 작위적이긴 했지만 엉엉 울다가 나왔네요 ㅜㅜ
비광,네티즌,10.0,"류승룡의 깊은 부성애와 하지원의 연기 변신이 인상적이었어요. 가족 생각에 괜히 찡하고, 보고 나서도 여운이 오래 남는 영화!"
비광,네티즌,10.0,'미쓰백'의 이지원 감독이' 비광'을 통해 또 한 번 기대에 완벽히 부응했습니다.모든 것을 잃은 절망 속에서도 가족을 위해 묵묵히 버텨내는 유성룡 배우의 눈물겨운 열연은 영화의 중심을 단단히 잡아줍니다.감동입니다.
비광,네티즌,10.0,"배우들의 연기가 자연스럽고 몰입감이 좋았어요. 가족에 대한 이야기가 생각보다 마음에 와닿았고, 웃다가도 뭉클해지는 장면들이 있어서 끝까지 재미있게 봤습니다. 보고 나서도 가족에 대해 한 번 더 생각하게 되는 영화였어요."
비광,네티즌,10.0,가족들이랑 보기 좋은 영화에요. 김선영씨 출연한 작품 꾸준히 챙겨보는데 정말 감동이네요 ㅠ 너무 연기 잘하세요 영화 보는 내내 눈물 포인트들이 있으니 참고하세요 ㅎ
비광,네티즌,10.0,배우들의 연기력이 좋아 몰입감 최고라 루즈하지 않고 시간이 후딱가요!! 특히 스토리 자체가 부성애 듬뿍이라 아빠 생각이 절로 나는 영화였어요ㅎㅎㅎ
비광,네티즌,10.0,"영화 <비광> 보고 나오는데 마음이 좀 묵직하더라고요. 그냥 가족 이야기겠거니 하고 봤는데 생각보다 감정선이 깊어서 보고 나서도 한동안 여운이 남았어요.무엇보다 배우들 연기가 진짜 좋았는데, 류승룡 배우의 연기는 역시라는 말밖에 안 나왔어요. 특히 아버지로서 보여주는 감정들이 막 과하게 표현되지 않는데도 더 마음에 와닿더라고요. 가족을 생각하는 마음이나 혼자 감당하고 있는 감정들이 눈빛이나 표정에서 느껴져서 보다 보니 괜히 아빠 생각도 나고, 찡한 장면에서는 눈물 날 뻔했어요.하지원 배우도 기존에 보던 모습과는 또 다른 느낌이라 신선했고, 감정적으로 쉽지 않은 캐릭터를 굉장히 몰입감 있게 표현한 것 같아요."
비광,네티즌,10.0,"영화 <비광> 후기생각보다 훨씬 묵직하고 여운이 오래 남았던 영화.류승룡 배우의 투박하지만 깊은 부성애가 정말 인상적이었고, 하지원 배우의 새로운 연기 변신도 좋았다. 김선영 배우 역시 등장할 때마다 몰입도를 높여주는 연기가 역시나 최고였다<미쓰백>보다 더 깊어진 이지원 감독의 가족 누아르라는 느낌. 어둡고 강렬한 분위기 속에서도 가족에 대한 감정선이 잘 느껴져서 몇몇 장면에서는 괜히 아빠 생각도 나고 마음이 찡했다ㅠ화려한 영화라기보다 배우들의 연기와 감정으로 오래 남는 영화.보고 나서도 한동안 생각나는 영화였다."
비광,네티즌,10.0,역시 제가 좋아하는 감독님의 작품이 나와서너무 기대작이였고요류승룡님 연기가…. 눈물샘 자극 ㅜㅜ하지원님은 진짜 못보던 역활인것 같아요몰입감 최고!!아빠가 너무 보고싶어져서 전화드렸어요 ㅜㅜㅜ
비광,네티즌,10.0,가족들이랑 오랜만에 좋은 추억 만들었어요 제 주위친구들한테도 추천할만큼 너무 재밌고 즐거웠습니다 후회하지 않는 영화!!!추천합니다
비광,네티즌,10.0,"영화 <비광> 관람 후기생각보다 꽤 묵직했던 영화.처음에는 범죄 사건을 중심으로 흘러가는 영화인 줄 알았는데, 보고 나니 결국은 가족에 대한 이야기였던 것 같다.한때 누구보다 화려했던 사람들이 한순간에 바닥까지 떨어지고, 그렇게 흩어졌던 가족이 딸을 지키기 위해 다시 모이는 과정이 인상적이었다.특히 류승룡 배우의 거칠면서도 애틋한 부성애 연기가 좋았고, 하지원 배우도 기존 이미지와는 조금 다른 모습이라 인상 깊었다. 배우들 연기는 전체적으로 정말 좋았던 듯.다만 범죄·느와르 장르를 기대하고 보면 사건 전개의 긴장감이나 통쾌함은 조금 아쉬울 수 있다. 대신 가족들 사이의 감정이나 관계를 따라가다 보면 후반부에는 생각보다 먹먹해지는 영화.그리고 제목이 왜 **‘비광’**인지 알고 보면 영화가 조금 더 재미있다.빛나는 존재지만 어딘가 부족하고, 혼자서는 완전하지 않은 사람들.그런 사람들이 결국 서로를 채워주면서 하나의 가족이 되어가는 이야기랄까."
비광,네티즌,9.0,감동 ? 눈물 조금 날만큼
비광,네티즌,10.0,"류승룡 배우의 묵직한 부성애 연기가 정말 인상 깊었던 영화 <비광>. 하지원 배우의 새로운 연기 변신도 좋았고, 김선영 배우는 역시 믿고 보는 배우라는 생각이 들 정도로 몰입감이 대단했어요. 전체적으로 어둡고 강렬한 분위기 속에서도 가족을 향한 감정이 깊게 전해져서 보는 내내 마음이 먹먹했습니다. 특히 아빠를 떠올리게 만드는 장면들이 있어 예상보다 눈물 포인트가 많았어요. <미쓰백>의 이지원 감독 작품답게 가족의 이야기를 강렬한 누아르 분위기로 풀어낸 점도 좋았고, 전작과는 또 다른 깊은 감동이 느껴졌습니다. 보고 난 뒤에도 인물들의 감정이 오래 남아서 한동안 여운이 가시지 않았던 영화예요."
비광,네티즌,10.0,배우들 연기가 전체적으로 너무 좋았어요!!류승룡 부성애 연기는 진짜 마음을 건드리더라고요. 보면서 아빠 생각도 나고 몇 장면은 괜히 울컥했어요ㅠㅠㅠ 역시 류승룡ㅠㅠㅠ하지원도 새로운 모습도 인상적이었고 김선영은 역시 연기를 너무 잘해서 몰입해서 봤습니다.가족 이야기라 그런지 보고 나서도 감정이 오래 남는 영화였어요.
비광,네티즌,8.0,"배우들 연기는 좋으나, 대중성은 없을 듯. 100만 어렵겠네요."
비광,네티즌,10.0,
비광,네티즌,10.0,믿고보는 배우들이 나와 봤어요. 영화 보는 시간이 정말 빨리 지나갈 정도로 영화가 재미있었어요 거기다 가족들이 함께 볼수있어 좋았어요
비광,네티즌,10.0,"류승룡, 김선영님 연기가 돋보이는 영화였어요!무빙에서도 잘 느껴졌지만 류승룡님 부성애 연기가 넘 좋네요. 비광 의미도 다시 찾아보게되고 오랜만에 눈물 줄줄 흘리고 여운남는 영화 봤네요:)"
비광,네티즌,10.0,주변에서 추천해줘서 봤어용 김선영 배우님 원래 팬인데 역시 믿고봐요 눈물나서 슬펐어요 아빠 보곱 ㅠ 오랜만에 봐야지 ㅠ
비광,네티즌,10.0,역시 류승룡 배우가 나와서 봤는데 몰입 대박이네요. 부성애가 아빠 생각나서 눈물 나더라구요. 보고 나서 감동도 크고 여운이 가네요!!
비광,네티즌,10.0,여긴 보지않아도 달 수 있구나 그럼 반대로 10점 줘야징 다들 너무하다 진짜
비광,네티즌,10.0,"류승룡, 김선영 연기를 보기위해 보는 영화라고 할 수 있을 것 같아요 하지원 연기변신도 신선했어요!"
비광,네티즌,10.0,예고편 보고 조조 보러 달려갔다 왔는데 울컥하는 포인트가 많아서 하루종일 여운이 길게 남더라구요. 류승룡 배우의 부성애가 특히 인상 깊었습니다. 가족이 함께 보기에도 훌륭한 영화라고 생각합니다.
비광,네티즌,10.0,"연기력은 말할것도 없는 배우들이라 영화에 더 몰입해서 볼 수 있었어요. 류승룡 부성애 연기 미쳤고, 가족들의 복잡한 감정선이 찡하게 다가오는 부분도 많았어요. 긴장감과 여운을 함께 느낄 수 있었던 영화였습니다!"
비광,네티즌,10.0,"영화 <비광>을 보면서 가족이라는 관계가 주는 감정이 참 깊게 다가왔어요. 류승룡 배우의 부성애를 표현하는 섬세한 연기가 특히 인상적이었고, 하지원 배우의 새로운 모습과 김선영 배우의 탄탄한 연기도 눈길을 끌었습니다. 가족에 대한 감정이 깊게 느껴지는 작품이었고, 강렬하면서도 묵직한 가족 누아르라는 점이 좋았어요. 보는 내내 아빠 생각도 나고 찡한 순간들이 있어서 영화가 끝난 뒤에도 여운이 오래 남았습니다."
비광,네티즌,10.0,류승룡 배우와 김시아 배우의 부녀연기에 아버지 생각도 나고 눈물이 계속 났네요 두분과 조연 배우분들의연기가 인상적이었습니다
비광,네티즌,10.0,연기력이 모든걸 말해줍니다. 영상미도 좋고 몰입감도 좋았습니다. 추천합니다.
비광,네티즌,10.0,"난 이것이 단순히 졸작 영화인 줄 알았는데, 실제로 보아하니 아니었다. 의외로 완벽한 전개였다는 걸. 예사롭지 못한 상황 때문에 지옥같이 겪게 되면서, 본인의 인생이 자기 스스로 무너져버려 아무것도 못해 뒤쳐저 가버렸다. 최악의 상황이 만약 나한테 온다면 어떻게 대처해야 할까?"
비광,네티즌,10.0,류승룡이 오랜만에 역할적 변화를 준 작품눈빛부터 바뀌어서 이게 대 배우구나하는걸 느꼈음감정선도 좋고 보는 맛이 있는 영화?!
비광,네티즌,10.0,류승룡님 연기라 믿고 봤습니다 감동적인 포인트가 정말 많았어요 오랜만에 하지원님 나온다고해서 본것도있었는데 역시 연기파배우네요
비광,네티즌,10.0,배우들 연기가 진짜 좋았어요 특히 감정이 잘 전달돼서 몰입해서 봤고 가족들 사이의 갈등이나 서로를 생각하는 마음도 잘 느껴졌어요 중간중간 마음 찡한 장면도 있었고 보고 나서도 여운이 좀 남는 영화였어요 생각보다 더 재밌게 봤습니다!!
비광,네티즌,10.0,"류승룡 배우님 연기야 당연히 믿고 보고 오랜만에 하지원 배우님 스크린에서 봤는데 너무 몰입감 있고 좋았어요! ! 아빠랑 같이 봤는데 감동적이고 몰입감 있게 좋았어용 아빠랑 보니 더욱 감정이 이입되고 여웅이 오래간 것같아요,,부모님이랑 보기에도 좋은 영화인 것같아요! 좋아하는 배우분들이 많이 나와서 봤는데 연기력은 다들 대단하고 스토리도 탄탄해서 재밌게 봤어용 추천합니다~~"
비광,네티즌,10.0,예고편만 봐도 분위기가 강렬해서 기대돼요! 배우들의 연기와 몰입감 있는 스토리가 어떻게 펼쳐질지 정말 궁금해요. 꼭 보고 싶어요!
비광,네티즌,10.0,"단순한 가족 이야기를 넘어, 위기의 순간 결국 서로의 편이 되어주는 사람들의 이야기가 인상적인 작품이에요. 류승룡, 하지원, 김시아를 중심으로 김해숙, 김선영, 김영민까지 배우들의 조합이 특히 좋았습니다."
비광,네티즌,10.0,미쓰백을 감명 깊게 봐서 기대하면서 봤는데 미쓰백보다 더 좋았어요. 배우님들 연기 너무 좋았습니다. 하지원님 연기 변신 너무 좋았아요!! 눈물 포인트 있어서 찡하니 여운이 많이 남는 영화입니다.
비광,네티즌,10.0,믿고 보는 류승룡님과 다른 배우들도 연기를 잘하셔서 몰입도가 높았습니다 특히 하지원님 다시봤네요 개인적으로 감독님 미쓰백보다 더 감명깊게 봤습니다 아빠 생각나서 눈물 엄청 났네요 재밌었습니다
비광,네티즌,10.0,연기 잘하는 배우들이라 감정선 자극을 더 훅 끌어내줘요..아빠라는 존재에 대해 다시 생각해보게되네요~
비광,네티즌,10.0,류승룡 배우 연기는 진짜 말해 뭐해요..웃긴 장면에서는 제대로 웃기다가 감정씬 들어가면 갑자기 마음 찡하게 만드는 게 역시김선영 배우도 너무 자연스러워서 진짜 한 가족 이야기 보는 느낌이었어요.보다 보니 괜히 아빠 생각도 나고 가족 생각도 나서 울컥하더라고요ㅠㅠ웃다가 찡했다가 마지막엔 여운까지 제대로 남았던 영화!가족 이야기 좋아하시는 분들이라면 공감하면서 보기 좋을 것 같아요.
비광,네티즌,10.0,"이지원 감독님 전작 <미쓰백>도 너무 인상 깊게 봐서 기대하고 갔는데, 이번엔 훨씬 더 깊은 감동을 주는 강력한 가족 누아르네요 ㅠㅠ 류승룡 배우님 절절한 부성애 연기에 보는 내내 괜히 아빠 생각나서 눈물 핑 돌고 찡했습니다... 하지원 배우님 파격적인 연기 변신도 대박이고 김선영 배우님은 나올 때마다 몰입감 미쳤어요. 영화 끝나고도 먹먹한 여운이 엄청 오래 남는 작품입니다!! 완전 강추해요"
비광,네티즌,10.0,"생각보다 더 몰입해서 본 영화였어요. 초반부터 분위기가 좋아서 자연스럽게 빠져들었고, 배우들 연기가 정말 좋았어요. 특히 류승룡 배우는 역시 믿고 보는 배우라는 생각이 들 정도로 캐릭터에 완전히 녹아든 느낌이었고, 감정선도 자연스러워서 더 집중하게 됐어요. 하지원 배우도 캐릭터와 잘 어울렸고 두 배우의 호흡도 괜찮았어요. 배우들의 연기가 영화를 더 몰입감 있게 만들어준 것 같아요. 생각보다 여운도 남고 재미있게 봤어요."
비광,네티즌,10.0,류승룡 하지원 김선영 조합이면 연기 걱정 없고요 미쓰백 감독님이면 믿고 보기 가능합니다 주말에 보러가려고 예매했음다!
비광,네티즌,10.0,평소 하지원 배우를 좋아해서 관람했는데 기대 이상의 연기와 감동적인 스토리에 여운이 남네요~~ ㅠㅠㅠ
비광,네티즌,10.0,류승룡 배우님 영화는 무조건 믿고 다 챙겨 보는데 이번 영화는 너무 슬펐어요 ㅜㅜ 류승룡님의 부성애를 보고 영화 보는 내내 아빠가 생각났습니다
비광,네티즌,1.0,창고 영화는 다 이유가 있다
비광,네티즌,10.0,재미 잇게 잘 봣습니다생각보다 좋앗어요
비광,네티즌,10.0,하지원의 연기가 의외로 잘 어울리고 저렇게 연기를 잘했나? 라는 생각이 들었음. 나에게 아직 하지원이 시크릿가든에 머물러 있었는데 되게 의외..
비광,네티즌,10.0,보는내내 아빠생각 많이났어요! 하지원배우의 처음보는 스타일이 놀래게도 하고 재밌고 감동있는영화! 연기 잘하는 배우들 덕분에 푹 빠져서 봤습니다!
비광,네티즌,10.0,배우들 연기력 탄탄해서 몰입하기 좋았구ㅎㅎ감독님 전작인 미쓰백보다 더 깊은 감동을느낄 수 있어서 개인적으로 정말 재밌게 봤어요!!
비광,네티즌,10.0,류승룡 부성애 연기 덕에 감정선 진하게 와닿음. 이지원 감독 작품답게 강렬하고 아빠 생각나서 여운 묵직하게 남는다
비광,네티즌,10.0,"처음에는 어떤 이야기일지 궁금해서 보게 됐는데, 생각보다 몰입감 있게 볼 수 있었던 영화였다. 초반부터 분위기가 묘하게 긴장감을 만들어서 자연스럽게 이야기에 빠져들었고, 인물들의 관계와 상황이 조금씩 드러날수록 다음 내용이 궁금해졌다.특히 영화 전체적으로 어둡고 무거운 분위기가 느껴지는데, 그 분위기가 작품의 이야기와 잘 어울린다는 생각이 들었다. 단순히 사건만 따라가는 느낌보다는 등장인물들의 감정이나 선택을 생각하면서 보게 되는 부분도 있었다.배우들의 연기도 과하게 느껴지지 않고 캐릭터에 잘 녹아 있어서 몰입하는 데 도움이 됐다. 한 번 보고 끝나는 영화라기보다는 영화를 보고 난 뒤에도 등장인물들의 행동이나 상황을 다시 생각해보게 만드는 부분이 있었다.개인적으로는 가볍게 웃으면서 보는 영화보다는 긴장감 있고 분위기 있는 작품을 좋아한다면 괜찮게 볼 수 있을 것 같다. 스토리를 미리 알고 보는 것보다 아무 정보 없이 보는 편이 더 재미있을 것 같아서 자세한 내용은 생략하겠다.전체적으로 기대했던 것보다 몰입해서 봤고, 영화가 끝난 뒤에도 여운이 조금 남았다. 취향에 따라 호불호는 있을 수 있지만, 잔잔하면서도 긴장감 있는 분위기의 영화를 좋아한다면 한 번쯤 볼 만한 작품이라고 생각한다."
비광,네티즌,10.0,크 미쓰백 인상깊게 본 영화중에 하나였는데감독님의 신작이라 기대하고 봤습니다.류승룡 배우님 처절한 부성애연기하지원 배우님의 새로운 변신진짜 몰입해서 봤던거 같아요!강추 입니다.
비광,네티즌,10.0,기대 이상으로 진한 여운을 남기는 영화였습니다. 이지원 감독이 선보이는 특유의 강렬한 가족 느와르 장르라 몰입도가 어마어마하네요! 류승룡 배우가 보여준 깊은 부성애 연기에 가슴이 찡해지고 아빠 생각이 많이 났습니다. 여기에 하지원 배우의 색다른 변신과 김선영 배우의 미친 연기력까지 더해져 눈을 뗄 수 없었네요. 끝나고 나서도 먹먹한 감정이 오래 유지되는 명작입니다.
비광,네티즌,10.0,"배우들 연기가 정말 좋았던 영화.특히 류승룡의 묵직한 부성애가 마음을 울리고, 하지원의 연기 변신도 인상적이었어요. 김선영은 역시 믿고 보는 연기가족이라는 소재를 누아르적인 분위기로 풀어내서 더 몰입됐고, 중간중간 찡한 장면들이 있어 아빠 생각도 나더라고요.잔잔하게 감정이 쌓이다가 마지막엔 여운이 오래 남는 영화였어요."
비광,네티즌,8.0,내용은 드라마 뻔하고 하지원 예쁜거 보는 맛으로 봄 갠적으로 류승룡 보다 조금 더 잘생긴 남주가 더 나았을 것 같은데 아쉬움이 남음
비광,네티즌,1.0,창고 영화는 왜 그런 영화 인지 알수 있다 싸구려틱 신파
비광,네티즌,10.0,꼭 봐라 꼭!!!배우들 자연스러운 연기 감정 몰입 !!!억지 눈물이 아닌 눈물을 자극 하는 스토리 내용!! 강추 강추 합니다!!!
경주기행,네티즌,10.0,
사랑의 하츄핑: 고래보석의 전설,실관람객,10.0,관람객
사랑의 하츄핑: 고래보석의 전설,네티즌,10.0,영상미가 너무 예뻐요.
사랑의 하츄핑: 고래보석의 전설,네티즌,10.0,영상미가 좋다 수준이 많이올라간듯
사랑의 하츄핑: 고래보석의 전설,네티즌,10.0,한국의 디즈니로 거듭나길 우아?ㆍ싱큼
사랑의 하츄핑: 고래보석의 전설,네티즌,10.0,어른이 봐도 눈물 찔끔 남
사랑의 하츄핑: 고래보석의 전설,네티즌,10.0,디즈니 수준의 영상미였습니다. OST도 좋아서 자꾸 흥얼거리게 되네요.
사랑의 하츄핑: 고래보석의 전설,네티즌,10.0,최고에요꼭 보세요이걸 까는 어른이 나쁜 사람이에요이ㅜ정도면 나무랄 것이 없어요
사랑의 하츄핑: 고래보석의 전설,네티즌,10.0,올여름 아이와 함께 영화관을 방문해야할 완벽한 이유
사랑의 하츄핑: 고래보석의 전설,네티즌,10.0,한국판 디즈니를 보았당...여름왕국♡♡
사랑의 하츄핑: 고래보석의 전설,네티즌,10.0,34개월 딸아이가 눈을 못떼고 너무 좋아했어요! 어른이봐도 너무 예쁘고 스토리가 좋아요~
사랑의 하츄핑: 고래보석의 전설,네티즌,10.0,너무 재밌습니다..!! 어른이 보기에도 재밌네요. 한국 애니의 발전이 놀랍습니다. 여름에 보기좋은 아름다운 영상미가 good
사랑의 하츄핑: 고래보석의 전설,네티즌,10.0,아이들이 너무 사랑합니다.
사랑의 하츄핑: 고래보석의 전설,네티즌,10.0,"내 나이 32살에, 엄마는 나를 떠나 영영 돌아오지 못할 곳으로 가셨다.17년을 같이 지내고, 다시 15년을 떨어져 살다가. 그렇게.가져본 적 없는 감정에 대한 눈물로 관람 내내 눈물이 멈추지 않았다.정말 가져본 적 없었던 것이었는지, 아니면 가졌으나 잊었는지, 37살이 된 나에겐 이젠 많이 먼 기억일 뿐이다.중2에 살 날이 2년 남지 않았다는 말을 들었을 때,버스로 20분을 안넘는 곳에 아들이 한달을 입원 해 있었음에도,단 한번 오지 않았던 엄마라는 단어의 낯설음에,나에게 모성애 라는 단어는 낯설고 어렵고 눈물나는 단어이다.고래는 모성애가 강한 동물이고, 영화를 관통하는 주제 역시 티니핑이 아닌 고래에 빚댄 엄마와 딸에 대한 것이다.딸과 함께 봐서 더 눈물 났던 것일까, 그럴 수 없지만 엄마와 함께 보았으면 더 이랬을까... 아마 나는 둘 다와 같이 있었던 것 같다.받아본 적 없는 것에 대해 딸에게 주려고 부던하던 나를 돌아보면, 허구의 영화보다 나의 마음이 더 허상이라는 생각이 든다.한국 디즈니를 꿈꾸는 SAMG를 생각하면, 디즈니와 비교하지 않을 수 없었다. 올 해는 호퍼스와 토이스토리를 보았다.올 해 한정짓지 않더라도, 이만큼의 마음에 울림이 있는 영화는 없었다.코코가 그 평론과 내용 때문에 비슷한 결이라고 생각이 들었지만, 코코는 번뜩이는 아이디어로 마음을 흔들었다면, 하츄핑은 한국 특유의 신파 스토리에 강점이 있었다. 나는 이번에 마음에 더 흔들렸다.1편이 프리퀄로 이야기를 풀어가며 아름답고 반짝이는 작화와 노래로 기억을 남겼다면2편은 거기에 스토리와 감성을 얹었다. 아동 만화 제약을 업고서도 억지 없이꼭 티니핑이 아니어도 될 스토리라는 생각도 있었지만 마법과 공주 변신 결말은 티니핑 영화가 맞는 것 같다.각자 추억과 상처로 엄마를 기억하기에, 대부분 자녀와 볼 이 영화는 모든 부모의 어떤 감정을 흔들 영화라고 생각된다. 3편이 기대된다.그리고수 년이 지났음에도 나는 아직 이별 중인가보다."
사랑의 하츄핑: 고래보석의 전설,네티즌,10.0,요즘 리센느라는 그룹이 사랑받는 이유와 같이 어쩌면 우리 모두 혐오와 갈라치기 세상속 서로를 사랑하는 순수하고 가식없는 마음을 유지하고 싶어하는것같습니다 . 옛날 디즈니가 그러한 역할을 잘 해왔고. 이제는 하츄핑에서 그러한 가치를 볼수있어서 매우 좋았습니다.한국의 디즈니가 되길. 영화가 흥행해서 쭉 유지해갔으면 좋겠습니다 매우매우 잘봤습니다 연출력뿐만아니라 기술력도 확좋아요 부모된 마음으로써 좋네요
사랑의 하츄핑: 고래보석의 전설,네티즌,10.0,아이와 함께 본 첫영화네요. 어른이봐도 지루하지 않고 잼있어요 아이도 좋아했어요
사랑의 하츄핑: 고래보석의 전설,네티즌,10.0,1편보다 훨씬 영상미도 넘치고 감동스토리도 있고 정말 재미있게 봤네요^^
사랑의 하츄핑: 고래보석의 전설,네티즌,10.0,더운 여름에 눈물 쏙 빼네요영화보고 난 다음 아이들이 엄마 말 너무 잘 듣네요어머님들 애기들 어여 다 데리고 가세요!!
사랑의 하츄핑: 고래보석의 전설,네티즌,10.0,여름왕국 영상미 ost 한국의 디즈니
사랑의 하츄핑: 고래보석의 전설,네티즌,10.0,영상미 미쳤어요...
사랑의 하츄핑: 고래보석의 전설,네티즌,10.0,하츄핑 연기가 기대됩니다. 사랑합니다.
사랑의 하츄핑: 고래보석의 전설,네티즌,10.0,감동의 눈물핑 올해의 명작핑
사랑의 하츄핑: 고래보석의 전설,네티즌,10.0,
사랑의 하츄핑: 고래보석의 전설,네티즌,10.0,"스파이더맨, 오디세이 사이에서 당당히 살아남는 한국의 디즈니 하츄핑! 갓츄핑 짱츄핑!!!"
사랑의 하츄핑: 고래보석의 전설,네티즌,10.0,기대 이상으로~!!! 재밋었구 감동적이였구 더운여름이 날아간 느낌이였구 한 번 더 보고 싶은 영화 였습니당ㅠㅠ!!????????
사랑의 하츄핑: 고래보석의 전설,네티즌,10.0,겨울왕국을 능가하네요!!
사랑의 하츄핑: 고래보석의 전설,네티즌,10.0,20대 성인여성입니다 어른이 봐도 울컥하고 너무 몰입해서 재밌게 봤어요! 중간중간 울컥해서 미치는줄... 여튼 하나도 안 유치하고 디즈니 뺨친다 생각 ㅜ 한국 애니메이션의 미래는 티니핑이다..!!!
사랑의 하츄핑: 고래보석의 전설,네티즌,10.0,영상미가 좋네요 재밋어요
사랑의 하츄핑: 고래보석의 전설,네티즌,10.0,티니핑은 역시! 이번에도 흥할듯
사랑의 하츄핑: 고래보석의 전설,네티즌,10.0,"신랑과 둘이 보고왔습니다. 티니핑 엄청좋아하는 저희3살아들은 아직 어려서 저희끼리 보고왔는데, 결론부터 말씀드리자면 남편이랑 둘다 울고 나옴ㅋㅋㅋ 신랑 쌉T인데 제가 눈물 닦아줬어요.제가 지금까지 본 한국 애니메이션 중 역대급퀄리티!! 재미도 있고 감동도 있는 영화더라구요,, 아이들뿐만 아니라 어른들이 보시기에도 충분히 재미있는영화였어요! 여름왕국맞음 ㅋ추천합니당 꼭보세용~"
사랑의 하츄핑: 고래보석의 전설,네티즌,10.0,cg가 거의 디즈니와 맞먹을 정도네요.너무 잘 봤습니다
사랑의 하츄핑: 고래보석의 전설,네티즌,10.0,영상미...대박입니다. OTT 기다리는 분들도 계실 것 같은데...가능하시다면 이건 영화관에서 보는 것을 강력 추천드립니다. 사츄핑1때도 대단하다고 생각했지만...이건뭐...어나더 레벨이에요. 한국 애니메이션 영상제작수준이 이 정도까지 올라왔구나 생각하면서 국뽕이 막 차오르더라구요..ㅎOST는 전반적으로 좋은데요...[처음이라서]가 나올 때는 정말 (40대 아재인데...)어깨를 들썩이면서 울게 되더라구요..ㅜㅜ스토리는 뭐...누구나 엄마가 있기 때문에 모든 세대가 공감할 수 있는 내용이라고 생각합니다. 엄마...ㅜㅜ
사랑의 하츄핑: 고래보석의 전설,네티즌,10.0,이게 재미없다면 감정이 매마른거다.
사랑의 하츄핑: 고래보석의 전설,네티즌,10.0,"고3 학생으로서 내신과 생기부에 지쳐있던 마음을 달래준 영화였습니다. 너무 아름다운 영화였고, 예술 작품의 아름다움에 감탄해 눈물을 흘리는 이유를 알 것 같았습니다. 저도 영화를 보면서 아름다움에 경이로움을 느끼며 울었습니다. 정말 잘 봤습니다."
사랑의 하츄핑: 고래보석의 전설,네티즌,10.0,와 진짜 레전드 급으로 재밌었습¡¡하츄핑이 변신하는게 ㄹㅇ 겁나 이쁨!!!
사랑의 하츄핑: 고래보석의 전설,네티즌,10.0,아이보다 제가 더 재밌게보고왔습니다
사랑의 하츄핑: 고래보석의 전설,네티즌,10.0,엄청 재미있었습니다아아아
사랑의 하츄핑: 고래보석의 전설,네티즌,10.0,딸아이들과 함께 봤는데 너무 감동적이었습니다요즘은 어떤 영화를봐도 작품이라 생각되서 눈물이안나는데 오랜만에 영화보며 눈물 많이 흘렸네요영상미도 너무 아름답고스토리도 좋고음악도 훌륭합니다영화가 잘되길 응원합니다
사랑의 하츄핑: 고래보석의 전설,네티즌,9.0,"수능 99일남은 남고생, 펑펑 울고왔습니다.어린이 영화가 절대 아니에요.. 절대.. 눈치보지 마시구 꼭 디즈니 픽사 영화 보는것처럼 보고오십쇼 들어올땐 헛웃음으로, 나올땐 눈물자국 생긴채로 나오실겁니다"
사랑의 하츄핑: 고래보석의 전설,네티즌,9.0,"아동용 영화이고 5세 아동이 1:40정도 되는 러닝타임을 ""끝까지 재밌게"" 본것 만으로도 평점 10점 입니다.다만 어른의 시각으로 봤을 때 다소 미흡한 부분이 있어 1점 깎았습니다.==애들이 재미없다거나 무섭다는 이유로 1점은 이해가 가지만어른의 시각으로 스토리나 개연성 이유로 1점 준 사람들은 이해가 안되네요.아동용 영화는 애들이 재밌게 봤으면 그걸로 전부 아닌가요?"
사랑의 하츄핑: 고래보석의 전설,네티즌,10.0,"애들은 무조건 좋아합니다. ㅎㅎ 저도 같이 울었어요. 정말 재밌어 합니다. ㅎㅎ 어른의 시각에서는 초반 스토리 개연성을 지적하고 싶었으나 ㅋㅋㅋ 애들한테는 아무 의미 없고, 중후반부부터는 감동적으로 잘 끝나서 좋았어요. 요새 맨날 기괴하거나 복잡한 영화가 난립하는 가운데, 아무생각없이 일반 감정 건드리는 애들 영화보면서 저도 힐링했네요 ㅎㅎㅎ아무튼 애들과 같이가면 무조건 성공이고, 어른만 가실 분들은 그냥 편하게 뇌를 쉬다 온다 생각하고 가시면 힐링되고 좋습니다. :)"
사랑의 하츄핑: 고래보석의 전설,네티즌,10.0,정말 감동적이고 아주 블록버스터급입니다 너무재밌고 예쁘고 귀여워요
사랑의 하츄핑: 고래보석의 전설,네티즌,10.0,하츄핑 1에 이어 2도 즐겁게 감상 했습니다~!
사랑의 하츄핑: 고래보석의 전설,네티즌,10.0,스토리 따지는 방구석 전문가들애들영화에서 애들이 또 보고싶아.웃고 울면 그게 감동이지 뭐
사랑의 하츄핑: 고래보석의 전설,네티즌,10.0,끝나고 부모님한테 전화드렸어요 ㅋㅋㅋㅋ 30세 여성 혼자 보고... 같이 온 부모님들과 울었습니다 ㅎ
사랑의 하츄핑: 고래보석의 전설,네티즌,10.0,정말 재미있었어요. 엄마 아빠 말을 잘듣겠습니다
사랑의 하츄핑: 고래보석의 전설,네티즌,10.0,가벼운 마음으로 보러갔다가 완전 감동받고 나옴…또 보고싶다…
사랑의 하츄핑: 고래보석의 전설,네티즌,10.0,"영화 〈사랑의 하츄핑: 고래보석의 전설〉은 표면적으로는 화려한 마법과 귀여운 캐릭터가 펼치는 어린이용 애니메이션처럼 보이지만, 두 아이를 키우며 티니핑 1~6기와 영화까지 빠짐없이 관람한 부모로서 해당 내용을 육아와 성장으로 이야기해보고자 한다.아이의 성장은 연령별 발달 과업의 연속이다. 24~48개월의 배변 훈련이나 만 5~6세의 한글 공부처럼 마주해야 할 과제들이 존재한다. 성장 속도가 저마다 달라 부모와의 마찰은 필연적이며, 한쪽에만 맞출 수도 없다. 이 갈등은 자연스러운 계기로 풀리기도 하고 때론 남기도 한다. 로미가 프린세스로서 수행하는 마법 과업과 엄마 벨리타와의 갈등 역시 이러한 성장통을 대변한다.갈등 속에서 부모가 놓치지 말아야 할 본질은 사랑이다. 아이가 최초로 배우는 감정은 모체로부터의 사랑이다. 과업을 수행하며 좌절하는 아이에게 당장 부모의 믿음이 닿지 않더라도, 끝까지 사랑받고 있음을 느끼게 해야 한다. 이 과정에서 아이는 시련을 딛고 일어설 회복탄력성을 얻는다. 완벽하지 않은 로미 역시 뛰어난 체력과 단단한 회복탄력성으로 고난을 극복하며 마음의 힘으로 사건을 풀어나간다.아이의 진짜 힘은 외적 조건이 아닌 '마음의 힘'이다. 아이의 말과 감정에서 나오는 신비한 마음의 힘은 그 자체로 마법이며, 부모가 끊임없는 사랑을 쏟게 만드는 원동력이 된다. 아이에게 과업은 거대한 시련이고 자신의 능력은 초라해 보일 때가 많다. 하지만 포기하지 않고 꺾이지 않는 마음으로 기회가 왔을 때 도전한다면 시간이 흘러 결국 해내게 된다. 이 영화는 바로 그 소중한 진리를 아름답게 풀어내고 있다. (참고로 해당 영화는 TV티니핑 1기 이전의 이야기다. 따라서 이 자체로만 봐도 크게 문제가 없다. 따라서 변신도 못하는 것, 아무것도 할 수 없는 로미에 불편함을 느낄 수도 있겠지만, 그 로미의 감정이 우리 아이들이 해야할 과업에 대하는 감정이라고 보면 된다.)"
사랑의 하츄핑: 고래보석의 전설,네티즌,10.0,진짜 주변을 둘러보니 엄마들 다 울더라구요아빠라서 눈물이안나오는게 민망할정도로...ㅋㅋ아빠인저도 너무 재미있게 잘봤습니다다음엔 아빠의 스토리도...ㅋㅋ
사랑의 하츄핑: 고래보석의 전설,네티즌,10.0,"남편이 아들과 관람 후에 인생 최고의 애니매이션이라고 하면서, 5번 울었다고 하는데 저는 관람하지 못해서 이해가 안되어요. 영상 찾아보려고 왔어요♡"
사랑의 하츄핑: 고래보석의 전설,네티즌,10.0,"지방인데도 오전 시간부터 가족단위 관객이 정말 많았습니다. 아이들의 성향에 따라서는 조금 무섭거나 길게 느껴질수도 있지만 제가 본 상영관에서는 엄청 집중해서 잘보고, 크게 무서워하는 아이들은 없었습니다. 어른이 보기에도 영상미라던지 음악이라던지 그냥 디즈니 영화보고 있다고 생각이 들 정도입니다. 왜 한국의 디즈니, 여름왕국이라고 하는지 영화를 보면 이해가 됩니다. 누군가는 신파적이다, 스토리가 약하다 하시는 분들이 있는데 기본적으로 사랑의하츄핑은 어린아이들이 보는 영화입니다. 우리가 어릴 때 보던 포켓몬, 짱구, 아기자동차 붕붕 이런거 크게 서사나 스토리가 대단해서 본게 아니고내가 좋아하는 캐릭터가 나오고 그냥 그 자체로 재밌게 즐기고 볼 수 있어서 좋아했듯이.. 어린이 영화는 결국 아이들이 얼마나 즐겁게 보느냐가 가장 중요한 기준이라고 생각합니다. 그래서, 이동진 평론가님도 1편때 후기를 하기 어려웠다고 생각도 들고요. 아이들의 입장에서는 영상미도 아름답고, 재미와 감동도 주는 충분히 훌륭한 영화라고 생각합니다. ^^ 막판에 백지영X정지소 노래가 나오는 부분은.. 영상과 노래가 정말 찰떡이라서.. 옆에서 와이프가 먼저 훌쩍이고, 저도 자존심상하게(?) 눈물이 고였습니다. 신파적이기 보다는 훌륭한 영상미와 함께 어우러지는 노래로 이렇게 큰 감동을 줄수 있구나 느꼈습니다. 하츄핑&애들이 보는 영화다라는 편견을 벗어내고 본다면 어른이 보기에도 무조건 표값 이상은 하는 영화입니다. 꼭 한번 보시는걸 추천드립니다."
사랑의 하츄핑: 고래보석의 전설,네티즌,10.0,와아 ~ 영상미가 아주 좋습니다
사랑의 하츄핑: 고래보석의 전설,네티즌,10.0,이런걸 애들만 보고있었다고..? 한국영화의 미래 맞네 친구들이랑 울고웃다 나옴ㅋㅋㅋㅋ 하츄핑 소유국가 대한민국... 이제 디즈니 안부럽다
사랑의 하츄핑: 고래보석의 전설,네티즌,10.0,조카 데리고 언니랑 형부랑 같이 보러 갔다가 어른 셋만 엉엉 울고 나옴ㅋㅋㅠㅠ 아 하츄핑 정말 잘만들었네..
사랑의 하츄핑: 고래보석의 전설,네티즌,10.0,한국 영화의 희망을 봤습니다.. 하츄핑 퀄리티 대박이네
사랑의 하츄핑: 고래보석의 전설,네티즌,10.0,아빠도 울었다!!! ㅠ
사랑의 하츄핑: 고래보석의 전설,네티즌,10.0,가족과 보기 괜찮은 영화인듯 합니다. 흥행하세요~
사랑의 하츄핑: 고래보석의 전설,네티즌,10.0,너무 감동적이었어요ㅠㅠ
사랑의 하츄핑: 고래보석의 전설,네티즌,10.0,가족과 함께 즐기기 너무 좋은 영화였습니다!!
사랑의 하츄핑: 고래보석의 전설,네티즌,10.0,보는맛이 있어서 좋았습니다
사랑의 하츄핑: 고래보석의 전설,네티즌,10.0,어른들이 봐도 눈물 뚝뚝 흘립니다... 강추!!
사랑의 하츄핑: 고래보석의 전설,네티즌,10.0,꼭 보세요! 두번 보세요!
사랑의 하츄핑: 고래보석의 전설,네티즌,10.0,오늘 아침에 조조로 혼자 보러 갔었는데 로미와 벨리타 왕비의 서사를 보고 부모와 자식의 갈등을 영화로 잘 풀어냈는데다 후반부에 벨리타 왕비의 희생으로 사망하고 나온 회상부에서 눈물이 계속 멈추지 않았네요...벨리타의 입장에서는 왕국 전체에 미래가 걸린 문제다보니 다소 엄격하게 나갔고 로미의 입장에선 자기 마음을 몰라주니 답답하게 느끼니 부모와 자식이 서로 다 아는 것 같아도 모르는 것이 많고 진심어린 대화와 이해가 중요하단 걸 깨닫게 해주는 영화였어요.아직 결혼도 안했지만 어릴 적에 아버지에 대한 상처 때문에 의절하여 남보다 못한 관계가 되어버렸지만 언젠가 나중에 내가 아빠가 된다면 내 아이에게는 절대 그런 상처는 주지 않을 것이고 어떤 부모가 되어줄까라는 생각도 되새겨보게 되는 영화였고 최고입니다!!
사랑의 하츄핑: 고래보석의 전설,네티즌,10.0,정말 너무 재밌게 봤어요 영상미가 너무 아름다워서 어른인데도 감동하면서 봤어요ㅠㅠㅠㅠ
사랑의 하츄핑: 고래보석의 전설,네티즌,10.0,영상미가 전편과는 비교불가함.음악도 백지영이면 올킬아닌가?스토리는 아이들 애니를 생각하면 나쁘지 않았음.눈물버튼 있어서 아이들 마니 울듯.
사랑의 하츄핑: 고래보석의 전설,네티즌,10.0,굿굿굿굿보세요꼭꼭진짜
사랑의 하츄핑: 고래보석의 전설,네티즌,10.0,정말 재미있음. 어른이 봐도 재미있음
사랑의 하츄핑: 고래보석의 전설,네티즌,10.0,꼭 보세요. 2번 보세요
사랑의 하츄핑: 고래보석의 전설,네티즌,10.0,영상미가 압도적으로 좋아요
사랑의 하츄핑: 고래보석의 전설,네티즌,10.0,5살 딸과 처음 영화 봤는데 너무 잘 만들어서 놀랬습니다~ 눈물이 줄줄 ㅠ 너무 감동적이였어요 최고의 추억을 만들어 주셔서 감사합니다!
사랑의 하츄핑: 고래보석의 전설,네티즌,10.0,눈물잼 그래도 이만한게 없음~
사랑의 하츄핑: 고래보석의 전설,네티즌,10.0,"8살 남자아이와 같이 보는데, 전 펑펑 울고 아들은 숨어서 눈물을 훔쳤네요~~색감도 넘 이쁘고 노래도 중간중간 나오니 지루하지 않고 전반적으로 재밌게 잘 보았어요!"
사랑의 하츄핑: 고래보석의 전설,네티즌,9.0,"초반에 지루했던 서사가 막판 백지영에게 뒤집혔다. 티니핑을 보러온 아이는 영상미만, 오히려 동행한 부모가 눈물이 찔끔 나는 영화. 뭐, 애들 영화에 서사가 중요하리. 영화적 허용이 뭐가 중하리. 그리고 모든 부족한걸 잊게 하는 마지막 장면이 최고였다. 알라딘이 생각나지만 어차피 애들 영화."
사랑의 하츄핑: 고래보석의 전설,네티즌,10.0,"하츄핑이라는 항마력만 버틴다면, 그 이상의 감동과 재미를 느낄 수 있어요. 1편도 큰 기대없이 봤다가 '우와'하면서 나왔는데, 2편은 기대했는데도 기대이상이었습니다."
사랑의 하츄핑: 고래보석의 전설,네티즌,9.0,영상미 매우 뛰어나고 음악도 좋아요~ 마지막에 빌런을 무찌르는 방식이 참 마음에 들었어요. 러닝타임이 길긴하지만 아이들도 감동하며 즐겁게 봤어요. 추천합니다~ 근데 남주 엄마는 어디에 계시는 건지….. 혼자 못만나서 계속 신경쓰임….ㅠㅠㅠ
사랑의 하츄핑: 고래보석의 전설,네티즌,10.0,사랑의하츄핑1을 너무 재미있게봐서 2편은 실망하지 않을지 걱정했었는데 괜한 걱정이었어요5세 아이 옆에서 펑펑 울었네요너무 감동이였어요 진짜 강력 추천
사랑의 하츄핑: 고래보석의 전설,네티즌,10.0,"6세 딸아이랑 같이 봤는데.. 사실 보기 전에는 별 감흥 없었는데 중간에 눈물 펑펑 쏟고 나왔네요... OST, 영상, 스토리 뭐 하나 빠질게 없습니다..!!"
사랑의 하츄핑: 고래보석의 전설,네티즌,10.0,귀엽고 웃기고 멋있고 감동적이고..겨울왕국이랑 어깨를 나란히 해도 손색없을거 같아요!!!
사랑의 하츄핑: 고래보석의 전설,네티즌,10.0,영화 3번 봤는데요 3번 다 울었어요
사랑의 하츄핑: 고래보석의 전설,네티즌,10.0,"34살 먹은 7살 아들 키우는 엄마에요..스토리도 탄탄하고, 감동도 있고, 재미까지 있어요..울고 나왔네요!!아들도 집에 오는길에 슬펐대요ㅎㅎ"
사랑의 하츄핑: 고래보석의 전설,네티즌,10.0,너무재미있어요 그리고 아이가좋아하고 ost도너무좋고 영상동 너무좋아요
사랑의 하츄핑: 고래보석의 전설,네티즌,10.0,생각없이 갔다가 . 다섯살 딸이랑 펑펑울고옴 . 설마 백지영? 하츄핑 에 백지영? 와 ㅠ OST 백지영 이라 더 몰입됨. 대한민국 애니도 수준급 . 많이 발전함! 아기손수건 엄마손수건 챙겨가야함
사랑의 하츄핑: 고래보석의 전설,네티즌,10.0,5세 딸아이와 본 첫 영화아이가 1시간반 동안 집중해서 보면서 네번이나 울었네요. 스토리도 탄탄하고 영상미도 너무좋아요!!! 정말 최고였어요
사랑의 하츄핑: 고래보석의 전설,네티즌,10.0,마지막 OST는 정말 영상미와 감동입니다
사랑의 하츄핑: 고래보석의 전설,네티즌,10.0,감동적 애니메이션...
사랑의 하츄핑: 고래보석의 전설,네티즌,10.0,아이들용 영화라고 생각하겠지만 보고나면 가족이랑 같이봐도 너무좋은 가족영화다
사랑의 하츄핑: 고래보석의 전설,네티즌,10.0,처음시작할때부터 눈물버튼 켜지고 참고참다가 마지막에 다 쏟아냈습니다아이들영화보면서 이렇게 눈물이나는건 처음이라주변신경쓰이기도 했지만 진짜 주체 안됩니다… 울게만들려고 작정한 영화였습니다 긴말필요없고 이건 직접봐야합니다
사랑의 하츄핑: 고래보석의 전설,네티즌,10.0,"정말 아름다운 영상, 집에서 보기엔 아깝네요"
사랑의 하츄핑: 고래보석의 전설,네티즌,10.0,재밌고 감동적이었습니다..ㅠㅠ
사랑의 하츄핑: 고래보석의 전설,네티즌,10.0,스토리가 감동적이고 음악 너무 좋아요
사랑의 하츄핑: 고래보석의 전설,네티즌,10.0,너무 재밌게봤음 핑들이 너무귀여움ㅋㅋㅋ약간아쉬운건 사랑의하츄핑1에서는 애들도 따라부를만한 OST였는데 이번영화는 거의 드라마OST급으로 화려함 노래는너무좋지만 애기들이 따라부르긴힘들거같아서 그건조금아쉽고 영화는 너무재밌음ㅋㅋㅋ(39세)
사랑의 하츄핑: 고래보석의 전설,네티즌,10.0,성인들 어서봐요 잼나요 ㅎㅎ
사랑의 하츄핑: 고래보석의 전설,네티즌,10.0,"나 아빠인데, 내가 눈물을 흘릴줄은 상상도 못했다"
사랑의 하츄핑: 고래보석의 전설,네티즌,10.0,아이들영화를보며종종감동은느꼈지만오열한건 처음이였습니다전편보다 탄탄한느낌남자아이도잘보고ost는 너무좋아요
사랑의 하츄핑: 고래보석의 전설,네티즌,10.0,"저는 13살 남자이고요. 11살 남동생과 영화를 보러갔습니다. 이번 사랑의 하츄핑 고래보석의 전설의 스토리가 전반적으로 모험이 있었고 실감적이었습니다. 저도 영화를 보며 슬픈장면일때면 눈물이 나오긴했었습니다. 그래도 끝까지 영화를 봐서 재미있었습니다. 이 영화를 보며 가족이 얼마나 소중한 존재인지 가족의 중요성을 알수 있는 시간이었습니다. SAMG, 여러 성우진들께 감사드립니다. 3번째 영화도 기대하겠습니다."
사랑의 하츄핑: 고래보석의 전설,네티즌,9.0,아이들용이라 스토리는 평범하지만진짜 영상미가 너무 좋아요 예뻐서 눈을 어디둬야할지 모를정도! 시원한 바다 별빛하늘이 정말 아름다웠어요
사랑의 하츄핑: 고래보석의 전설,네티즌,10.0,10살 딸이랑 같이 봤는데 감동적이고 재밌게 봤습니다.
사랑의 하츄핑: 고래보석의 전설,네티즌,10.0,8살10살 아이와 봤는데영상과 음악 스토리 어느하나 별루인게 없었어요T인줄 알고 있던 엄마인 저는 이거 보면서F인걸 알았어요너무 감동적이예요ㅜㅜ
사랑의 하츄핑: 고래보석의 전설,네티즌,10.0,14살 처먹은 남자애가 오늘은 엄마랑 같이 자야지♡ 인팁인데 눈물 흘림
사랑의 하츄핑: 고래보석의 전설,네티즌,10.0,참 재미있어요. 감동이 있 습니다
사랑의 하츄핑: 고래보석의 전설,네티즌,10.0,"단순한 유아용 만화 영화라는 편견을 깨는 웰메이드 K-뮤지컬 애니메이션입니다. 아이들에게 봉사하러 갔다가 뜻밖의 감동과 화려한 비주얼에 대량 치유받고 나오는 기분을 느낄 수 있습니다. 만약 아이 없이 혼자 혹은 연인끼리 보러 갈 배짱이 있다면, 의외로 꽤 훌륭한 영화 경험이 될 것입니다."
사랑의 하츄핑: 고래보석의 전설,네티즌,10.0,엄마랑 보는걸 추천드려요 한국판 디즈니로 조금씩 성장하는게 보이네요.너무 많은것을 넣으려한 느낌이 있습니다.
사랑의 하츄핑: 고래보석의 전설,네티즌,8.0,로미 이쁘고 카이 잘생겼어요.너무 재밌어요
사랑의 하츄핑: 고래보석의 전설,네티즌,10.0,재미따 히히.. ( 진짜 재밌다는 거임 )
사랑의 하츄핑: 고래보석의 전설,네티즌,10.0,12살딸이랑 8살아들이랑 즐거운마음으로 보러가서12살딸이랑 끌어안고 울었어요ㅠ진짜 끝부분 백지영&정지소 ost도 한몫했어요ㅠ엄마와 딸 입장으로보고 들으니 그냥 눈물이ㅠ애들애니가 이래도되는건가요ㅠㅠ
사랑의 하츄핑: 고래보석의 전설,네티즌,10.0,마지막에 처음이라서 노래 나온 장면에 눈물이 주르륵 ㅠㅠ 엄마를 생각 나게 만드는 영화 ㅠㅠ
사랑의 하츄핑: 고래보석의 전설,네티즌,10.0,5살 10살 두 딸 아이와 함께 봤어요.아무런 정보없이 가서 봤는데 어른이 보기에도 정말 좋았습니다.ost도 좋았고 요즘 10살 딸아와 방학기간 좀 속상했는데 영화보며 눈물 났습니다.저는 개인적으로 잘 봤습니다!
사랑의 하츄핑: 고래보석의 전설,네티즌,10.0,성인인 내가 혼자 가서 봐도 정말 감동적이었다 ㅠㅠㅠ 엄마가 가출하고 이혼해서 없는데 눈물이 나올뻔함 엄마가 보고 싶어졌더라 ㅠㅠ
사랑의 하츄핑: 고래보석의 전설,네티즌,10.0,올해 38살에 둘째 임신하고 갔는데 진짜 너무 잘 만든것 같아요^^스토리도 너무 좋고 모든 그림체가 완벽했어요아이나 어른들이 가서 봐도 손색없는 애니메이션 영화예요 VOD나오면 또 볼것 같아요????
사랑의 하츄핑: 고래보석의 전설,네티즌,10.0,29개월 남매 쌍둥이 데리고 관람했습니다. 아내랑 저는 도중에 잠깐 졸았지만 아가들은 제일 앞자리였는데 고개를 올려 스크린을 바라보며 자리에 서서 춤도 추면서 보는데 너무 귀여웠네요. 아가들과 첫 영화감상에 감동이었고 영화도 재밌고 감동이였어요. 아내는 우네요 ㅎㅎ
사랑의 하츄핑: 고래보석의 전설,네티즌,10.0,20대중반 여자 혼자 가서 봤습니다재밌어요ㅠ
사랑의 하츄핑: 고래보석의 전설,네티즌,10.0,엄마와 딸이 보면 감동지수 100배 업!! 눈물 펑펑 감동적이였어요 ㅠㅠ
사랑의 하츄핑: 고래보석의 전설,네티즌,10.0,평이좋아서 보러갔는데 눈물펑펑 울다왔네요. 감동.재미.모두모두~~티니핑만세~^^로미만세~ 꼭보세요ㅎㅎ
사랑의 하츄핑: 고래보석의 전설,네티즌,10.0,애도 없는 30대 여자가 보고도 눈물 흘린 영화
사랑의 하츄핑: 고래보석의 전설,네티즌,9.0,"이정도로 만들었다는게 대단하긴하다. 그런데 TV판으로 보아온 티니핑적인 특성은 옅고 나디아+겨울왕국+니모를찾아서를 짬뽕해 놓은 것 같은 구성. 등장인물들이 툭하면 울고, 모녀 관계에 대한 반복적인 노출은 눈물을 강요받는 듯 했음. 전체 분량을 20분 정도 줄였으면 더 낫지 않았을까 생각될 정도로 너무 하고 싶었던 것 다 보여준 느낌. 이래저래 아쉬운 점도 있었지만 뮤지컬 장면들은 하나 같이 감탄하며 봤다. 마지막으로.. 로미 아빠는 아내가 잡혀갔는데 어디가서 코빼기도 안비추는지?"
사랑의 하츄핑: 고래보석의 전설,네티즌,10.0,"40대 중반 아빠이고 7살 딸아이랑 같이 보구 왔습니다. 제가 극T라 1탄에서는 사진하나 보구 내짝꿍 그러믄서 목숨 바쳐 좋아하는게 전혀 이해도 안되고 억지스러운 감이 있었는데, 요번엔 스토리도 괜찮고, 유머도 있고 영상이나 연출 ost 모두 퀄리티가 너무 좋아진듯해요.아이가 후반에는 슬프다면서 계속 울어서 달래느라 혼났네요~ 강추합니다 ㅎㅎ"
사랑의 하츄핑: 고래보석의 전설,네티즌,8.0,이제 하츄핑은 좋아하지않지만 한번 보러가겠다는(센척하는) 8세 딸과 콧등 시큰거리며 보았어요~바다 영상미가 황홀할지경이었답니다.사실 성인이 보기엔 개연성이 부족할 수 있는데 아이들이 보기에는 무난했던것 같아요.다만 개인적으로는 ost가 아쉬웠어요. 1기의 뮤지컬배우의 감성 ost가 더 여운에 남았고 영화 관람후에도 플리에 넣을 정도였는데 2기는 무슨 노래가 있었는지 기억조차 나지않고 신파적인 요소만(특히 백지영님이 부른 마지막 엄마와의 재회 노래) 부각된것 같아서 올드한느낌?? 아쉬웠어요.
사랑의 하츄핑: 고래보석의 전설,네티즌,10.0,우리나라 치고는 잘만듬 내용은 별로
사랑의 하츄핑: 고래보석의 전설,네티즌,10.0,7살5살 애들데리고 봤는데요. 애들은 너무 재밌게 보고 어른입장에서도 괜찮았어요 ㅎㅎ 애들 데리고 볼 영화로는 만점입니다 ㅋ
사랑의 하츄핑: 고래보석의 전설,네티즌,10.0,아이가 집중하고 오랜시간 볼 수 있다는 것 자체가대단한 영화입니다
사랑의 하츄핑: 고래보석의 전설,네티즌,10.0,"딸 둘 엄마인데요. 아이들이랑 남편이랑 가서 봤어요. 제가 계속 울고 있으니 옆에 앉은 둘째 4살 아이가 엄마 사랑해요 하네요 ㅠㅠ ㅠㅠ 6살, 4살 아이가 태어나서 첨으로 영화관에 가서 관람한 영화예요. 두고두고 기억에 남을 것 같아요"
사랑의 하츄핑: 고래보석의 전설,네티즌,10.0,우리딸들이랑 나랑 엉엉울음 나 t아니네… 잘 만들었네 ㅎ
사랑의 하츄핑: 고래보석의 전설,네티즌,10.0,그냥 미쳤다....하츄핑 안보면 후회합니다 뭐 하나 빠지는게 없네요...
사랑의 하츄핑: 고래보석의 전설,네티즌,10.0,꼭 아이들이랑 같이 보는걸 추천! 3살 아기도 눈을 떼지 못하고 봤어요~ 영상 퀄리티도 이전보다 업그레이드 된!!
사랑의 하츄핑: 고래보석의 전설,네티즌,10.0,"우리 6살 공주님 훌쩍,훌쩍 초반부터 울면서 눈물 참으려고 팝콘 막 우겨넣더니….결국 눈물포인트에서 아이가 폭풍 오열하면서 울었네요ㅠㅠ 백지영님 목소리의 파워를 또 한번 영화를 통해 다시금 알 수 있었어요ㅎㅎ"
사랑의 하츄핑: 고래보석의 전설,네티즌,10.0,펑펑 운 딸래미 T엄마인 제가 봐도 뭉클 했어요 집에 와서도 ost 처음이라서 듣고 딸래미 오열중이에요 집안에 ost가 울려퍼져요이번 영화 ost 너무 좋아요 영화 꼭 보세요 재밌어요
사랑의 하츄핑: 고래보석의 전설,네티즌,10.0,"영상미가 아주 뛰어나고, 순수한 감동도 있어서 어린이 영화로 완전 추천합니다^^"
사랑의 하츄핑: 고래보석의 전설,네티즌,10.0,"초반 빌드업의 지루함만 견디세요!아기고래 눈물 나오는 씬부턴 몰입도 확 올라가고, 그 이후론 쭉 재밌습니다!! 아이에겐 최고의 영화, 어른도 같이 볼만한 영화 (객관적으로 보면)"
사랑의 하츄핑: 고래보석의 전설,네티즌,10.0,눈물 나게 재밌네요아이가 있다면 필수 코스인듯
사랑의 하츄핑: 고래보석의 전설,네티즌,10.0,"6살 딸이랑 보면서 울었어요.딸도 울고 엄마도 울음 참느라 ㅠㅠ아주 혼났네요.엄마 주제인데 아빠를 안고 오열하는 딸래미 땜시 갬덩이 조금 식어서눈물을 쏟진 않았습니다만..남자애들도 재밌게 볼것같아요.해적씬,바다,물고기,고래 연출도 화려하고 좋았어요.1편의 OST가 너무 좋아서이번편은 엥?하다가 마지막 백지영님의 목소리 ㅠㅠ이게 킥이었어요. ㅠㅠㅠㅠ"
사랑의 하츄핑: 고래보석의 전설,네티즌,10.0,아이들과 재밌게 봤습니다
사랑의 하츄핑: 고래보석의 전설,네티즌,10.0,딸을 위해 같이 보러간건데 제가 더 재밌게 보고왔네요ㅎ 강츄우!!!!
사랑의 하츄핑: 고래보석의 전설,네티즌,8.0,어른의 감상평: 각성한 사춘기 딸래미 vs 갸라도스(feat. Power of Love with Mother) 아이의 감상평: 티니핑과 함께하는 너무 멋진 바다탐험.
사랑의 하츄핑: 고래보석의 전설,네티즌,9.0,쌉T 엄마인데 눈물 흘릴줄 몰랐어요...아이랑 꺽꺽대며 울었습니다. 친정엄마도 생각나고 아이들도 더 소중해 지는 시간이었네요.
사랑의 하츄핑: 고래보석의 전설,네티즌,10.0,엄마와 딸의 감동적인 스토리! OST도 너무 좋아요.간만에 딸과 즐거운 영화 잘 관람했어요.
사랑의 하츄핑: 고래보석의 전설,네티즌,10.0,주말에 한번 더 봐야겠어요. 1편때도 2번 봤는데.... 이건 몇번 볼지 감도 안오네요
사랑의 하츄핑: 고래보석의 전설,네티즌,10.0,멋진영화 최고였어요!!
사랑의 하츄핑: 고래보석의 전설,네티즌,10.0,"조카가 전날 스파이더맨을 너무 재밌게 봐서 오늘 또 영화관 가자고 조르더라고요. 하츄핑은 제가 보기엔 좀 그럴 것 같아서 혼자 보라고 했다가 조카랑 의절할 뻔 했습니다.전 스파이더맨 보고 울었는데, 조카는 하츄핑 보고 우네요.영상이 너무 시원했어요.조카가 좋아하니 저도 더 재밌게 본 느낌입니다."
사랑의 하츄핑: 고래보석의 전설,네티즌,10.0,오늘 여친이랑 보러갔는데 너무 잼나고감동이네요확실히 여름왕국 하는 얘기 이유를 알겠어요.감동 및 영상미 내용 스토리까지아이들도 좋아하고 어른들도 좋아하네요
사랑의 하츄핑: 고래보석의 전설,네티즌,10.0,인정한다.. 37살인 나 눈물 찔끔남 ㅋㅋㅋ
사랑의 하츄핑: 고래보석의 전설,네티즌,10.0,백지영 정지소ost몰입도최강
사랑의 하츄핑: 고래보석의 전설,네티즌,10.0,해적단 캡틴이 너무 이쁘네요
사랑의 하츄핑: 고래보석의 전설,네티즌,10.0,"그래픽도 정말 좋고 ost도, 스토리도 다 좋네요. 웃음과 눈물이 교차하며 감동 짱입니다. 아이도, 부모님도 모두에게 만족스러운 너무 좋은 영화네요. 강추합니다."
사랑의 하츄핑: 고래보석의 전설,네티즌,10.0,티니핑 이번 영화 대박날듯~~
사랑의 하츄핑: 고래보석의 전설,네티즌,10.0,초3초2딸들 엉엉울면서봄ㅋㅋㅋ뒷자리앞자리 싹다움ㅋㅋ노래가 좋음ㅋ
사랑의 하츄핑: 고래보석의 전설,네티즌,10.0,로미의각성은전설이다.
사랑의 하츄핑: 고래보석의 전설,네티즌,10.0,스토리가 별로 여자애 지능이 유치원생같아요뇌 꽃밭..남주 볼때도 일단 폭력부터..애들 애니에 뭐지했네요
사랑의 하츄핑: 고래보석의 전설,네티즌,10.0,사랑의 하츄핑보다 훨씬 더 발전했네요. 상영회에서 개봉 전에 관람했는데 6살 아이가 또 보고싶다고 해서 재관람예정입니다. (아이는 미니언즈보다 재밌었다고 하네요.^^)
사랑의 하츄핑: 고래보석의 전설,네티즌,10.0,요즘 더운데 바다를 배경으로 한 영상미에 눈을 뗄수 없었고 특히 OST가 너무 좋네요 딸이 의외로 해적들을 재밌어해서 또 보러가자고하네요
사랑의 하츄핑: 고래보석의 전설,네티즌,10.0,영상미 스토리 다 잡았어요 아이뿐 아니라 어른도 감동적이었네요
사랑의 하츄핑: 고래보석의 전설,네티즌,10.0,영상미 엄청나네요. 아이랑 같이 엄청 몰입해서 봤어요.
사랑의 하츄핑: 고래보석의 전설,네티즌,10.0,우선 연출과 그래픽이 화려합니다 그리고 내용도 가족들이보기에너무좋아요
사랑의 하츄핑: 고래보석의 전설,네티즌,10.0,한국 애니메이션이 이런 퀄리티가 나올 수 있다는게 자랑스럽다. 어른도 같이 보기 좋은 영화. 엄마 생각에 눈물이 찡
사랑의 하츄핑: 고래보석의 전설,네티즌,10.0,재밌어요또보고싶어요
사랑의 하츄핑: 고래보석의 전설,네티즌,1.0,티니핑 얼마 나오지도 않고 왜 나오는지도 모르겠음. 하츄핑은 주인공도 아님
사랑의 하츄핑: 고래보석의 전설,네티즌,4.0,"이걸보고 성인이 운다고...? 주인공캐릭터는 처음부터 끝까지 거의모든장면에서 지겹게도 질질 짜기만 하고 능력치는 1도없으면서 뭘믿고 엄마를 구하러 간다는건지 납득이안되고 저집은 아빠가 없나...? 왕은 허수아비인지 과하게 엄마 딸만 나오고스토리,대사 뚝뚝 끊겨서 몰입을 할수가 없는데 어떻게 우는지.. 영상은 예뻤음"
사랑의 하츄핑: 고래보석의 전설,네티즌,10.0,대체 영유아 애니메이션을 성인잣대로 이러쿵저러쿵 비판하는 사람들은 평소 실생활에서 자존감 채울 기회가 없어서 그러는건가?속칭 현실찐따여서??영유아들이 오디세이 재미없다고하면 망작인가?? 니네 감상평을 적지말고 애기들 감상평을 옮겨~아니면 지들 지적수준이 영유아여서 그러는건가?
사랑의 하츄핑: 고래보석의 전설,네티즌,2.0,개연성이랑 스토리개판임캐릭터들도 깊이감이없고 행동이 다 말이안됨로미는 오븐 태워서 불내놓고 실실거리고드래곤은 로미 죽이러 왔는데 엄마만 납치하고 그냥 집으로가고로미는 엄마 납치당했는데 생사도 모르는데 일어나자마자 실실 웃으면서 남주랑 바다수영 한번 신나게 조지고남주는 해적선 쳐들어가는데 계획도 없고 로미는 좋다고 방방뛰고영화 초반부터 후반까지 이딴식으로 총체적 난국임후반부에 마지막 억지감동유도랑 백지영 OST로 어느정도 커버치긴 하는데 전작에 비해 너무 졸작임전편은 진짜 좋았는데 아쉬움엄마랑 딸이랑 보러가면 좋아하긴할듯근데 영화 전반적으로 유치원생 타겟영화로 바뀜전작은 진짜 코리아 디즈니 급이어서 기대가 컸는데 이대로 끝난것 같아서 아쉽보편적인 스토리 개판 마지막 눈물짜내기 신파극 영화가되어버림 근데 딸이랑 와이프는 펑펑 울긴하드라 별 생각없이 보러온 엄마랑 딸 타겟 성능은 확실한듯근데 하츄핑 첨부터 끝까지 대체뭐하냐?
사랑의 하츄핑: 고래보석의 전설,네티즌,4.0,"하품나와서 눈물흘림ㅠㅠㅎ뒷줄에 6-7세 아이들은 오열하던데 막판에 ost나오는 장면은 엄마들 즙짜라고 끼워넣은 장면같았음,,ㅎㅎ핳 인상깊었던건 색감이 예뻣다? 아이들이 좋아하면 됐죠 뭐 방울핑 귀여웠어요~~~"
사랑의 하츄핑: 고래보석의 전설,네티즌,10.0,영화을 보고 확신했습니다.하츄핑은 전세계 아이들을 사로잡고 글로벌IP가 될겁니다.
사랑의 하츄핑: 고래보석의 전설,네티즌,10.0,이제 애니까지도 디즈니를 넘보는 완성도.대한민국이 넘사벽의 세계 최선진국임을이 애니메이션 하나로 증명할수 있음.
사랑의 하츄핑: 고래보석의 전설,네티즌,10.0,아이와 가서 즐겁게 관람했습니다. 좋은 추억이 될 것 같아요. 기대이상의 재미와 감동이었습니다.
사랑의 하츄핑: 고래보석의 전설,네티즌,10.0,제 인생의 마지막 잎새가 떨어지기 전에 꼭 한번 보고싶어요.
사랑의 하츄핑: 고래보석의 전설,네티즌,10.0,4살 딸과 관람했습니다.38살 아빠입니다.눈물참느라 애좀 먹었습니다ㅜㅜ
사랑의 하츄핑: 고래보석의 전설,네티즌,10.0,이번작은 역대급이다! 어른이를 위한 동화라고 해도 과언이 아닐만큼 감동의 쓰나미.. 눈물이 핑.. 사랑의 하츄핑… 감동이야아..ㅠㅜ
사랑의 하츄핑: 고래보석의 전설,네티즌,10.0,최고였습니다.딸아이가 너무 좋아하네요
사랑의 하츄핑: 고래보석의 전설,네티즌,10.0,아이도울고 저도 울고 감동적이고 너무 재밌게봤어요 처음이라서 노래나오는데 닭살이 돋으면서 눈물쏟았네요 노래들도 너무 좋아요 한국애니가 이렇게 수준이 높아졌을줄이야 너무 잘보고 왔어요 아이 첫영화 대성공입니다^^
사랑의 하츄핑: 고래보석의 전설,네티즌,10.0,"아이와 보러갔다가 제가 더 감동했어요. 시시한 애니메이션 아니고 감동,재미 다 있는 영화예요. 영상미도 너무 예뻐서 푹 빠져들었답니다. 강추!"
사랑의 하츄핑: 고래보석의 전설,네티즌,10.0,사랑의 하츄핑 보고 울었음.. 그리고 로미하고 벨리타 왕비의 모녀 싸움도 너무 슬펐음.. 2024년도에 최초로 개봉한 영화 사랑의 하츄핑이 있었던거 같은데 이번거는 진짜 명작이고 ost 내용이 알차서 좋았음^^ 최고 중의 최고! 마지막 여름 선물 같기도 하고~
사랑의 하츄핑: 고래보석의 전설,네티즌,10.0,두아들엄마 너무 재밌고 감동적이라 보고 울었어요~영상도 너무이쁘고 !! 몰입도 최고`\~
사랑의 하츄핑: 고래보석의 전설,네티즌,10.0,아~~~ 감동. ㅠㅠ 울었습니다.
사랑의 하츄핑: 고래보석의 전설,네티즌,9.0,"딸 때문에 같이 보게 된 하츄핑. 사랑의 하츄핑 영화로 시작되었는데 어른이 보기에도 너무 재밌더라고요?! 2편은 영상미가 더 예뻐졌네요! 엄마와 딸의 얘기일거라 생각은 했는데 알고 봐도 엄마는 웁니다ㅠㅠㅠㅠ 4살 때 1편 보고 울던 딸 아이는 6살 2편 볼때는 시크하네요 ㅋㅋ 아니면 영화관이라 깜깜해서 내가 못 본건가…그런데 보는내내 드는 생각은 왜 엄마가 1편 때보다 젊어졌지??? 엄마만 과거로 돌아갔나?? 시간상 1편에 이어지는거 맞죠? 마지막 클라이막스 전개가 좀 아쉽긴 하지만 결국은 사랑. 사랑이 모든걸 이긴다! 모녀가 같이 봐야할 영화!! 디즈니 알라딘, 모아나, 겨울왕국 장면들이 생각나는 K애니메이션!"
사랑의 하츄핑: 고래보석의 전설,네티즌,10.0,"와 하추핑을 보며 내가 울다니,,딸이랑 같이 보루갓다가 함께 울엇네요"
사랑의 하츄핑: 고래보석의 전설,네티즌,10.0,"5살 딸아이 보여주려고 9살,13살 남자아이들과 함께 보러갔는데 처음에는 큰 기대 안하고봤는데 눈물쏙 뺐네요.. 내용이 유치하지가 않고 아주 다양해요 솔직히 초등학생정도는 되야 내용을 잘 이해할 수 있을것 같아요~ 그래픽도 아주 훌륭하고 한편의 뮤지컬을 보는 것 같아서 참 다채롭고 재미있었던 것같네요ㅎㅎ"
사랑의 하츄핑: 고래보석의 전설,네티즌,10.0,디즈니 따라하기..하지만 재밌음알라딘 비슷한 연출
사랑의 하츄핑: 고래보석의 전설,네티즌,10.0,"정말 슬프고, 눈물을 흘리고 봤어요ㅠ"
사랑의 하츄핑: 고래보석의 전설,네티즌,10.0,아래뒤양옆 다우니까 영상못보겠더라고 안우는척할려고 인스타 릴스 보면서 무시하는데도 눈물이 나오더라 ㅜㅜ
사랑의 하츄핑: 고래보석의 전설,네티즌,10.0,망가져가는 세상에서 용감하게 사랑을 노래한다
사랑의 하츄핑: 고래보석의 전설,네티즌,10.0,좀더 흥행해서 한국 애니매이션이 더 만들어지기를 응원합니다나름 잼났어요
사랑의 하츄핑: 고래보석의 전설,네티즌,10.0,디즈니도 망하고 망한 작품 수없이 많음. 비록 스토리 개연성 부족한 부분 보이지만 앞으로 쑥쑥 성장해서 한국의 디즈니가 되길 바람. 하츄핑 극장판 3편 제작할 때는 시나리오 라이터를 잘 섭외해서 대미를 장식해주기를...
사랑의 하츄핑: 고래보석의 전설,네티즌,10.0,하츄핑은 더 이상 아이들만의 이야기가 아닙니다. 우리 모두가 즐길 수 있는 이야기 입니다.
사랑의 하츄핑: 고래보석의 전설,네티즌,10.0,이거보고 눈물날줄몰랐어요.. 너무 잘만들었네요
사랑의 하츄핑: 고래보석의 전설,네티즌,10.0,언니랑조카랑보러갔는데슬퍼서제가울다왔네요ㅜ재밌고감동적이에요~
사랑의 하츄핑: 고래보석의 전설,네티즌,10.0,정말잘만들었네요아이들도재밌게봤습니다
사랑의 하츄핑: 고래보석의 전설,네티즌,10.0,뮤지컬 보는 것 같아요. 엄마와 아기의 애뜻한 사랑 얘기가 감동적인데. 끝으로 갈수록 반복돼서 마지막 부분에서는 조금 지겨웠어요하지만 이 정도 퀄리티 만들어 내신 거에 만점 드립니다. 진짜 고생 많으셨을 듯OST 전부 다 좋았는데 백지영님 좋아하는데 너무 유명하신 분이라서 오히려너무 백지영님 목소리 티가 나서 다른 분을 하셨으면 어땠을까 생각합니다해적 노래 부르신 여자 성우분인지 가수분인지 진짜 잘 부르시더라고요. 좋았습니다.^^
사랑의 하츄핑: 고래보석의 전설,네티즌,10.0,정말 아름답고 감동적...♡♡♡
사랑의 하츄핑: 고래보석의 전설,네티즌,10.0,티니핑으로 키운 1학년 딸이랑 봤어요정말 감동감동 ㅜ 후기에 엄마들이 운다던데저는 오열하고 왔습니다같이 보는 딸도 너무 소중하고하늘에 계시는 엄마 생각도 너무 나서요정말 감동적인 스토리입니다!!! 추천추천드려요
사랑의 하츄핑: 고래보석의 전설,네티즌,10.0,오랜만에 애니메이션 봤는데 너무x2 재밌게 봤어요.
사랑의 하츄핑: 고래보석의 전설,네티즌,10.0,다 좋은데 싱글대디는 딸이랑 절대 보지마라둘 다 가슴 찢어진다
사랑의 하츄핑: 고래보석의 전설,네티즌,10.0,친구랑 갔는데 진짜 오열하면서 나왔음…
사랑의 하츄핑: 고래보석의 전설,네티즌,10.0,영상미 스토리 ost 최고를 찍습니다. 디즈니 겨울왕국 보다 더 재미있어요. 애들이랑 부모님이랑 가족들이랑 꼭 보세요. 두 번 보세요~^^
사랑의 하츄핑: 고래보석의 전설,네티즌,10.0,32살 먹고 혼자 하츄핑 보러 왔다가 후반에 엄마 찾는거 보고 펑펑 울었습니다... 애기들 옆에서 뭔가 쪽팔려서 안 우는척 그냥 흐르게 둠... (애기들은 씩씩하더라구욥...)
사랑의 하츄핑: 고래보석의 전설,네티즌,10.0,귀여워 진짜 귀여워 ㅋㅋㅋ
사랑의 하츄핑: 고래보석의 전설,네티즌,10.0,보는 내내 엄마가 보고싶었던 영화
사랑의 하츄핑: 고래보석의 전설,네티즌,10.0,5살 아이랑 보았는데 화면 영상과 음원이 너무 좋았어요~ 재밌게 보았습니다~
사랑의 하츄핑: 고래보석의 전설,네티즌,10.0,말이 필요없음 대박임 ㅜㅠ 눈물이 흐른다
사랑의 하츄핑: 고래보석의 전설,네티즌,10.0,사람이 없어서 펑펑 울기 좋았습니다.
사랑의 하츄핑: 고래보석의 전설,네티즌,10.0,12살 딸과 함께 관람했어요.둘이 재밌게 봤네요 추천~~
사랑의 하츄핑: 고래보석의 전설,네티즌,10.0,눈물펑펑 오열 딸이랑 둘이서 너무 감동이녜요
사랑의 하츄핑: 고래보석의 전설,네티즌,10.0,가벼운 마음으로 보러갔다가눈물을 어찌나 흘렸는지ㅠ전 총4번10살 딸 2번8살 딸은 1번 ... 울었어요
사랑의 하츄핑: 고래보석의 전설,네티즌,10.0,우리엄마보고싶어서 엉엉울었어요ㅠㅠ
사랑의 하츄핑: 고래보석의 전설,네티즌,10.0,4살 딸이랑 영화 처음 보는데 좋은 추억이 되었어요. 로미 응원도 많이하고 감정이입도 잘 하더라고요. 개봉일에 봤는데 아직도 영화 본거 이야기 하고 있어요. 행복한 시간이었습니다 감사합니다.
사랑의 하츄핑: 고래보석의 전설,네티즌,10.0,정말 최고 이정도 퀄리티면 세계무대에서도 무조건 성공입니다잘봤습니다
사랑의 하츄핑: 고래보석의 전설,네티즌,10.0,고딩인데 친구랑 재미삼아 보러갔다가 너무 재밌게 보고왔어요 존잼
사랑의 하츄핑: 고래보석의 전설,네티즌,9.0,하츄핑이 주인공이 아니고 엄마(만화속 여왕)이 주인공이네요.백지영 ost에 안우는 엄마 없을거에요~!!!
사랑의 하츄핑: 고래보석의 전설,네티즌,10.0,오랫만에 이런 애니매이션을 보다니 너무 감동이에요! 아이가 아닌 어른이 봐도 눈물나는 ㅠㅠ
사랑의 하츄핑: 고래보석의 전설,네티즌,10.0,아이들과의 킬링타임용으로 생각했는데 기대를 뛰어넘음. 영상과 ost가 특히 좋다
사랑의 하츄핑: 고래보석의 전설,네티즌,10.0,"남편, 9살 아들, 5살 딸과 함께 보고왔어요. 수도꼭지 고장나서 눈물을 네줄기로 좔좔 흘리고 왔네요. 감성적인 엄마들은 200% 울고 나올.. 아들래미도 눈물이 날 뻔 했대요 ㅋㅋ 딸래미는 제가 울고있으니 팔을 꼬옥 안아주고.. 남편은 왜 엄마가 울고있냐며.. 재미있게 보고왔습니다."
사랑의 하츄핑: 고래보석의 전설,네티즌,9.0,벨리타 여왕님의 은밀한 매력
사랑의 하츄핑: 고래보석의 전설,네티즌,10.0,아이와 너무 재밌게봤습니다. 후속편들도 전부 챙겨 보고싶네요
사랑의 하츄핑: 고래보석의 전설,네티즌,10.0,3년8개월 살면서 본 영화중에 가장 영상미가 좋았습니다.
사랑의 하츄핑: 고래보석의 전설,네티즌,10.0,아이 영화보러 같이 가서 내가 하츄핑보고 울지는 몰랐다.어른이봐도 감동적이네요.
사랑의 하츄핑: 고래보석의 전설,네티즌,10.0,엄마가 있는 사람이라면 누구나 감동할 만한 스토리고퀄 영상미랑 ost로 눈과 귀가 즐거워요
사랑의 하츄핑: 고래보석의 전설,네티즌,10.0,인간의 환경오염에 환멸을 느낀 바다 괴수에 대항하기 위해 초인 전사 티니핑들과 힘을 합친 로미와 카이트 그리고 깨알같은 활약을 펼치는 해적 3총사의 활약을 흡사 아바타 물의 길이 연상되는 바다을 배경으로 풀어내고 있다. 로미 엄마인 왕비의 희생을 그릴 때 배경으로 나오는 백지영 정지소 OST를 듣던 10살 큰 딸은 이야기에 몰입되어 눈물을 한바가지 흘렸다. 가족과 관람하면 참 좋을 것 같다. 참고로 아빠는 병풍 오브 병풍 이다. 같은 아빠로 슬프다
사랑의 하츄핑: 고래보석의 전설,네티즌,10.0,꼭보셈 진짜 어른이 봐도 재밌네요~
사랑의 하츄핑: 고래보석의 전설,네티즌,10.0,5살 여둥이랑 재밋게 보고왔어요~
사랑의 하츄핑: 고래보석의 전설,네티즌,10.0,어디 한 번 울려보시지 했는데 울어버렸다 뻔하지만 감동적이다
사랑의 하츄핑: 고래보석의 전설,네티즌,10.0,아이가 펑펑 울정도로 너무 감동적이라고 하네요ㅋㅋㅋ 어른이 봐도 재미있어요! 1보다 더 나은느낌
사랑의 하츄핑: 고래보석의 전설,네티즌,10.0,엄마 울어? ??? 하는 딸들과 영화 감동적으로 보고나왔네용 몰입감도 최고고 특히 OST 정말 다 좋았어요!
사랑의 하츄핑: 고래보석의 전설,네티즌,10.0,제가 울다가 나왔습니다ㅠ 아이들이좋아해요
사랑의 하츄핑: 고래보석의 전설,네티즌,10.0,전편에 이어 흡사 뮤지컬영화를 보는듯했어요.다른 아이들영화와 비교하면 영상과. Ost 모두 넘사벽!!
사랑의 하츄핑: 고래보석의 전설,네티즌,10.0,애들많이울고어른도울고ㅠㅠㅠ
사랑의 하츄핑: 고래보석의 전설,네티즌,10.0,오에스티들으러 온건데 꽤 괜찮았지만 내 인생 첫 하츄핑이자 마지막 하츄핑이 될듯.. 굿굿 눈을떠봐오에스티너무좋아요유하너무예뻐요대영이너무잘생걋어요
사랑의 하츄핑: 고래보석의 전설,네티즌,10.0,안 봤으면 후회할 뻔 했습니다. 영화 보는 내내 눈물이 멈추지 않았습니다.. 같이 보러 가자고 했던 친구에게 고맙네요. 끝나기 전에 한 번 더 보러 가야겠네요.
사랑의 하츄핑: 고래보석의 전설,네티즌,10.0,너무 감동적인 고래보석의 전설.. 감동적인 포인트 웃음 포인트가 딱 딱 나뉘어 아이들도 집중력 최상!! 감동과 재미를 한 번에 느끼며 재미있게 봤습니다~
사랑의 하츄핑: 고래보석의 전설,네티즌,10.0,"영화 꼭 보세요~아이 보여주려고 따라갔다가 감동의 여운이 가시질 않네요영상미, 스토리, ost 뭐 하나 빠지지 않고 최고에요"
사랑의 하츄핑: 고래보석의 전설,네티즌,10.0,재미있어요. 3탄도 기대되는 2탄! 아이들 잘봤어요. 영화관 엄마들 오열..
사랑의 하츄핑: 고래보석의 전설,네티즌,10.0,ㅜㅜ딸엄마 끄억거리며 오열해서 딸이 엄마괜찮냐고함...
사랑의 하츄핑: 고래보석의 전설,네티즌,10.0,"7세 아이가 펑펑 울었습니다. 배고프거나 아프거나 짜증날때 우는 것만 봤는데 감동과 슬픔의 감정으로 우는거는 처음 봤어요. 이것만으로도 가서 볼 가치가 충분합니다. 물론 저도 울고, 전체적으로 영상미와 음악이 훌륭했습니다."
사랑의 하츄핑: 고래보석의 전설,네티즌,10.0,스토리야 어린애들 타겟이니 어쩔 수 없고 색감이나 영상미가 너무 예쁘네요. 우리나라 애니메이션이 이정도까지 왔다는 게 놀랍습니다. 스크린이 좋은 영화관 골라서 보세요.
사랑의 하츄핑: 고래보석의 전설,네티즌,10.0,5세 여아랑봄 일단 아이가 끝까지 집중하고봄
사랑의 하츄핑: 고래보석의 전설,네티즌,10.0,아이들도 아이들이지만 성인이 보아도 정말 감동적인 영화네요 영화보는 내내 엄마생각이 많이 나서 남자인 저도 눈물을 흘리며 본 영화였습니다 어릴적 엄마에게 모질게 했던 날들을 반성하며 보게된 영화같아요 정말 너무 좋았습니다 시간내서 한번더 꼭 보러갈예정입니다
사랑의 하츄핑: 고래보석의 전설,네티즌,10.0,연출 스토리 영상미 ost 까지너무 완벽 감동해서 눈물까지조카랑 둘이서 주말 보람되게 잘보낼 수 있었습니다한국애니메이션 짱많은 분들이 가족과함께 꼭 관람하시길후회없는 105분 될겁니다
사랑의 하츄핑: 고래보석의 전설,네티즌,10.0,잘 만들었네요. 영상미도 좋고 ost도 좋았어요
사랑의 하츄핑: 고래보석의 전설,네티즌,10.0,마지막 부근 백지영 정지소님의 처음이라서..노래나올때 눈물샘 버튼 눌림..수도꼭지 개방되는줄ㅎㅎㅎ그리고 사랑의빛 ost 박혜원(HYNN)님이 불러준거 폭발적이였습니다~~!! 끝까지 눈 귀 호강했네요..
사랑의 하츄핑: 고래보석의 전설,네티즌,10.0,어느순간 애 엄마가 된 나..5살 딸 아이와 보러 갔는데 쌉T인 제가 애 낳고 F가 된건지..애는 멀뚱멀뚱 보는데 저만 제 모습과 오버랩이 되서 오열하고 나왔습니다...엄마 미안해ㅠㅠ
사랑의 하츄핑: 고래보석의 전설,네티즌,10.0,30대 남자입니다. 처음에는 역시 아이들보는 영화라 개연성도 부족하고 조금 유치하네~라고 생각했는데 어느 순간 제 뺨에서 흐르는 눈물을 발견했습니다. 민망해서 애들 다 나가고 제일 늦게 나왔습니다... 다음에 3편 나오면 또 보러올 것 같아요!
사랑의 하츄핑: 고래보석의 전설,네티즌,10.0,우리딸 사춘기가 오면 한번더 보여주고싶은 영화. 영화관에서 엄마들 다 흑흑..
사랑의 하츄핑: 고래보석의 전설,네티즌,10.0,"바다는 또 하나의 ‘엄마’였을까? <고래보석의 전설>을 보며, 이 영화가 ‘엄마와 아이의 관계’를 바다와 인간의 관계에 겹쳐놓은 이야기가 아닐까 생각했다. 고래보석의 선택을 받은 로미에게 위험이 닥칠 것을 아는 엄마는 딸이 마법을 익혀 운명에 맞설 힘을 갖추길 바란다. 반면 이를 모르는 로미는 지금 자신의 꿈을 좇고 싶어 한다. 딸의 미래를 걱정하는 엄마와 현재를 살아가고 싶은 딸의 충돌이다. 이를 넓혀보면 바다 : 인간 = 어머니 : 아이라는 대칭이 보인다. 인간은 자신을 잉태한 바다에서 번영했지만 끝없는 욕망으로 바다를 오염시켰다. 결국 병든 바다가 스스로에게 내린 저주가 래비어스다. 육지를 바다로, 인간을 물고기로 되돌리려는 것은 모든 것을 상처받기 이전으로 되돌리려는 극단적인 자기방어처럼 보인다. 래비어스가 바다의 절망이라면 케로네는 바다가 인간에게 남겨둔 희망이다. 래비어스는 로미를 제거하기 위해 엄마를 미끼로 삼고, 결국 엄마는 딸을 대신해 희생한다. 그러나 엄마의 사랑을 깨달은 로미가 선택한 것은 복수도 재봉인도 아닌 사랑이었다. 엄마 → 로미 → 래비어스 → 바다. 엄마에게 받은 사랑은 자신에게 가장 큰 상처를 준 존재를 거쳐 다시 바다로 돌아간다. 로미는 ‘사랑받는 아이’에서 ‘사랑할 줄 아는 존재’로 성장한다. 과거 전설 속의 결론이 '위협→대결→봉인'이었다면 로미가 내린 해답은 '상처→이해→사랑→치유'였다. 그래서 마지막에 치유된 것은 래비어스만이 아니었을 것이다. 래비어스를 탄생시킬 만큼 깊었던 바다의 절망 자체가 치유된 것이니까. 그렇게 생각하고 나니 이 이야기에는 두 명의 엄마가 있었다. 로미의 엄마, 그리고 인간의 엄마인 바다."
사랑의 하츄핑: 고래보석의 전설,네티즌,10.0,"너무재미있다.근데 도대체 아빠는 뭐하고 어디있는거지?왜안도와줘?? 엄마랑 딸은 고생하고 있는데,,,"
사랑의 하츄핑: 고래보석의 전설,네티즌,7.0,영상미와 노래는 좋은데 스토리전개는 좀 별로임. 애들이 보기 괜찮아요
사랑의 하츄핑: 고래보석의 전설,네티즌,10.0,처음에 댓글보고 울었다 길래 엥? 하면서 보러 갔는데 14살 먹은 저도 엄청 울었어요 나이가 있다고 해서 부끄러워 하지 마세요 엄청 재밌고 감동적인 영화에요
사랑의 하츄핑: 고래보석의 전설,네티즌,10.0,충분히 잘 만드었는데 엄마 일순위남친 이순위아빠 천순위 쯤?
사랑의 하츄핑: 고래보석의 전설,네티즌,10.0,"28살 여자입니다. 평소에 티니핑을 좋아해서 혼자 보러갔는데 아이들이 많더라고요. 귀여웠습니다. 로미가 너무 너무 예뻐서 계속 보게 되었구요, 감동적인 장면에서 OST가 흘러나오는데 진짜 자식이 없는 저도 엄마의 입장에 공감해서 펑펑 울었습니다. 주변의 아이들도 훌쩍훌쩍 울고 있었고요. 정말 끝까지 영상미도 좋고 스토리도 좋고 노래도 좋은 작품이었습니다. 다만 러닝타임이 길어서인지 주변의 아이들이 중후반부에 엄마 언제 끝나? 라고 묻기는 하더라고요. 저는 개인적으로 너무 만족했습니다. 꼭 가족영화로 추천하고 싶습니다."
사랑의 하츄핑: 고래보석의 전설,네티즌,10.0,정말 감동적이고 스토리는 재밌고 노래도 즐겁고 티니핑들 사랑스럽고 전부 다 좋았어요
사랑의 하츄핑: 고래보석의 전설,네티즌,10.0,음악도 너무 좋고 영상도 예쁘고 애기는 없지만ㅋㅋ 남편이랑 둘이손잡고 두번봤어요 ^^
사랑의 하츄핑: 고래보석의 전설,네티즌,10.0,"로미아빠는 딸래미, 마누라 안도와줘???"
사랑의 하츄핑: 고래보석의 전설,네티즌,10.0,7살딸 데리고 관람 그 동안 국내 애니영화는 뽀로로 시리즈만 보다가 하츄핑 보니 어른도 재밌게 볼수 있어 좋네요..특히 영상미가 장난 아닙니다.OST는 어른들 한테 맞춘거 같고요..잘봤습니다.
사랑의 하츄핑: 고래보석의 전설,네티즌,10.0,영상미도 OST도 좋아요. 어른들도 재밌게 즐길 수 있어요
사랑의 하츄핑: 고래보석의 전설,네티즌,10.0,"제작진이 엄마들 울라고 만든 어른만화에요^^ 하츄핑이 잠깐 나와줘요^^ 1편 영화관에서 두번 볼만큼 티니핑 좋아하는데요, 2편은 1편보다 어른을 위한 감성이 더 많이 들어간 것 같아요. 백지영 노래 나올 때 저랑 11살 우리딸 둘 다 진짜 ‘엉엉’ 울었어요ㅋㅋ 창피했어요 ㅎㅎ아이들도 당연히 좋아하구요, 로미도 어느덧 많이 컸네요^^ 좋은 시간이었습니다~!"
사랑의 하츄핑: 고래보석의 전설,네티즌,10.0,조카들이랑 보러갔다가 혼자 울고 나왔습니다
사랑의 하츄핑: 고래보석의 전설,네티즌,6.0,"전작을 생각해서 기대하고 봤는데, 기대가 너무 컸나 봅니다.. 스토리는 아이들용인 걸 감안하면 쏘쏘였는데, 성우와 OST 목소리의 이질감이 너무 심해요. 아이들도 느끼더라고요. 노래만 나오면 로미 목소리 텐션이 뚝뚝 떨어짐..ㅠ 그나마 나는 해적이 텐션이 높아요. 딸 최애 노래 등극. 갑분 알라딘 ㅎㅎ네임드 가수 한 명보다 전체적인 싱어 퀄리티를 높였으면 하는 아쉬움이 있었어요. 전 시즌 OST에서 로미 목소리 참 좋았는데 말이죠."
사랑의 하츄핑: 고래보석의 전설,네티즌,10.0,이 세상 가장 가까운 말.. 엄마..
사랑의 하츄핑: 고래보석의 전설,네티즌,9.0,눈을 떠봐 외에는 모든게 완벽뮤지컬 영화에샤 보여줄 수 있는 최고의 연출
사랑의 하츄핑: 고래보석의 전설,네티즌,10.0,무방비로 있다가엄마아빠들 클라이막스에서 눈물콧물 질질흘리면서 나옴
사랑의 하츄핑: 고래보석의 전설,네티즌,10.0,엄마 죽을때. 팝콘통에 눈물다 채우고 넘쳣네요3편 도 기대하겠습니다 그리고 영상 미 미침
사랑의 하츄핑: 고래보석의 전설,네티즌,10.0,동생과 함께 영화를 보러갔는데 스토리가 너무 감동스러워서 눈물났습니다.
사랑의 하츄핑: 고래보석의 전설,네티즌,10.0,로미랑 엄마랑 노래하는 씬에서 오열함영화 참 잘 만들었다!!!!
사랑의 하츄핑: 고래보석의 전설,네티즌,10.0,눈물 좔좔아기랑 보러 갈려다가 아버지가 울고 옵니다 ㅠㅠ역대 최고 한국 애니메이션
사랑의 하츄핑: 고래보석의 전설,네티즌,10.0,6살 딸이랑 보다가 울었어요 ><아이랑 꼭 같이 보세요!!
사랑의 하츄핑: 고래보석의 전설,네티즌,10.0,아이랑 보면서 처음에 졸다가 오열엔딩 사랑이 얼마나 큰 힘인지 다시 한 번 알게되었네요
사랑의 하츄핑: 고래보석의 전설,네티즌,10.0,시즌1은 5살딸이 무섭다고 보다가 나왔어요.시즌2는 반신반의로 봤는데..7살이 된 딸과 오열하면서 봤어요.ㅜㅜ스토리.그래픽.ost.모든게 완벽해서 애니매이션이 맞나싶었어요.국제 무대로 꼭 진출하길 빌어요.뮤지컬로도 꼭 만나고싶어요.
사랑의 하츄핑: 고래보석의 전설,네티즌,10.0,하츄핑 처음 본 사람입니다 왜 인기있는지 실감이 나네요 ㅠㅠ후기: (마법)공부 열심히 하자. 엄마 살아있을 때 지켜드리고 잘해드리자. 엄마의 힘과 사랑은 역시 대단하다
사랑의 하츄핑: 고래보석의 전설,네티즌,10.0,딸이랑 보면서 몰입감.감동 굿 가지울어씀 ㅜㅜ
사랑의 하츄핑: 고래보석의 전설,네티즌,10.0,"일단 그래픽이랑 OST 전보다 잘뽑혔고, 스토리가 더 재밌어짐 이거보고 펑펑 울었음 ㅠ.ㅠ"
사랑의 하츄핑: 고래보석의 전설,네티즌,10.0,엄마들 울리는 것이 목표인 것 같은 영화. 눈물바다... 성공적...
사랑의 하츄핑: 고래보석의 전설,네티즌,10.0,에이... 그부분에 백지영님이 노래 부르기 있어요? 이거 울리려고 작정했네 ㅠㅠㅠ
사랑의 하츄핑: 고래보석의 전설,네티즌,10.0,가족이 함께 보기 좋았습니다
사랑의 하츄핑: 고래보석의 전설,네티즌,10.0,"왕사남보고도 눈물 한 방울 안 흘릴 정도로 무감정이란 소리 많이 듣고, 감상평 자체도 처음 써봐요.6살 딸이랑 작 년 티니핑 영화처럼 가벼운 마음으로 보러 갔는데, 눈물이 주루룩 ㅠㅠ 딸이랑 엄마들은 많이 울 것 같아요 영화관에 엄마들은 다 우셨더라구여ㅜㅜ진짜 부모와 자식사이에 그런 촉촉한 감정을 너무 잘 살렸어요 ost가 한 몫 한 듯"
사랑의 하츄핑: 고래보석의 전설,네티즌,10.0,굉장한 영화였어요 어른들이 봐도될만한 스토리에 영상 노래 너무 아름답고 먹먹한 영화 였습니다
사랑의 하츄핑: 고래보석의 전설,네티즌,10.0,영상미 ㄷㄷ..너무 재밌게 봤어요
사랑의 하츄핑: 고래보석의 전설,네티즌,10.0,5살 남자아이와 봤습니다스토리 모르고갔는데..엄마인 저만 울었...참으려고 했는데 옆에 엄마랑 딸이 오열해서 같이 울었습니다.
사랑의 하츄핑: 고래보석의 전설,네티즌,10.0,초등생 동생을 핑계로 가서 동생보다 더 울고 나온 십대 후반 학생입니다.. 지인들 끌고 가서 N회차 달리려고요 나만 울 순 없다.
사랑의 하츄핑: 고래보석의 전설,네티즌,10.0,1편보다 훨씬 재미있어요.휴지준비필수!
사랑의 하츄핑: 고래보석의 전설,네티즌,10.0,"성인이지만 마지막에 눈물이 안날수가 없었어요 ~~~ 아직도 찡하네요 ㅠㅠ영상도 너무 예쁘고, 거의 한국판 디즈니 수준으로 잘 만들었더라구요.노래도 너무 좋아서 감동이었어요."
사랑의 하츄핑: 고래보석의 전설,네티즌,10.0,개연성은 좀 떨어지지만 엄마와 딸 서사와 감동스토리.백지영은 눈물 치트키
사랑의 하츄핑: 고래보석의 전설,네티즌,10.0,딸과 함께 너무나 좋은 시간을 보냈어요. 집에 돌아오면서 ost 계속 듣고 많은 이야기를 할 수 있는 영화 입니다. 꼭 추천 합니다.
사랑의 하츄핑: 고래보석의 전설,네티즌,10.0,30대 후반 미혼여성인데 우연히 하츄핑 뜬거보고 친구랑 가서 영화봤다가 둘이서 엄청 울다 나왔어요 ㅋㅋ너무나 예쁘고 감동적인 애니메이션이고 디즈니 만큼 퀄리티나 음악 모든게 너무 좋았네요.. 저 어제부터 하츄핑 팬됐어요! ㅎㅎ
사랑의 하츄핑: 고래보석의 전설,네티즌,10.0,한국판 디즈니네요 ㄷㄷ 이정도 퀄리티라니...애들데리고 보러왔다가 울고갑니다...
사랑의 하츄핑: 고래보석의 전설,네티즌,10.0,하 간만에 눈물이줄줄ㅋ ㅋ ㅋ ㅠㅜㅜ애랑안고 울었어요 최고였음!
사랑의 하츄핑: 고래보석의 전설,네티즌,10.0,함께 보러갈 딸들이있어서 행복했어요아이들 보여주러가서 엄마들 울고나오는 이번 영화에요 스토리영상노래 전부다 정말 멋져요 감동받고 돌아왔습니다
사랑의 하츄핑: 고래보석의 전설,네티즌,10.0,매우조~~오타~~영사미가 최고다
사랑의 하츄핑: 고래보석의 전설,네티즌,10.0,애나 어른이나 같이 함께보기 좋은 영화에요!!개인적으로 티니핑시리즈 역대급 작품인거 같네요.
사랑의 하츄핑: 고래보석의 전설,네티즌,10.0,"엄마 없이 못사는 분리불안 있는 딸과는 보지 마세요.,,,후회하실겁니다"
사랑의 하츄핑: 고래보석의 전설,네티즌,10.0,꼭 한번은 봐야한다고 생각합니다.
사랑의 하츄핑: 고래보석의 전설,네티즌,10.0,너무 재밌게 봤는데ㅎㅎ 로미엄마랑 로미가 고생하는동안 로미아빤 뭐하셨는지ㅋㅋㅋ
사랑의 하츄핑: 고래보석의 전설,네티즌,10.0,"입대 전 최고의 선택, 사나이들 데리고 또 보러간다."
사랑의 하츄핑: 고래보석의 전설,네티즌,10.0,그냥 광광...별다를거 없이 그냥 평소처럼 애기 데리고 갔다가나에게도 감수성이 아직 살아 숨쉬는구나...딸아 사랑한다ㅜㅜ
사랑의 하츄핑: 고래보석의 전설,네티즌,10.0,연출이랑 ost 고트임 걍 보셈 눈 호강 쩔더라. 아름다워…티니핑 팬으로써 완전 만족함ㅎㅎㅎ 안 보면 손해
사랑의 하츄핑: 고래보석의 전설,네티즌,10.0,6살 딸이랑 아무 기대 없이 보러간 나...계속 울어서 눈화장이 다 지워졌어요 ㅋㅋ엄마와 로미의 사랑...아기 낳고 육아한 엄마라면 눈물버튼이겠죠??스토리 영상미 웃음 감동 재미 OST 모든 게 갓벽하네요.. 애들 말처럼 또 보러가야겠어요
사랑의 하츄핑: 고래보석의 전설,네티즌,10.0,5살 4살 딸아이를 둔 아빠입니다.눈물 참느랴 너무 힘들었습니다.. 백지영 정지소 노래나올땐 정말..후.. 감동했습니다!
사랑의 하츄핑: 고래보석의 전설,네티즌,10.0,아이들은 1편보다 재밌다 하고 저는 웃다가 울다가ㅎㅎ 영상 너무 아름답고 ost가 감동을 더해주네요
사랑의 하츄핑: 고래보석의 전설,네티즌,10.0,아이들 보여주러 왔다가 눈물 흘리고 왔어요 퀄러티 상당하네요 엄지척
사랑의 하츄핑: 고래보석의 전설,네티즌,10.0,아이와 함께 봤는데 감동도 있고 영상미도 있음. 잘보고왓어요.
사랑의 하츄핑: 고래보석의 전설,네티즌,10.0,1편보다 재미있었어요! 영상도 아름다웠구요 여름인데 파도 철썩철썩하니 너무 시원한 느낌이었습니다. 백지영 정지소 ost 나오는데 극장 전체가 눈물바다였어요. 아이들도 백지영님 목소리 애절한거 아나봐요
사랑의 하츄핑: 고래보석의 전설,네티즌,10.0,6살 아이랑 같이 울면서 봤어요. 기대이상으로 감동적이었던 영화였어요. 참 따뜻한 영화. 그리고 바다 배경으로 마음까지 시원해지는 영화! Ost도 너무 좋았네요.
사랑의 하츄핑: 고래보석의 전설,네티즌,10.0,"이영화는 로미의 두번째탐험이 담긴 스토리,영상 스타일 모든것이 완벽한 영화다"
사랑의 하츄핑: 고래보석의 전설,네티즌,10.0,여름왕국의 시작 이 무더위를 날려줄 영화!! 엄마와 딸위 사랑 한 편의 뮤지컬 영화입니다 강추츄!!
사랑의 하츄핑: 고래보석의 전설,네티즌,10.0,정말 오랜만에 감동을 주는 가족영화에요자녀와 함께 꼭 보시길 추천드립니다.
사랑의 하츄핑: 고래보석의 전설,네티즌,10.0,최고의 영화 입니다 한국에서 이정도 퀄이 나오다니
사랑의 하츄핑: 고래보석의 전설,네티즌,10.0,대문자T 남편을 울린 영화
경주기행,네티즌,10.0,
